Ticket ID,Student ID,Student Name,Student Email,Category,Priority,Status,Channel,Agent Name,Created At,First Response At,Resolved At,First Response Hours,Resolution Hours,SLA Breached,Satisfaction Score,Sentiment,Description
1,SFS2024001,Henry Walker,student1@sfsacademy.edu,Payment & Billing,High,Closed,Email,Agent John,2024-11-23 09:01:00,2024-11-23 14:53:24,2024-11-23 16:22:00,5.87,7.35,No,3,Neutral,Student needs help with payment & billing issue.
2,SFS2024002,Zoe Thomas,student2@sfsacademy.edu,Account & Login,Low,Closed,Chat,Agent Mike,2024-11-04 08:35:00,2024-11-05 18:43:49,2024-11-09 00:37:34,34.15,112.04,Yes,1,Negative,Student needs help with account & login issue.
3,SFS2024003,Iris Johnson,student3@sfsacademy.edu,Exam & Assessment,Low,Closed,Email,Agent John,2024-12-23 14:21:00,2024-12-24 12:32:37,2024-12-25 23:38:48,22.19,57.3,Yes,2,Negative,Student needs help with exam & assessment issue.
4,SFS2024004,Bob White,student4@sfsacademy.edu,Course Access,Low,In Progress,Phone,Agent Lisa,2025-01-08 15:34:00,2025-01-10 01:02:00,,33.47,,No,,Neutral,Student needs help with course access issue.
5,SFS2024005,Frank Martinez,student5@sfsacademy.edu,Account & Login,High,Pending Student Response,Chat,Agent Lisa,2025-01-30 12:05:00,2025-01-30 18:22:05,,6.28,,No,,Negative,Student needs help with account & login issue.
6,SFS2024006,Iris Hall,student6@sfsacademy.edu,Course Access,Low,In Progress,Portal,Agent Priya,2024-06-30 11:42:00,2024-06-30 21:31:49,,9.83,,No,,Negative,Student needs help with course access issue.
7,SFS2024007,Grace Allen,student7@sfsacademy.edu,Enrollment,High,Pending Student Response,Phone,Agent Sara,2024-04-22 18:20:00,2024-04-22 22:29:02,,4.15,,No,,Neutral,Student needs help with enrollment issue.
8,SFS2024008,Xander Allen,student8@sfsacademy.edu,General Inquiry,Medium,Closed,Phone,Agent Priya,2025-01-02 13:13:00,2025-01-02 17:40:05,2025-01-04 05:40:57,4.45,40.47,Yes,2,Negative,Student needs help with general inquiry issue.
9,SFS2024009,Eve Thomas,student9@sfsacademy.edu,Payment & Billing,Medium,In Progress,Email,Agent Ravi,2024-08-07 17:25:00,2024-08-08 15:18:19,,21.89,,No,,Neutral,Student needs help with payment & billing issue.
10,SFS2024010,Yara Harris,student10@sfsacademy.edu,General Inquiry,Medium,Closed,Email,Agent Lisa,2025-02-09 18:27:00,2025-02-10 14:12:07,2025-02-10 20:35:09,19.75,26.14,Yes,3,Neutral,Student needs help with general inquiry issue.
11,SFS2024011,David Martin,student11@sfsacademy.edu,General Inquiry,Low,Closed,Phone,Agent Sara,2025-01-28 18:21:00,2025-01-31 02:20:41,2025-02-03 03:43:52,55.99,129.38,Yes,2,Negative,Student needs help with general inquiry issue.
12,SFS2024012,Aiden Martin,student12@sfsacademy.edu,Payment & Billing,Low,Closed,Phone,Agent Sara,2024-11-23 16:38:00,2024-11-24 21:01:57,2024-11-25 08:39:36,28.4,40.03,No,4,Positive,Student needs help with payment & billing issue.
13,SFS2024013,Eve Lee,student13@sfsacademy.edu,Course Access,High,In Progress,Email,Agent Ravi,2024-05-02 08:15:00,2024-05-02 17:38:58,,9.4,,No,,Neutral,Student needs help with course access issue.
14,SFS2024014,Carlos Walker,student14@sfsacademy.edu,Enrollment,Medium,Closed,Phone,Agent Mike,2024-10-08 10:16:00,2024-10-08 22:03:29,2024-10-10 06:37:38,11.79,44.36,Yes,2,Negative,Student needs help with enrollment issue.
15,SFS2024015,Carlos Johnson,student15@sfsacademy.edu,Enrollment,Low,Closed,Email,Agent Mike,2024-08-19 09:15:00,2024-08-19 13:48:13,2024-08-22 02:45:30,4.55,65.51,Yes,1,Negative,Student needs help with enrollment issue.
16,SFS2024016,David Taylor,student16@sfsacademy.edu,Enrollment,Low,Closed,Chat,Agent Priya,2024-06-18 09:32:00,2024-06-18 23:54:30,2024-06-20 21:50:27,14.38,60.31,Yes,2,Negative,Student needs help with enrollment issue.
17,SFS2024017,Henry Jackson,student17@sfsacademy.edu,Technical Issue,Medium,Closed,Email,Agent John,2024-12-03 14:22:00,2024-12-04 02:15:39,2024-12-04 19:12:29,11.89,28.84,Yes,3,Neutral,Student needs help with technical issue issue.
18,SFS2024018,Bob Hall,student18@sfsacademy.edu,General Inquiry,Low,Open,Email,Agent Mike,2024-04-07 16:28:00,2024-04-08 18:16:09,,25.8,,No,,Neutral,Student needs help with general inquiry issue.
19,SFS2024019,Mia Smith,student19@sfsacademy.edu,Account & Login,High,Closed,Chat,Agent Ravi,2024-01-08 09:59:00,2024-01-08 12:25:42,2024-01-08 19:26:38,2.45,9.46,Yes,1,Negative,Student needs help with account & login issue.
20,SFS2024020,Xander Hall,student20@sfsacademy.edu,Account & Login,High,Closed,Portal,Agent Ravi,2024-07-18 12:59:00,2024-07-18 15:12:41,2024-07-18 19:28:36,2.23,6.49,No,3,Neutral,Student needs help with account & login issue.
21,SFS2024021,Bella White,student21@sfsacademy.edu,Payment & Billing,Low,Closed,Email,Agent Sara,2024-02-01 13:03:00,2024-02-03 14:09:41,2024-02-03 21:40:16,49.11,56.62,Yes,1,Negative,Student needs help with payment & billing issue.
22,SFS2024022,Iris Jackson,student22@sfsacademy.edu,Technical Issue,Medium,Closed,Chat,Agent John,2024-07-25 09:56:00,2024-07-26 05:02:13,2024-07-27 08:36:09,19.1,46.67,Yes,2,Negative,Student needs help with technical issue issue.
23,SFS2024023,Alice Lewis,student23@sfsacademy.edu,Library Access,Low,Open,Phone,Agent Ravi,2024-12-08 13:15:00,2024-12-10 18:47:49,,53.55,,No,,Neutral,Student needs help with library access issue.
24,SFS2024024,Frank Lewis,student24@sfsacademy.edu,Library Access,Low,Closed,Phone,Agent Priya,2024-11-14 17:06:00,2024-11-16 19:53:50,2024-11-20 08:25:40,50.8,135.33,Yes,2,Negative,Student needs help with library access issue.
25,SFS2024025,Iris Taylor,student25@sfsacademy.edu,Technical Issue,Critical,Pending Student Response,Email,Agent Lisa,2024-10-05 12:39:00,2024-10-05 14:56:02,,2.28,,No,,Neutral,Student needs help with technical issue issue.
26,SFS2024026,Bob Brown,student26@sfsacademy.edu,Exam & Assessment,Low,Closed,Phone,Agent Mike,2024-02-24 16:09:00,2024-02-25 21:30:31,2024-02-26 22:21:55,29.36,54.22,Yes,3,Neutral,Student needs help with exam & assessment issue.
27,SFS2024027,Rose Smith,student27@sfsacademy.edu,Payment & Billing,Low,Open,Portal,Agent Lisa,2024-11-20 14:53:00,2024-11-22 09:42:27,,42.82,,No,,Negative,Student needs help with payment & billing issue.
28,SFS2024028,Jack Martinez,student28@sfsacademy.edu,Technical Issue,Medium,Open,Portal,Agent Tom,2024-02-27 09:56:00,2024-02-27 22:35:46,,12.66,,No,,Neutral,Student needs help with technical issue issue.
29,SFS2024029,Henry Thomas,student29@sfsacademy.edu,Course Access,Medium,Closed,Chat,Agent Tom,2025-02-11 08:57:00,2025-02-12 13:00:34,2025-02-14 01:14:06,28.06,64.29,Yes,3,Neutral,Student needs help with course access issue.
30,SFS2024030,Mia Johnson,student30@sfsacademy.edu,Exam & Assessment,Medium,Open,Portal,Agent Nadia,2025-02-13 10:56:00,2025-02-13 18:59:02,,8.05,,No,,Neutral,Student needs help with exam & assessment issue.
31,SFS2024031,Bella Brown,student31@sfsacademy.edu,Library Access,High,Closed,Portal,Agent Mike,2024-08-28 11:12:00,2024-08-28 11:54:55,2024-08-28 15:48:44,0.72,4.61,No,4,Positive,Student needs help with library access issue.
32,SFS2024032,Iris Johnson,student32@sfsacademy.edu,Exam & Assessment,Medium,Closed,Email,Agent Sara,2025-01-30 12:22:00,2025-01-31 13:41:12,2025-02-01 02:57:50,25.32,38.6,Yes,2,Negative,Student needs help with exam & assessment issue.
33,SFS2024033,Iris Johnson,student33@sfsacademy.edu,Account & Login,Medium,Pending Student Response,Chat,Agent John,2024-02-25 17:27:00,2024-02-26 19:24:21,,25.96,,No,,Neutral,Student needs help with account & login issue.
34,SFS2024034,Tina Garcia,student34@sfsacademy.edu,Enrollment,Medium,Pending Student Response,Chat,Agent Tom,2024-12-28 14:00:00,2024-12-28 16:28:48,,2.48,,No,,Negative,Student needs help with enrollment issue.
35,SFS2024035,Victor Robinson,student35@sfsacademy.edu,Account & Login,Critical,Closed,Chat,Agent Tom,2024-12-05 09:46:00,2024-12-05 11:35:28,2024-12-05 14:15:16,1.82,4.49,Yes,1,Negative,Student needs help with account & login issue.
36,SFS2024036,Karen Lewis,student36@sfsacademy.edu,Technical Issue,Medium,Closed,Phone,Agent Lisa,2024-12-12 10:39:00,2024-12-12 17:05:53,2024-12-14 07:01:43,6.45,44.38,Yes,2,Negative,Student needs help with technical issue issue.
37,SFS2024037,Aiden White,student37@sfsacademy.edu,Payment & Billing,Low,Closed,Phone,Agent John,2024-08-14 15:43:00,2024-08-15 21:38:56,2024-08-18 10:46:42,29.93,91.06,Yes,2,Negative,Student needs help with payment & billing issue.
38,SFS2024038,Olivia Clark,student38@sfsacademy.edu,Technical Issue,High,Open,Chat,Agent Mike,2024-12-10 12:14:00,2024-12-10 18:17:45,,6.06,,No,,Neutral,Student needs help with technical issue issue.
39,SFS2024039,Yara Taylor,student39@sfsacademy.edu,Account & Login,High,Closed,Portal,Agent Mike,2024-11-18 17:12:00,2024-11-18 23:40:12,2024-11-19 00:45:11,6.47,7.55,No,5,Positive,Student needs help with account & login issue.
40,SFS2024040,Olivia Anderson,student40@sfsacademy.edu,General Inquiry,Low,In Progress,Portal,Agent Sara,2025-02-02 14:14:00,2025-02-04 19:07:15,,52.89,,No,,Neutral,Student needs help with general inquiry issue.
41,SFS2024041,Xander Lee,student41@sfsacademy.edu,Exam & Assessment,Medium,Closed,Chat,Agent Ravi,2025-02-14 15:42:00,2025-02-15 15:42:18,2025-02-16 18:27:18,24.01,50.76,Yes,3,Neutral,Student needs help with exam & assessment issue.
42,SFS2024042,Karen Garcia,student42@sfsacademy.edu,General Inquiry,Low,Closed,Phone,Agent Mike,2024-08-18 12:48:00,2024-08-19 14:25:00,2024-08-22 11:12:12,25.62,94.4,Yes,1,Negative,Student needs help with general inquiry issue.
43,SFS2024043,Bob Jackson,student43@sfsacademy.edu,Payment & Billing,Low,Closed,Email,Agent Mike,2024-10-03 09:08:00,2024-10-04 09:19:20,2024-10-05 17:45:21,24.19,56.62,Yes,2,Negative,Student needs help with payment & billing issue.
44,SFS2024044,Jack Robinson,student44@sfsacademy.edu,Technical Issue,High,In Progress,Chat,Agent Nadia,2024-08-03 14:57:00,2024-08-03 15:30:13,,0.55,,No,,Negative,Student needs help with technical issue issue.
45,SFS2024045,Alice Robinson,student45@sfsacademy.edu,Enrollment,High,Pending Student Response,Portal,Agent Ravi,2024-08-02 16:47:00,2024-08-02 19:46:01,,2.98,,No,,Negative,Student needs help with enrollment issue.
46,SFS2024046,Carol Clark,student46@sfsacademy.edu,General Inquiry,High,Pending Student Response,Email,Agent Priya,2024-06-21 18:43:00,2024-06-22 03:28:10,,8.75,,No,,Neutral,Student needs help with general inquiry issue.
47,SFS2024047,Aiden Clark,student47@sfsacademy.edu,Enrollment,Low,Closed,Phone,Agent Ravi,2024-03-10 15:11:00,2024-03-11 10:57:16,2024-03-14 23:31:13,19.77,104.34,Yes,1,Negative,Student needs help with enrollment issue.
48,SFS2024048,Henry Jackson,student48@sfsacademy.edu,Exam & Assessment,Low,Closed,Email,Agent Mike,2024-05-09 09:30:00,2024-05-11 06:36:30,2024-05-13 21:31:30,45.11,108.03,Yes,3,Neutral,Student needs help with exam & assessment issue.
49,SFS2024049,Tina Taylor,student49@sfsacademy.edu,Course Access,Low,Closed,Chat,Agent Mike,2024-01-11 17:09:00,2024-01-13 09:35:22,2024-01-16 11:26:41,40.44,114.29,Yes,1,Negative,Student needs help with course access issue.
50,SFS2024050,Carol Allen,student50@sfsacademy.edu,Library Access,Low,Open,Chat,Agent Nadia,2025-02-02 10:19:00,2025-02-04 16:34:28,,54.26,,No,,Neutral,Student needs help with library access issue.
51,SFS2024051,Carol Walker,student51@sfsacademy.edu,Course Access,Low,Pending Student Response,Phone,Agent Sara,2024-12-19 18:15:00,2024-12-21 01:10:11,,30.92,,No,,Negative,Student needs help with course access issue.
52,SFS2024052,Wendy Anderson,student52@sfsacademy.edu,Course Access,High,Pending Student Response,Phone,Agent Nadia,2024-11-27 13:00:00,2024-11-27 19:17:01,,6.28,,No,,Negative,Student needs help with course access issue.
53,SFS2024053,Henry Brown,student53@sfsacademy.edu,General Inquiry,Medium,Closed,Chat,Agent Ravi,2024-08-10 10:46:00,2024-08-11 10:38:05,2024-08-12 15:28:52,23.87,52.71,Yes,2,Negative,Student needs help with general inquiry issue.
54,SFS2024054,Leo Harris,student54@sfsacademy.edu,Account & Login,High,Closed,Email,Agent Tom,2024-05-22 15:15:00,2024-05-22 20:14:53,2024-05-23 02:07:24,5.0,10.87,Yes,2,Negative,Student needs help with account & login issue.
55,SFS2024055,Paul Hall,student55@sfsacademy.edu,Technical Issue,Medium,Pending Student Response,Email,Agent Mike,2024-06-23 12:56:00,2024-06-23 20:15:49,,7.33,,No,,Negative,Student needs help with technical issue issue.
56,SFS2024056,Wendy White,student56@sfsacademy.edu,General Inquiry,Medium,Pending Student Response,Email,Agent Sara,2025-01-23 11:44:00,2025-01-23 20:33:36,,8.83,,No,,Negative,Student needs help with general inquiry issue.
57,SFS2024057,Henry Taylor,student57@sfsacademy.edu,Exam & Assessment,Medium,Closed,Phone,Agent Nadia,2024-06-05 18:37:00,2024-06-06 05:04:22,2024-06-07 03:23:56,10.46,32.78,Yes,2,Negative,Student needs help with exam & assessment issue.
58,SFS2024058,Yara Walker,student58@sfsacademy.edu,Payment & Billing,Low,Closed,Portal,Agent Mike,2025-01-04 11:20:00,2025-01-06 06:00:27,2025-01-07 09:16:30,42.67,69.94,Yes,2,Negative,Student needs help with payment & billing issue.
59,SFS2024059,Bob Hall,student59@sfsacademy.edu,Exam & Assessment,High,Closed,Phone,Agent Priya,2024-11-01 12:06:00,2024-11-01 12:43:43,2024-11-01 21:44:26,0.63,9.64,Yes,1,Negative,Student needs help with exam & assessment issue.
60,SFS2024060,Iris Lee,student60@sfsacademy.edu,Technical Issue,High,Closed,Chat,Agent Lisa,2024-05-29 10:40:00,2024-05-29 15:31:22,2024-05-29 21:38:00,4.86,10.97,Yes,3,Neutral,Student needs help with technical issue issue.
61,SFS2024061,Henry Taylor,student61@sfsacademy.edu,Technical Issue,Medium,Closed,Portal,Agent Priya,2024-02-28 09:25:00,2024-02-29 08:52:19,2024-03-02 06:28:51,23.46,69.06,Yes,1,Negative,Student needs help with technical issue issue.
62,SFS2024062,Sam Young,student62@sfsacademy.edu,Account & Login,Medium,Closed,Chat,Agent Ravi,2024-10-12 14:38:00,2024-10-12 23:32:54,2024-10-14 04:12:32,8.92,37.58,Yes,2,Negative,Student needs help with account & login issue.
63,SFS2024063,Rose Brown,student63@sfsacademy.edu,Enrollment,Low,Pending Student Response,Email,Agent Lisa,2024-01-31 17:47:00,2024-02-01 03:15:04,,9.47,,No,,Neutral,Student needs help with enrollment issue.
64,SFS2024064,Carol White,student64@sfsacademy.edu,Library Access,Medium,Closed,Portal,Agent Sara,2024-03-21 08:26:00,2024-03-21 17:05:12,2024-03-22 07:22:28,8.65,22.94,No,5,Positive,Student needs help with library access issue.
65,SFS2024065,Aiden Anderson,student65@sfsacademy.edu,Account & Login,Medium,In Progress,Portal,Agent John,2024-05-15 18:37:00,2024-05-16 13:26:41,,18.83,,No,,Negative,Student needs help with account & login issue.
66,SFS2024066,Iris Walker,student66@sfsacademy.edu,Library Access,High,Closed,Email,Agent Ravi,2024-02-06 08:10:00,2024-02-06 12:55:54,2024-02-06 18:29:35,4.77,10.33,Yes,2,Negative,Student needs help with library access issue.
67,SFS2024067,Victor Allen,student67@sfsacademy.edu,Account & Login,Low,Open,Phone,Agent Tom,2024-10-03 15:28:00,2024-10-03 17:26:36,,1.98,,No,,Neutral,Student needs help with account & login issue.
68,SFS2024068,Sam Clark,student68@sfsacademy.edu,Technical Issue,Medium,Closed,Chat,Agent Priya,2024-10-27 08:48:00,2024-10-27 23:59:12,2024-10-28 21:46:17,15.19,36.97,Yes,1,Negative,Student needs help with technical issue issue.
69,SFS2024069,Mia Hall,student69@sfsacademy.edu,Exam & Assessment,Medium,Closed,Portal,Agent John,2024-11-21 15:05:00,2024-11-22 00:55:00,2024-11-23 10:31:09,9.83,43.44,Yes,1,Negative,Student needs help with exam & assessment issue.
70,SFS2024070,Yara Lee,student70@sfsacademy.edu,Account & Login,Medium,Closed,Chat,Agent Sara,2024-01-19 15:05:00,2024-01-20 03:16:41,2024-01-20 13:05:40,12.19,22.01,No,4,Positive,Student needs help with account & login issue.
71,SFS2024071,Uma Young,student71@sfsacademy.edu,Payment & Billing,Low,Closed,Chat,Agent Lisa,2024-11-16 15:48:00,2024-11-18 18:35:46,2024-11-20 17:38:38,50.8,97.84,Yes,1,Negative,Student needs help with payment & billing issue.
72,SFS2024072,David Anderson,student72@sfsacademy.edu,Account & Login,Low,Closed,Portal,Agent John,2025-02-13 11:45:00,2025-02-15 20:54:28,2025-02-19 12:38:10,57.16,144.89,Yes,2,Negative,Student needs help with account & login issue.
73,SFS2024073,Tina Walker,student73@sfsacademy.edu,General Inquiry,High,Closed,Portal,Agent Ravi,2024-09-12 12:32:00,2024-09-12 17:11:24,2024-09-12 20:21:34,4.66,7.83,No,3,Neutral,Student needs help with general inquiry issue.
74,SFS2024074,Xander Martin,student74@sfsacademy.edu,Account & Login,Low,Pending Student Response,Phone,Agent Tom,2025-01-17 10:55:00,2025-01-19 10:16:12,,47.35,,No,,Negative,Student needs help with account & login issue.
75,SFS2024075,Olivia Garcia,student75@sfsacademy.edu,General Inquiry,Medium,Open,Phone,Agent Tom,2024-10-27 17:42:00,2024-10-28 09:49:09,,16.12,,No,,Negative,Student needs help with general inquiry issue.
76,SFS2024076,Mia Anderson,student76@sfsacademy.edu,Account & Login,Medium,Pending Student Response,Phone,Agent Sara,2024-04-06 11:36:00,2024-04-07 09:10:30,,21.58,,No,,Negative,Student needs help with account & login issue.
77,SFS2024077,Noah Anderson,student77@sfsacademy.edu,Course Access,Medium,Closed,Email,Agent Ravi,2024-09-10 08:08:00,2024-09-10 23:31:03,2024-09-11 21:59:36,15.38,37.86,Yes,3,Neutral,Student needs help with course access issue.
78,SFS2024078,Karen Lee,student78@sfsacademy.edu,Account & Login,Critical,Closed,Phone,Agent John,2024-02-08 15:50:00,2024-02-08 17:57:10,2024-02-08 21:31:50,2.12,5.7,Yes,2,Negative,Student needs help with account & login issue.
79,SFS2024079,Bella Taylor,student79@sfsacademy.edu,Library Access,Low,Closed,Email,Agent Mike,2024-10-04 08:39:00,2024-10-05 09:55:47,2024-10-05 20:16:54,25.28,35.63,No,5,Positive,Student needs help with library access issue.
80,SFS2024080,Eve White,student80@sfsacademy.edu,Exam & Assessment,Low,Open,Phone,Agent Sara,2024-08-15 10:44:00,2024-08-16 07:42:05,,20.97,,No,,Negative,Student needs help with exam & assessment issue.
81,SFS2024081,Paul Allen,student81@sfsacademy.edu,Payment & Billing,Medium,Open,Chat,Agent John,2024-09-28 14:36:00,2024-09-29 08:38:16,,18.04,,No,,Neutral,Student needs help with payment & billing issue.
82,SFS2024082,Leo Allen,student82@sfsacademy.edu,Technical Issue,Medium,Closed,Phone,Agent Ravi,2024-03-14 11:29:00,2024-03-15 07:09:34,2024-03-15 15:35:04,19.68,28.1,Yes,2,Negative,Student needs help with technical issue issue.
83,SFS2024083,Leo Allen,student83@sfsacademy.edu,Library Access,Medium,Closed,Chat,Agent Mike,2024-06-02 18:27:00,2024-06-03 19:05:57,2024-06-04 01:06:43,24.65,30.66,Yes,2,Negative,Student needs help with library access issue.
84,SFS2024084,Carlos Martin,student84@sfsacademy.edu,Library Access,Critical,Closed,Email,Agent Sara,2024-05-31 12:01:00,2024-05-31 14:14:48,2024-05-31 17:28:56,2.23,5.47,Yes,3,Neutral,Student needs help with library access issue.
85,SFS2024085,Jack Lewis,student85@sfsacademy.edu,Enrollment,High,Closed,Portal,Agent Lisa,2025-02-01 11:38:00,2025-02-01 17:51:01,2025-02-02 08:24:05,6.22,20.77,Yes,2,Negative,Student needs help with enrollment issue.
86,SFS2024086,Zoe Hall,student86@sfsacademy.edu,Library Access,High,Open,Chat,Agent Tom,2024-01-18 17:23:00,2024-01-18 19:28:53,,2.1,,No,,Neutral,Student needs help with library access issue.
87,SFS2024087,Zoe Taylor,student87@sfsacademy.edu,Library Access,Critical,Pending Student Response,Phone,Agent Ravi,2024-07-06 16:32:00,2024-07-06 18:27:06,,1.92,,No,,Negative,Student needs help with library access issue.
88,SFS2024088,Olivia Martinez,student88@sfsacademy.edu,Account & Login,High,Closed,Email,Agent Tom,2024-08-27 09:09:00,2024-08-27 16:50:42,2024-08-27 18:03:14,7.7,8.9,Yes,2,Negative,Student needs help with account & login issue.
89,SFS2024089,Diana Young,student89@sfsacademy.edu,Exam & Assessment,Medium,Pending Student Response,Portal,Agent John,2024-12-10 18:16:00,2024-12-11 08:06:34,,13.84,,No,,Negative,Student needs help with exam & assessment issue.
90,SFS2024090,Paul Taylor,student90@sfsacademy.edu,Library Access,Medium,Closed,Email,Agent Nadia,2024-04-23 18:04:00,2024-04-23 22:31:20,2024-04-25 19:59:47,4.46,49.93,Yes,2,Negative,Student needs help with library access issue.
91,SFS2024091,Tina Clark,student91@sfsacademy.edu,Exam & Assessment,Medium,Closed,Portal,Agent Nadia,2024-02-19 11:56:00,2024-02-20 13:29:25,2024-02-21 21:16:18,25.56,57.34,Yes,3,Neutral,Student needs help with exam & assessment issue.
92,SFS2024092,Uma Martinez,student92@sfsacademy.edu,Enrollment,Medium,Closed,Email,Agent Tom,2024-05-23 08:44:00,2024-05-24 12:59:36,2024-05-25 07:15:29,28.26,46.52,Yes,3,Neutral,Student needs help with enrollment issue.
93,SFS2024093,Bob Garcia,student93@sfsacademy.edu,General Inquiry,Low,Open,Portal,Agent John,2024-02-01 14:17:00,2024-02-03 03:25:28,,37.14,,No,,Neutral,Student needs help with general inquiry issue.
94,SFS2024094,Zoe Young,student94@sfsacademy.edu,Enrollment,Medium,Open,Portal,Agent Mike,2024-05-04 10:50:00,2024-05-04 20:37:53,,9.8,,No,,Neutral,Student needs help with enrollment issue.
95,SFS2024095,Eve Smith,student95@sfsacademy.edu,Library Access,Critical,In Progress,Email,Agent Priya,2024-01-02 12:54:00,2024-01-02 14:39:21,,1.76,,No,,Neutral,Student needs help with library access issue.
96,SFS2024096,Paul Lewis,student96@sfsacademy.edu,Technical Issue,Medium,Open,Chat,Agent Priya,2024-07-02 11:37:00,2024-07-03 03:00:17,,15.39,,No,,Neutral,Student needs help with technical issue issue.
97,SFS2024097,Paul Robinson,student97@sfsacademy.edu,Enrollment,Medium,Closed,Phone,Agent Sara,2025-02-02 13:32:00,2025-02-03 02:59:45,2025-02-05 01:18:18,13.46,59.77,Yes,1,Negative,Student needs help with enrollment issue.
98,SFS2024098,Eve Harris,student98@sfsacademy.edu,Course Access,Medium,In Progress,Phone,Agent John,2024-08-06 18:06:00,2024-08-07 11:48:53,,17.71,,No,,Neutral,Student needs help with course access issue.
99,SFS2024099,Uma Hall,student99@sfsacademy.edu,Library Access,Medium,Closed,Chat,Agent Ravi,2024-11-15 18:37:00,2024-11-15 21:55:24,2024-11-17 07:54:25,3.31,37.29,Yes,3,Neutral,Student needs help with library access issue.
100,SFS2024100,Victor Harris,student100@sfsacademy.edu,Exam & Assessment,Medium,Closed,Chat,Agent Ravi,2025-01-04 11:27:00,2025-01-04 23:43:21,2025-01-05 05:11:29,12.27,17.74,No,4,Positive,Student needs help with exam & assessment issue.
101,SFS2024101,Zoe Anderson,student101@sfsacademy.edu,Course Access,Critical,Open,Chat,Agent John,2024-07-10 10:43:00,2024-07-10 11:24:00,,0.68,,No,,Negative,Student needs help with course access issue.
102,SFS2024102,Diana Johnson,student102@sfsacademy.edu,Course Access,Critical,Closed,Phone,Agent Nadia,2024-10-11 08:37:00,2024-10-11 10:46:35,2024-10-11 14:35:59,2.16,5.98,Yes,2,Negative,Student needs help with course access issue.
103,SFS2024103,Leo Taylor,student103@sfsacademy.edu,Enrollment,Medium,Closed,Chat,Agent Priya,2024-05-27 17:19:00,2024-05-28 00:09:46,2024-05-28 06:14:56,6.85,12.93,No,5,Positive,Student needs help with enrollment issue.
104,SFS2024104,Karen Martinez,student104@sfsacademy.edu,Technical Issue,Low,Closed,Email,Agent Lisa,2025-01-25 12:36:00,2025-01-25 23:24:06,2025-01-28 19:09:29,10.8,78.56,Yes,2,Negative,Student needs help with technical issue issue.
105,SFS2024105,Olivia Garcia,student105@sfsacademy.edu,Course Access,Low,Closed,Email,Agent Priya,2024-01-04 10:55:00,2024-01-04 16:39:21,2024-01-06 20:03:06,5.74,57.14,Yes,2,Negative,Student needs help with course access issue.
106,SFS2024106,Victor Brown,student106@sfsacademy.edu,Course Access,High,Pending Student Response,Portal,Agent Sara,2024-03-21 13:19:00,2024-03-21 15:14:56,,1.93,,No,,Neutral,Student needs help with course access issue.
107,SFS2024107,Jack Allen,student107@sfsacademy.edu,Account & Login,Medium,Closed,Portal,Agent Lisa,2024-05-19 15:42:00,2024-05-20 13:33:53,2024-05-20 19:54:51,21.86,28.21,Yes,2,Negative,Student needs help with account & login issue.
108,SFS2024108,Iris Martin,student108@sfsacademy.edu,Technical Issue,Medium,Closed,Portal,Agent Sara,2024-09-06 16:42:00,2024-09-07 01:43:48,2024-09-07 12:39:29,9.03,19.96,No,3,Neutral,Student needs help with technical issue issue.
109,SFS2024109,Carol Robinson,student109@sfsacademy.edu,Payment & Billing,Medium,Closed,Portal,Agent Nadia,2024-06-16 09:00:00,2024-06-16 23:39:26,2024-06-18 15:49:30,14.66,54.83,Yes,3,Neutral,Student needs help with payment & billing issue.
110,SFS2024110,Jack Taylor,student110@sfsacademy.edu,Exam & Assessment,Low,In Progress,Chat,Agent Nadia,2025-01-14 08:27:00,2025-01-16 01:27:44,,41.01,,No,,Negative,Student needs help with exam & assessment issue.
111,SFS2024111,Henry Clark,student111@sfsacademy.edu,General Inquiry,Low,In Progress,Email,Agent Tom,2024-07-26 08:20:00,2024-07-27 09:46:10,,25.44,,No,,Neutral,Student needs help with general inquiry issue.
112,SFS2024112,Quinn Taylor,student112@sfsacademy.edu,Exam & Assessment,Low,Pending Student Response,Phone,Agent Mike,2024-10-28 14:33:00,2024-10-30 11:32:15,,44.99,,No,,Neutral,Student needs help with exam & assessment issue.
113,SFS2024113,Yara Brown,student113@sfsacademy.edu,Payment & Billing,Critical,Closed,Email,Agent Mike,2024-09-28 16:12:00,2024-09-28 16:58:41,2024-09-28 18:34:12,0.78,2.37,Yes,2,Negative,Student needs help with payment & billing issue.
114,SFS2024114,Jack Harris,student114@sfsacademy.edu,General Inquiry,Medium,Closed,Phone,Agent Tom,2024-03-31 18:31:00,2024-03-31 23:17:19,2024-04-01 03:29:53,4.77,8.98,No,4,Positive,Student needs help with general inquiry issue.
115,SFS2024115,Bella Brown,student115@sfsacademy.edu,General Inquiry,Medium,Closed,Email,Agent Sara,2024-10-29 08:22:00,2024-10-29 19:18:06,2024-10-30 09:47:40,10.94,25.43,Yes,2,Negative,Student needs help with general inquiry issue.
116,SFS2024116,Bob Lewis,student116@sfsacademy.edu,Technical Issue,Medium,Closed,Portal,Agent Ravi,2024-11-10 17:32:00,2024-11-11 03:07:57,2024-11-12 02:29:13,9.6,32.95,Yes,1,Negative,Student needs help with technical issue issue.
117,SFS2024117,Leo Martinez,student117@sfsacademy.edu,Technical Issue,Low,Closed,Chat,Agent Mike,2024-02-22 13:45:00,2024-02-24 22:50:07,2024-02-27 01:37:18,57.09,107.87,Yes,2,Negative,Student needs help with technical issue issue.
118,SFS2024118,Iris Young,student118@sfsacademy.edu,Technical Issue,High,Closed,Email,Agent Tom,2024-05-24 14:26:00,2024-05-24 17:56:00,2024-05-25 03:18:10,3.5,12.87,Yes,2,Negative,Student needs help with technical issue issue.
119,SFS2024119,Jack Hall,student119@sfsacademy.edu,Exam & Assessment,Medium,Open,Chat,Agent Lisa,2024-03-17 13:05:00,2024-03-17 17:13:57,,4.15,,No,,Neutral,Student needs help with exam & assessment issue.
120,SFS2024120,Frank Jackson,student120@sfsacademy.edu,Course Access,Medium,Open,Phone,Agent Nadia,2024-07-11 18:50:00,2024-07-11 19:50:57,,1.02,,No,,Negative,Student needs help with course access issue.
121,SFS2024121,Victor Garcia,student121@sfsacademy.edu,Course Access,Low,Open,Email,Agent Lisa,2024-06-23 15:12:00,2024-06-24 20:41:20,,29.49,,No,,Neutral,Student needs help with course access issue.
122,SFS2024122,Victor White,student122@sfsacademy.edu,Payment & Billing,Medium,Open,Chat,Agent Priya,2025-01-27 17:08:00,2025-01-27 18:52:11,,1.74,,No,,Negative,Student needs help with payment & billing issue.
123,SFS2024123,Carlos Jackson,student123@sfsacademy.edu,Enrollment,High,Pending Student Response,Phone,Agent Mike,2024-08-15 17:18:00,2024-08-16 02:35:12,,9.29,,No,,Negative,Student needs help with enrollment issue.
124,SFS2024124,Eve Harris,student124@sfsacademy.edu,Library Access,Critical,Closed,Chat,Agent Nadia,2024-07-07 18:36:00,2024-07-07 20:56:09,2024-07-08 00:23:11,2.34,5.79,Yes,3,Neutral,Student needs help with library access issue.
125,SFS2024125,Quinn Anderson,student125@sfsacademy.edu,Course Access,High,Closed,Phone,Agent John,2024-01-27 18:30:00,2024-01-27 19:45:47,2024-01-27 23:10:04,1.26,4.67,No,4,Positive,Student needs help with course access issue.
126,SFS2024126,Mia Brown,student126@sfsacademy.edu,General Inquiry,Critical,Closed,Email,Agent Tom,2025-03-01 14:05:00,2025-03-01 15:22:17,2025-03-01 17:33:39,1.29,3.48,Yes,2,Negative,Student needs help with general inquiry issue.
127,SFS2024127,Wendy Anderson,student127@sfsacademy.edu,Exam & Assessment,Medium,Open,Portal,Agent Priya,2024-07-10 11:01:00,2024-07-10 12:36:02,,1.58,,No,,Negative,Student needs help with exam & assessment issue.
128,SFS2024128,David Martin,student128@sfsacademy.edu,Technical Issue,Medium,In Progress,Portal,Agent Lisa,2025-01-23 15:28:00,2025-01-24 15:35:46,,24.13,,No,,Negative,Student needs help with technical issue issue.
129,SFS2024129,Uma Walker,student129@sfsacademy.edu,General Inquiry,Low,Closed,Email,Agent John,2024-05-01 12:07:00,2024-05-03 12:23:29,2024-05-05 12:52:31,48.27,96.76,Yes,2,Negative,Student needs help with general inquiry issue.
130,SFS2024130,Leo Brown,student130@sfsacademy.edu,Exam & Assessment,Low,Closed,Chat,Agent Mike,2024-10-21 11:45:00,2024-10-21 22:56:44,2024-10-24 15:25:33,11.2,75.68,Yes,2,Negative,Student needs help with exam & assessment issue.
131,SFS2024131,Xander Smith,student131@sfsacademy.edu,Technical Issue,High,Closed,Chat,Agent Nadia,2024-09-26 16:32:00,2024-09-26 17:25:46,2024-09-27 00:13:57,0.9,7.7,No,4,Positive,Student needs help with technical issue issue.
132,SFS2024132,Frank Lewis,student132@sfsacademy.edu,Course Access,Low,Closed,Portal,Agent Tom,2024-07-01 09:22:00,2024-07-01 12:23:53,2024-07-03 17:16:10,3.03,55.9,Yes,3,Neutral,Student needs help with course access issue.
133,SFS2024133,Carlos Johnson,student133@sfsacademy.edu,General Inquiry,Low,Open,Phone,Agent Sara,2024-12-22 15:40:00,2024-12-23 03:40:39,,12.01,,No,,Neutral,Student needs help with general inquiry issue.
134,SFS2024134,Jack Martinez,student134@sfsacademy.edu,General Inquiry,Medium,Pending Student Response,Email,Agent Lisa,2024-06-10 12:32:00,2024-06-11 10:21:05,,21.82,,No,,Neutral,Student needs help with general inquiry issue.
135,SFS2024135,Frank Lee,student135@sfsacademy.edu,Exam & Assessment,Medium,Closed,Chat,Agent Nadia,2025-02-03 08:55:00,2025-02-04 06:27:08,2025-02-06 01:30:00,21.54,64.58,Yes,2,Negative,Student needs help with exam & assessment issue.
136,SFS2024136,Jack Garcia,student136@sfsacademy.edu,Course Access,Critical,Closed,Email,Agent Nadia,2024-12-20 15:23:00,2024-12-20 16:42:05,2024-12-20 20:41:12,1.32,5.3,Yes,1,Negative,Student needs help with course access issue.
137,SFS2024137,Leo Young,student137@sfsacademy.edu,Account & Login,Medium,Closed,Chat,Agent Priya,2024-02-22 09:20:00,2024-02-22 19:46:55,2024-02-22 22:46:22,10.45,13.44,No,5,Positive,Student needs help with account & login issue.
138,SFS2024138,Alice Anderson,student138@sfsacademy.edu,Course Access,Critical,In Progress,Phone,Agent Nadia,2024-08-10 12:40:00,2024-08-10 14:08:29,,1.47,,No,,Neutral,Student needs help with course access issue.
139,SFS2024139,Tina Anderson,student139@sfsacademy.edu,Enrollment,Medium,Open,Phone,Agent Tom,2024-11-07 18:50:00,2024-11-08 06:10:05,,11.33,,No,,Neutral,Student needs help with enrollment issue.
140,SFS2024140,Henry Taylor,student140@sfsacademy.edu,Payment & Billing,Medium,Pending Student Response,Chat,Agent Tom,2024-12-13 15:23:00,2024-12-14 00:46:49,,9.4,,No,,Negative,Student needs help with payment & billing issue.
141,SFS2024141,Tina Martin,student141@sfsacademy.edu,Course Access,Medium,In Progress,Phone,Agent Lisa,2024-01-14 10:31:00,2024-01-15 06:56:27,,20.42,,No,,Neutral,Student needs help with course access issue.
142,SFS2024142,Victor Martinez,student142@sfsacademy.edu,General Inquiry,Low,Pending Student Response,Chat,Agent Priya,2024-12-21 15:12:00,2024-12-24 00:38:37,,57.44,,No,,Negative,Student needs help with general inquiry issue.
143,SFS2024143,Grace Anderson,student143@sfsacademy.edu,Payment & Billing,Medium,Pending Student Response,Phone,Agent Priya,2024-12-29 09:35:00,2024-12-30 00:28:52,,14.9,,No,,Neutral,Student needs help with payment & billing issue.
144,SFS2024144,Paul Walker,student144@sfsacademy.edu,General Inquiry,Medium,Closed,Email,Agent Priya,2024-05-01 15:01:00,2024-05-01 17:22:38,2024-05-02 13:05:27,2.36,22.07,No,5,Positive,Student needs help with general inquiry issue.
145,SFS2024145,Eve Hall,student145@sfsacademy.edu,Exam & Assessment,Medium,Open,Chat,Agent John,2024-07-29 14:52:00,2024-07-30 04:32:59,,13.68,,No,,Negative,Student needs help with exam & assessment issue.
146,SFS2024146,Karen White,student146@sfsacademy.edu,Technical Issue,High,Open,Portal,Agent John,2024-11-23 17:11:00,2024-11-23 20:27:03,,3.27,,No,,Neutral,Student needs help with technical issue issue.
147,SFS2024147,Quinn Thomas,student147@sfsacademy.edu,Enrollment,Low,Open,Portal,Agent Lisa,2024-06-26 16:57:00,2024-06-28 05:08:19,,36.19,,No,,Neutral,Student needs help with enrollment issue.
148,SFS2024148,Iris Jackson,student148@sfsacademy.edu,Exam & Assessment,Low,Closed,Email,Agent Sara,2024-10-30 17:09:00,2024-10-30 22:17:16,2024-11-03 17:23:59,5.14,96.25,Yes,3,Neutral,Student needs help with exam & assessment issue.
149,SFS2024149,Jack Lewis,student149@sfsacademy.edu,Library Access,Medium,Open,Chat,Agent Lisa,2025-01-27 17:26:00,2025-01-28 00:51:48,,7.43,,No,,Negative,Student needs help with library access issue.
150,SFS2024150,Bella Martinez,student150@sfsacademy.edu,Enrollment,Medium,Closed,Portal,Agent Tom,2024-02-07 08:10:00,2024-02-07 17:30:45,2024-02-09 04:16:32,9.35,44.11,Yes,3,Neutral,Student needs help with enrollment issue.
151,SFS2024151,Bob Martin,student151@sfsacademy.edu,Exam & Assessment,Medium,Closed,Chat,Agent Mike,2024-07-23 10:48:00,2024-07-23 14:46:02,2024-07-24 12:53:54,3.97,26.1,Yes,1,Negative,Student needs help with exam & assessment issue.
152,SFS2024152,Paul Walker,student152@sfsacademy.edu,Payment & Billing,Low,Pending Student Response,Phone,Agent Tom,2024-07-15 17:26:00,2024-07-16 04:46:22,,11.34,,No,,Neutral,Student needs help with payment & billing issue.
153,SFS2024153,Bob Johnson,student153@sfsacademy.edu,Account & Login,Medium,Open,Portal,Agent Ravi,2024-08-27 15:56:00,2024-08-27 22:31:18,,6.59,,No,,Negative,Student needs help with account & login issue.
154,SFS2024154,Xander Martinez,student154@sfsacademy.edu,General Inquiry,High,Closed,Email,Agent Lisa,2024-05-24 15:38:00,2024-05-24 23:50:33,2024-05-25 07:18:23,8.21,15.67,Yes,3,Neutral,Student needs help with general inquiry issue.
155,SFS2024155,Yara Hall,student155@sfsacademy.edu,Enrollment,Low,Open,Phone,Agent Tom,2025-01-26 14:23:00,2025-01-26 19:04:55,,4.7,,No,,Negative,Student needs help with enrollment issue.
156,SFS2024156,Rose Martinez,student156@sfsacademy.edu,Course Access,Medium,Open,Phone,Agent Nadia,2024-05-23 17:43:00,2024-05-24 16:42:44,,23.0,,No,,Negative,Student needs help with course access issue.
157,SFS2024157,Olivia Anderson,student157@sfsacademy.edu,Technical Issue,Medium,Closed,Email,Agent Sara,2025-01-21 10:12:00,2025-01-21 14:34:41,2025-01-22 07:13:51,4.38,21.03,No,4,Positive,Student needs help with technical issue issue.
158,SFS2024158,Paul Allen,student158@sfsacademy.edu,Payment & Billing,Medium,Closed,Phone,Agent Nadia,2024-11-06 16:08:00,2024-11-07 09:26:08,2024-11-08 10:16:46,17.3,42.15,Yes,2,Negative,Student needs help with payment & billing issue.
159,SFS2024159,Alice Young,student159@sfsacademy.edu,Course Access,Low,Closed,Phone,Agent Nadia,2024-06-02 15:52:00,2024-06-04 13:51:40,2024-06-07 11:46:01,45.99,115.9,Yes,2,Negative,Student needs help with course access issue.
160,SFS2024160,Eve White,student160@sfsacademy.edu,Enrollment,High,Pending Student Response,Chat,Agent Sara,2024-08-30 12:41:00,2024-08-30 14:44:05,,2.05,,No,,Negative,Student needs help with enrollment issue.
161,SFS2024161,Noah Walker,student161@sfsacademy.edu,Exam & Assessment,Low,Open,Portal,Agent Nadia,2024-01-17 17:44:00,2024-01-18 17:48:48,,24.08,,No,,Neutral,Student needs help with exam & assessment issue.
162,SFS2024162,Quinn Robinson,student162@sfsacademy.edu,Technical Issue,Medium,Pending Student Response,Portal,Agent Priya,2025-01-31 17:58:00,2025-02-01 10:20:23,,16.37,,No,,Negative,Student needs help with technical issue issue.
163,SFS2024163,Henry Martin,student163@sfsacademy.edu,Exam & Assessment,Critical,Closed,Chat,Agent Lisa,2024-06-09 10:29:00,2024-06-09 11:20:55,2024-06-09 13:05:17,0.87,2.6,Yes,2,Negative,Student needs help with exam & assessment issue.
164,SFS2024164,Jack Taylor,student164@sfsacademy.edu,Exam & Assessment,Low,Pending Student Response,Phone,Agent Ravi,2025-01-29 12:45:00,2025-01-30 21:15:13,,32.5,,No,,Negative,Student needs help with exam & assessment issue.
165,SFS2024165,Leo Lewis,student165@sfsacademy.edu,Exam & Assessment,Medium,In Progress,Phone,Agent Priya,2024-10-20 18:34:00,2024-10-20 20:15:25,,1.69,,No,,Neutral,Student needs help with exam & assessment issue.
166,SFS2024166,Bob Walker,student166@sfsacademy.edu,Library Access,Medium,Closed,Portal,Agent Lisa,2024-12-01 12:47:00,2024-12-01 16:22:28,2024-12-03 04:11:46,3.59,39.41,Yes,1,Negative,Student needs help with library access issue.
167,SFS2024167,Noah Lee,student167@sfsacademy.edu,General Inquiry,Low,Closed,Portal,Agent John,2024-04-25 18:14:00,2024-04-25 19:01:45,2024-04-28 00:18:45,0.8,54.08,Yes,3,Neutral,Student needs help with general inquiry issue.
168,SFS2024168,Bella Johnson,student168@sfsacademy.edu,Library Access,High,Closed,Email,Agent Sara,2024-09-01 18:12:00,2024-09-02 00:38:09,2024-09-02 05:07:09,6.44,10.92,Yes,3,Neutral,Student needs help with library access issue.
169,SFS2024169,Carlos Johnson,student169@sfsacademy.edu,Technical Issue,High,In Progress,Chat,Agent Nadia,2024-03-30 14:56:00,2024-03-30 17:07:43,,2.2,,No,,Negative,Student needs help with technical issue issue.
170,SFS2024170,Carlos Anderson,student170@sfsacademy.edu,Exam & Assessment,Medium,In Progress,Chat,Agent Lisa,2024-01-05 12:36:00,2024-01-06 17:05:29,,28.49,,No,,Negative,Student needs help with exam & assessment issue.
171,SFS2024171,Xander Garcia,student171@sfsacademy.edu,Payment & Billing,Low,Open,Phone,Agent Ravi,2024-09-15 15:17:00,2024-09-17 08:48:55,,41.53,,No,,Neutral,Student needs help with payment & billing issue.
172,SFS2024172,Frank Anderson,student172@sfsacademy.edu,Account & Login,Medium,Open,Phone,Agent Nadia,2025-02-08 12:36:00,2025-02-08 15:33:16,,2.95,,No,,Neutral,Student needs help with account & login issue.
173,SFS2024173,Alice Harris,student173@sfsacademy.edu,Enrollment,Low,Closed,Phone,Agent Ravi,2024-09-01 13:59:00,2024-09-03 20:57:31,2024-09-05 02:38:36,54.98,84.66,Yes,3,Neutral,Student needs help with enrollment issue.
174,SFS2024174,Wendy Martin,student174@sfsacademy.edu,General Inquiry,Low,Closed,Portal,Agent Lisa,2024-11-30 13:44:00,2024-12-01 13:22:57,2024-12-03 14:07:19,23.65,72.39,Yes,3,Neutral,Student needs help with general inquiry issue.
175,SFS2024175,Leo Clark,student175@sfsacademy.edu,Enrollment,Critical,Closed,Portal,Agent Mike,2024-12-19 09:40:00,2024-12-19 11:04:30,2024-12-19 13:26:24,1.41,3.77,Yes,3,Neutral,Student needs help with enrollment issue.
176,SFS2024176,Diana Allen,student176@sfsacademy.edu,Enrollment,Medium,Closed,Email,Agent Mike,2024-12-25 16:58:00,2024-12-26 08:20:18,2024-12-27 10:09:45,15.37,41.2,Yes,2,Negative,Student needs help with enrollment issue.
177,SFS2024177,Wendy Allen,student177@sfsacademy.edu,Payment & Billing,Medium,Closed,Phone,Agent Priya,2024-02-27 08:53:00,2024-02-28 09:33:55,2024-02-29 07:19:54,24.68,46.45,Yes,2,Negative,Student needs help with payment & billing issue.
178,SFS2024178,Rose Lewis,student178@sfsacademy.edu,General Inquiry,Medium,Pending Student Response,Chat,Agent Priya,2024-09-07 09:57:00,2024-09-07 23:22:38,,13.43,,No,,Neutral,Student needs help with general inquiry issue.
179,SFS2024179,Bob Brown,student179@sfsacademy.edu,Technical Issue,Low,Closed,Email,Agent Mike,2024-12-10 12:46:00,2024-12-10 15:51:09,2024-12-12 01:34:58,3.09,36.82,No,3,Neutral,Student needs help with technical issue issue.
180,SFS2024180,Mia Brown,student180@sfsacademy.edu,Account & Login,Medium,Pending Student Response,Chat,Agent Tom,2024-08-29 08:18:00,2024-08-29 21:29:36,,13.19,,No,,Negative,Student needs help with account & login issue.
181,SFS2024181,Henry Smith,student181@sfsacademy.edu,Exam & Assessment,Medium,Closed,Portal,Agent John,2024-12-15 18:55:00,2024-12-16 23:30:51,2024-12-17 18:59:16,28.6,48.07,Yes,1,Negative,Student needs help with exam & assessment issue.
182,SFS2024182,Eve Harris,student182@sfsacademy.edu,Account & Login,Medium,Pending Student Response,Portal,Agent Nadia,2025-01-22 08:19:00,2025-01-22 15:49:16,,7.5,,No,,Negative,Student needs help with account & login issue.
183,SFS2024183,Victor Johnson,student183@sfsacademy.edu,Technical Issue,High,Closed,Portal,Agent Mike,2024-04-06 09:02:00,2024-04-06 10:08:44,2024-04-06 20:03:17,1.11,11.02,Yes,2,Negative,Student needs help with technical issue issue.
184,SFS2024184,Sam Young,student184@sfsacademy.edu,Technical Issue,Medium,Closed,Phone,Agent Priya,2024-05-05 08:25:00,2024-05-05 15:32:36,2024-05-07 11:36:50,7.13,51.2,Yes,2,Negative,Student needs help with technical issue issue.
185,SFS2024185,Carlos Thomas,student185@sfsacademy.edu,Payment & Billing,Medium,Closed,Chat,Agent Mike,2025-01-30 18:52:00,2025-01-31 03:52:15,2025-01-31 07:44:09,9.0,12.87,No,5,Positive,Student needs help with payment & billing issue.
186,SFS2024186,Eve Martin,student186@sfsacademy.edu,Exam & Assessment,Medium,Open,Phone,Agent Nadia,2024-11-16 18:27:00,2024-11-17 14:39:19,,20.21,,No,,Negative,Student needs help with exam & assessment issue.
187,SFS2024187,Noah Hall,student187@sfsacademy.edu,Enrollment,Medium,Closed,Portal,Agent Lisa,2024-07-11 10:48:00,2024-07-12 10:06:12,2024-07-14 06:05:46,23.3,67.3,Yes,2,Negative,Student needs help with enrollment issue.
188,SFS2024188,Iris Robinson,student188@sfsacademy.edu,Course Access,Low,Closed,Phone,Agent Ravi,2024-09-28 10:24:00,2024-09-28 16:10:46,2024-10-01 14:00:54,5.78,75.62,Yes,1,Negative,Student needs help with course access issue.
189,SFS2024189,Jack Smith,student189@sfsacademy.edu,Enrollment,Low,Open,Portal,Agent Ravi,2024-12-10 17:38:00,2024-12-12 19:46:49,,50.15,,No,,Negative,Student needs help with enrollment issue.
190,SFS2024190,Rose Garcia,student190@sfsacademy.edu,General Inquiry,Low,In Progress,Portal,Agent Mike,2024-04-18 11:47:00,2024-04-19 10:55:51,,23.15,,No,,Neutral,Student needs help with general inquiry issue.
191,SFS2024191,Xander Lee,student191@sfsacademy.edu,Library Access,Medium,Closed,Phone,Agent Lisa,2025-02-01 12:24:00,2025-02-02 03:24:45,2025-02-03 03:47:05,15.01,39.38,Yes,1,Negative,Student needs help with library access issue.
192,SFS2024192,Xander Clark,student192@sfsacademy.edu,Technical Issue,Low,Closed,Portal,Agent Mike,2025-01-24 13:58:00,2025-01-24 15:23:34,2025-01-26 20:57:26,1.43,54.99,Yes,2,Negative,Student needs help with technical issue issue.
193,SFS2024193,Uma Lee,student193@sfsacademy.edu,Enrollment,Medium,Closed,Phone,Agent Ravi,2024-05-31 10:12:00,2024-05-31 17:58:56,2024-06-02 09:35:49,7.78,47.4,Yes,3,Neutral,Student needs help with enrollment issue.
194,SFS2024194,Aiden Johnson,student194@sfsacademy.edu,General Inquiry,High,Open,Email,Agent Priya,2024-08-23 10:46:00,2024-08-23 16:02:04,,5.27,,No,,Neutral,Student needs help with general inquiry issue.
195,SFS2024195,Uma Young,student195@sfsacademy.edu,Course Access,Low,Closed,Email,Agent Priya,2025-01-26 08:26:00,2025-01-26 21:25:20,2025-01-28 17:44:35,12.99,57.31,Yes,1,Negative,Student needs help with course access issue.
196,SFS2024196,Alice Walker,student196@sfsacademy.edu,Account & Login,Low,Closed,Email,Agent Sara,2024-09-04 18:31:00,2024-09-06 01:14:47,2024-09-07 04:20:48,30.73,57.83,Yes,3,Neutral,Student needs help with account & login issue.
197,SFS2024197,Aiden Martinez,student197@sfsacademy.edu,Course Access,High,In Progress,Portal,Agent John,2025-02-20 18:27:00,2025-02-20 21:08:34,,2.69,,No,,Negative,Student needs help with course access issue.
198,SFS2024198,Bella Johnson,student198@sfsacademy.edu,Enrollment,Medium,Closed,Phone,Agent Mike,2024-05-16 14:05:00,2024-05-17 09:56:30,2024-05-19 02:47:29,19.86,60.71,Yes,2,Negative,Student needs help with enrollment issue.
199,SFS2024199,Sam Taylor,student199@sfsacademy.edu,Technical Issue,Medium,Closed,Email,Agent Priya,2024-02-17 14:24:00,2024-02-18 05:02:45,2024-02-19 02:26:23,14.65,36.04,Yes,3,Neutral,Student needs help with technical issue issue.
200,SFS2024200,Carlos Hall,student200@sfsacademy.edu,General Inquiry,Low,Pending Student Response,Email,Agent Lisa,2024-09-27 08:14:00,2024-09-29 13:30:10,,53.27,,No,,Negative,Student needs help with general inquiry issue.
201,SFS2024201,Diana Brown,student201@sfsacademy.edu,Technical Issue,Low,Pending Student Response,Portal,Agent Mike,2024-10-15 18:02:00,2024-10-17 13:29:13,,43.45,,No,,Negative,Student needs help with technical issue issue.
202,SFS2024202,Zoe Brown,student202@sfsacademy.edu,Account & Login,Low,Pending Student Response,Chat,Agent Tom,2024-06-02 10:36:00,2024-06-04 06:14:43,,43.65,,No,,Neutral,Student needs help with account & login issue.
203,SFS2024203,Zoe Lewis,student203@sfsacademy.edu,Course Access,Low,Closed,Chat,Agent Tom,2024-09-13 13:03:00,2024-09-15 20:52:31,2024-09-17 04:52:52,55.83,87.83,Yes,2,Negative,Student needs help with course access issue.
204,SFS2024204,Carol Brown,student204@sfsacademy.edu,Payment & Billing,Medium,Closed,Email,Agent Nadia,2024-09-08 11:22:00,2024-09-09 09:43:08,2024-09-10 00:36:06,22.35,37.24,Yes,1,Negative,Student needs help with payment & billing issue.
205,SFS2024205,Leo Harris,student205@sfsacademy.edu,Account & Login,High,Closed,Phone,Agent Tom,2024-05-17 10:24:00,2024-05-17 11:52:10,2024-05-17 12:56:51,1.47,2.55,No,4,Positive,Student needs help with account & login issue.
206,SFS2024206,Zoe Garcia,student206@sfsacademy.edu,Account & Login,Low,Closed,Email,Agent John,2024-02-22 10:05:00,2024-02-22 15:42:02,2024-02-24 21:21:05,5.62,59.27,Yes,2,Negative,Student needs help with account & login issue.
207,SFS2024207,Jack Harris,student207@sfsacademy.edu,Enrollment,Medium,Pending Student Response,Chat,Agent Priya,2024-07-16 08:18:00,2024-07-16 13:35:48,,5.3,,No,,Negative,Student needs help with enrollment issue.
208,SFS2024208,Paul Young,student208@sfsacademy.edu,Library Access,Low,Closed,Email,Agent Ravi,2024-09-09 10:04:00,2024-09-10 07:11:12,2024-09-14 01:53:16,21.12,111.82,Yes,3,Neutral,Student needs help with library access issue.
209,SFS2024209,Aiden Young,student209@sfsacademy.edu,Account & Login,Low,Closed,Chat,Agent Tom,2024-11-11 11:29:00,2024-11-13 09:53:45,2024-11-14 18:12:09,46.41,78.72,Yes,2,Negative,Student needs help with account & login issue.
210,SFS2024210,Wendy Lee,student210@sfsacademy.edu,General Inquiry,Medium,Closed,Portal,Agent Tom,2024-03-10 12:20:00,2024-03-11 16:07:50,2024-03-13 14:39:39,27.8,74.33,Yes,1,Negative,Student needs help with general inquiry issue.
211,SFS2024211,Sam Hall,student211@sfsacademy.edu,Account & Login,Medium,Pending Student Response,Email,Agent Tom,2024-10-21 11:20:00,2024-10-22 14:12:39,,26.88,,No,,Neutral,Student needs help with account & login issue.
212,SFS2024212,Aiden Clark,student212@sfsacademy.edu,General Inquiry,Medium,In Progress,Chat,Agent Mike,2024-04-02 18:49:00,2024-04-03 17:53:28,,23.07,,No,,Neutral,Student needs help with general inquiry issue.
213,SFS2024213,Mia Hall,student213@sfsacademy.edu,Payment & Billing,Medium,Closed,Chat,Agent Nadia,2024-12-10 15:08:00,2024-12-10 17:43:35,2024-12-12 17:17:22,2.59,50.16,Yes,2,Negative,Student needs help with payment & billing issue.
214,SFS2024214,Frank Young,student214@sfsacademy.edu,Course Access,Low,In Progress,Portal,Agent John,2024-09-16 14:34:00,2024-09-18 04:36:56,,38.05,,No,,Negative,Student needs help with course access issue.
215,SFS2024215,Quinn Hall,student215@sfsacademy.edu,Exam & Assessment,Medium,Closed,Email,Agent Nadia,2024-01-23 17:41:00,2024-01-23 18:28:54,2024-01-24 07:38:33,0.8,13.96,No,4,Positive,Student needs help with exam & assessment issue.
216,SFS2024216,Carol Taylor,student216@sfsacademy.edu,Payment & Billing,Medium,Closed,Email,Agent Tom,2024-10-24 17:14:00,2024-10-25 07:23:44,2024-10-25 22:16:51,14.16,29.05,Yes,3,Neutral,Student needs help with payment & billing issue.
217,SFS2024217,Karen Brown,student217@sfsacademy.edu,Enrollment,Medium,Closed,Phone,Agent Ravi,2025-03-01 10:22:00,2025-03-02 00:20:31,2025-03-02 21:56:09,13.98,35.57,Yes,2,Negative,Student needs help with enrollment issue.
218,SFS2024218,Quinn Thomas,student218@sfsacademy.edu,Exam & Assessment,High,Open,Portal,Agent John,2024-06-02 08:51:00,2024-06-02 17:48:44,,8.96,,No,,Neutral,Student needs help with exam & assessment issue.
219,SFS2024219,Mia Smith,student219@sfsacademy.edu,Enrollment,Medium,In Progress,Portal,Agent Nadia,2024-10-09 10:21:00,2024-10-09 16:07:29,,5.77,,No,,Negative,Student needs help with enrollment issue.
220,SFS2024220,Carol Allen,student220@sfsacademy.edu,Account & Login,Low,Closed,Portal,Agent Sara,2025-01-12 17:56:00,2025-01-13 06:11:01,2025-01-16 06:39:16,12.25,84.72,Yes,3,Neutral,Student needs help with account & login issue.
221,SFS2024221,Tina Robinson,student221@sfsacademy.edu,Course Access,Medium,Open,Chat,Agent Lisa,2024-02-22 16:11:00,2024-02-23 07:37:03,,15.43,,No,,Negative,Student needs help with course access issue.
222,SFS2024222,Karen Taylor,student222@sfsacademy.edu,General Inquiry,Low,Closed,Phone,Agent Priya,2024-11-08 14:37:00,2024-11-10 19:34:24,2024-11-13 04:38:21,52.96,110.02,Yes,2,Negative,Student needs help with general inquiry issue.
223,SFS2024223,Rose Thomas,student223@sfsacademy.edu,Account & Login,Low,Closed,Portal,Agent Nadia,2024-05-02 12:07:00,2024-05-03 21:26:17,2024-05-05 14:37:36,33.32,74.51,Yes,2,Negative,Student needs help with account & login issue.
224,SFS2024224,Eve Jackson,student224@sfsacademy.edu,General Inquiry,Low,Open,Phone,Agent Sara,2024-10-11 10:31:00,2024-10-13 17:22:00,,54.85,,No,,Negative,Student needs help with general inquiry issue.
225,SFS2024225,Yara White,student225@sfsacademy.edu,General Inquiry,Medium,Closed,Chat,Agent Nadia,2025-02-21 14:35:00,2025-02-22 04:54:48,2025-02-22 09:47:56,14.33,19.22,No,3,Neutral,Student needs help with general inquiry issue.
226,SFS2024226,Leo Hall,student226@sfsacademy.edu,General Inquiry,Low,Closed,Email,Agent Ravi,2024-05-29 08:17:00,2024-05-30 17:29:07,2024-05-31 19:56:05,33.2,59.65,Yes,2,Negative,Student needs help with general inquiry issue.
227,SFS2024227,Leo Brown,student227@sfsacademy.edu,Account & Login,High,Closed,Portal,Agent John,2025-02-25 08:48:00,2025-02-25 12:00:32,2025-02-26 03:59:55,3.21,19.2,Yes,2,Negative,Student needs help with account & login issue.
228,SFS2024228,Zoe Johnson,student228@sfsacademy.edu,Exam & Assessment,High,Closed,Portal,Agent Nadia,2024-08-12 09:49:00,2024-08-12 15:55:25,2024-08-13 04:41:46,6.11,18.88,Yes,3,Neutral,Student needs help with exam & assessment issue.
229,SFS2024229,Carlos Taylor,student229@sfsacademy.edu,Exam & Assessment,Low,Closed,Phone,Agent Lisa,2024-10-18 13:34:00,2024-10-19 22:46:11,2024-10-23 18:14:51,33.2,124.68,Yes,2,Negative,Student needs help with exam & assessment issue.
230,SFS2024230,Aiden Robinson,student230@sfsacademy.edu,Payment & Billing,Low,Closed,Portal,Agent Priya,2024-03-10 14:58:00,2024-03-10 23:49:01,2024-03-12 07:24:58,8.85,40.45,No,4,Positive,Student needs help with payment & billing issue.
231,SFS2024231,Quinn Harris,student231@sfsacademy.edu,Account & Login,Medium,Closed,Email,Agent Ravi,2024-09-07 10:36:00,2024-09-08 05:01:53,2024-09-09 23:23:51,18.43,60.8,Yes,1,Negative,Student needs help with account & login issue.
232,SFS2024232,Zoe Hall,student232@sfsacademy.edu,Technical Issue,Critical,Closed,Chat,Agent John,2024-12-21 13:29:00,2024-12-21 15:11:22,2024-12-21 18:16:53,1.71,4.8,Yes,3,Neutral,Student needs help with technical issue issue.
233,SFS2024233,Zoe Garcia,student233@sfsacademy.edu,Exam & Assessment,High,Closed,Phone,Agent Lisa,2024-07-22 11:27:00,2024-07-22 16:55:49,2024-07-22 19:53:21,5.48,8.44,Yes,3,Neutral,Student needs help with exam & assessment issue.
234,SFS2024234,Olivia Lewis,student234@sfsacademy.edu,General Inquiry,Low,Pending Student Response,Email,Agent Sara,2024-12-15 08:02:00,2024-12-17 13:36:14,,53.57,,No,,Neutral,Student needs help with general inquiry issue.
235,SFS2024235,Iris Brown,student235@sfsacademy.edu,Library Access,Critical,In Progress,Phone,Agent Priya,2024-01-01 14:12:00,2024-01-01 14:52:38,,0.68,,No,,Negative,Student needs help with library access issue.
236,SFS2024236,Alice Jackson,student236@sfsacademy.edu,Library Access,Medium,Open,Chat,Agent Mike,2024-07-09 18:57:00,2024-07-10 14:00:00,,19.05,,No,,Neutral,Student needs help with library access issue.
237,SFS2024237,Noah Anderson,student237@sfsacademy.edu,General Inquiry,Medium,Closed,Email,Agent Sara,2024-09-01 09:08:00,2024-09-02 05:19:07,2024-09-03 20:43:22,20.19,59.59,Yes,3,Neutral,Student needs help with general inquiry issue.
238,SFS2024238,Eve Robinson,student238@sfsacademy.edu,Course Access,Medium,Pending Student Response,Phone,Agent John,2024-09-01 09:14:00,2024-09-01 20:08:07,,10.9,,No,,Negative,Student needs help with course access issue.
239,SFS2024239,Uma Anderson,student239@sfsacademy.edu,Technical Issue,Critical,Open,Chat,Agent Priya,2025-01-31 10:41:00,2025-01-31 11:51:02,,1.17,,No,,Neutral,Student needs help with technical issue issue.
240,SFS2024240,Karen Anderson,student240@sfsacademy.edu,Course Access,Medium,Closed,Email,Agent Priya,2024-07-29 17:43:00,2024-07-30 10:54:05,2024-07-31 05:57:03,17.18,36.23,Yes,3,Neutral,Student needs help with course access issue.
241,SFS2024241,Mia Martin,student241@sfsacademy.edu,Library Access,Low,Closed,Phone,Agent Sara,2024-05-06 12:41:00,2024-05-07 00:54:51,2024-05-09 11:34:20,12.23,70.89,Yes,1,Negative,Student needs help with library access issue.
242,SFS2024242,Quinn Smith,student242@sfsacademy.edu,General Inquiry,High,In Progress,Email,Agent Nadia,2024-11-26 08:50:00,2024-11-26 11:31:37,,2.69,,No,,Neutral,Student needs help with general inquiry issue.
243,SFS2024243,Alice Allen,student243@sfsacademy.edu,Account & Login,Medium,Pending Student Response,Portal,Agent Tom,2024-07-03 13:08:00,2024-07-04 11:13:06,,22.09,,No,,Neutral,Student needs help with account & login issue.
244,SFS2024244,Carol Hall,student244@sfsacademy.edu,Account & Login,Low,In Progress,Chat,Agent Lisa,2024-02-04 08:16:00,2024-02-05 08:57:10,,24.69,,No,,Negative,Student needs help with account & login issue.
245,SFS2024245,Victor Brown,student245@sfsacademy.edu,Enrollment,Low,Closed,Phone,Agent Priya,2024-10-02 17:09:00,2024-10-03 15:57:38,2024-10-06 05:13:07,22.81,84.07,Yes,3,Neutral,Student needs help with enrollment issue.
246,SFS2024246,Victor Thomas,student246@sfsacademy.edu,Enrollment,Critical,Closed,Chat,Agent John,2024-06-07 14:46:00,2024-06-07 15:29:13,2024-06-07 18:19:26,0.72,3.56,Yes,1,Negative,Student needs help with enrollment issue.
247,SFS2024247,Xander Harris,student247@sfsacademy.edu,General Inquiry,Low,Open,Phone,Agent Tom,2024-03-02 08:45:00,2024-03-02 18:47:00,,10.03,,No,,Neutral,Student needs help with general inquiry issue.
248,SFS2024248,Paul Lewis,student248@sfsacademy.edu,Account & Login,High,Closed,Email,Agent Lisa,2025-01-10 09:49:00,2025-01-10 12:42:34,2025-01-11 04:20:06,2.89,18.52,Yes,2,Negative,Student needs help with account & login issue.
249,SFS2024249,David White,student249@sfsacademy.edu,Exam & Assessment,Medium,Closed,Phone,Agent Priya,2024-09-18 13:03:00,2024-09-19 11:26:06,2024-09-21 06:27:56,22.39,65.42,Yes,2,Negative,Student needs help with exam & assessment issue.
250,SFS2024250,Frank Johnson,student250@sfsacademy.edu,Enrollment,Low,Pending Student Response,Chat,Agent Sara,2025-01-14 16:00:00,2025-01-15 13:16:59,,21.28,,No,,Neutral,Student needs help with enrollment issue.
251,SFS2024251,Bob Thomas,student251@sfsacademy.edu,Exam & Assessment,Low,Closed,Email,Agent Lisa,2024-10-10 18:26:00,2024-10-12 03:34:04,2024-10-12 15:54:40,33.13,45.48,No,5,Positive,Student needs help with exam & assessment issue.
252,SFS2024252,Alice Martinez,student252@sfsacademy.edu,General Inquiry,Critical,Open,Phone,Agent Lisa,2024-04-24 16:02:00,2024-04-24 17:09:18,,1.12,,No,,Negative,Student needs help with general inquiry issue.
253,SFS2024253,Yara Jackson,student253@sfsacademy.edu,Enrollment,High,Pending Student Response,Phone,Agent Ravi,2024-04-12 12:36:00,2024-04-12 18:29:03,,5.88,,No,,Negative,Student needs help with enrollment issue.
254,SFS2024254,Karen Smith,student254@sfsacademy.edu,Account & Login,High,Open,Portal,Agent Sara,2025-01-10 16:48:00,2025-01-10 22:13:41,,5.43,,No,,Neutral,Student needs help with account & login issue.
255,SFS2024255,Eve Harris,student255@sfsacademy.edu,Course Access,High,Pending Student Response,Portal,Agent Mike,2025-01-23 18:24:00,2025-01-23 22:43:13,,4.32,,No,,Neutral,Student needs help with course access issue.
256,SFS2024256,Sam Taylor,student256@sfsacademy.edu,Account & Login,Low,Pending Student Response,Chat,Agent Tom,2024-02-17 08:58:00,2024-02-19 17:06:49,,56.15,,No,,Neutral,Student needs help with account & login issue.
257,SFS2024257,Bella Garcia,student257@sfsacademy.edu,Technical Issue,High,Open,Portal,Agent Nadia,2024-09-15 10:40:00,2024-09-15 13:19:16,,2.65,,No,,Negative,Student needs help with technical issue issue.
258,SFS2024258,Sam Taylor,student258@sfsacademy.edu,General Inquiry,High,Closed,Portal,Agent Lisa,2025-02-14 14:44:00,2025-02-14 15:54:46,2025-02-14 19:57:13,1.18,5.22,No,5,Positive,Student needs help with general inquiry issue.
259,SFS2024259,Carol Thomas,student259@sfsacademy.edu,Course Access,Medium,Closed,Portal,Agent Tom,2024-03-20 09:10:00,2024-03-20 22:27:21,2024-03-21 21:13:59,13.29,36.07,Yes,3,Neutral,Student needs help with course access issue.
260,SFS2024260,Mia Walker,student260@sfsacademy.edu,Technical Issue,High,Closed,Phone,Agent Mike,2025-02-17 18:19:00,2025-02-17 20:09:59,2025-02-18 07:50:01,1.85,13.52,Yes,3,Neutral,Student needs help with technical issue issue.
261,SFS2024261,David Lewis,student261@sfsacademy.edu,Technical Issue,Low,In Progress,Chat,Agent Nadia,2024-01-26 18:19:00,2024-01-28 02:33:41,,32.24,,No,,Neutral,Student needs help with technical issue issue.
262,SFS2024262,Victor Brown,student262@sfsacademy.edu,Enrollment,Low,Pending Student Response,Portal,Agent Priya,2024-02-22 10:07:00,2024-02-24 09:38:54,,47.53,,No,,Negative,Student needs help with enrollment issue.
263,SFS2024263,Carlos Garcia,student263@sfsacademy.edu,Course Access,Critical,Open,Chat,Agent Mike,2024-10-25 17:16:00,2024-10-25 19:18:15,,2.04,,No,,Neutral,Student needs help with course access issue.
264,SFS2024264,Frank Martinez,student264@sfsacademy.edu,Account & Login,Low,In Progress,Chat,Agent Nadia,2024-03-03 08:29:00,2024-03-03 10:40:00,,2.18,,No,,Negative,Student needs help with account & login issue.
265,SFS2024265,Bob Brown,student265@sfsacademy.edu,Technical Issue,Low,Pending Student Response,Phone,Agent Mike,2024-04-19 10:17:00,2024-04-20 15:16:12,,28.99,,No,,Negative,Student needs help with technical issue issue.
266,SFS2024266,Paul Martinez,student266@sfsacademy.edu,Enrollment,Medium,Closed,Chat,Agent Sara,2024-05-23 14:08:00,2024-05-24 12:45:41,2024-05-25 06:38:23,22.63,40.51,Yes,2,Negative,Student needs help with enrollment issue.
267,SFS2024267,Bob Lee,student267@sfsacademy.edu,Exam & Assessment,Medium,Open,Email,Agent Mike,2024-10-16 16:20:00,2024-10-17 18:11:00,,25.85,,No,,Negative,Student needs help with exam & assessment issue.
268,SFS2024268,Diana Johnson,student268@sfsacademy.edu,Payment & Billing,Medium,Closed,Portal,Agent John,2024-09-28 13:49:00,2024-09-29 08:54:21,2024-09-29 22:25:57,19.09,32.62,Yes,3,Neutral,Student needs help with payment & billing issue.
269,SFS2024269,Zoe Martinez,student269@sfsacademy.edu,Exam & Assessment,High,Pending Student Response,Portal,Agent Priya,2025-01-26 11:36:00,2025-01-26 14:15:09,,2.65,,No,,Negative,Student needs help with exam & assessment issue.
270,SFS2024270,Paul Johnson,student270@sfsacademy.edu,Payment & Billing,High,In Progress,Chat,Agent Mike,2024-10-29 08:45:00,2024-10-29 14:11:00,,5.43,,No,,Neutral,Student needs help with payment & billing issue.
271,SFS2024271,Zoe Anderson,student271@sfsacademy.edu,General Inquiry,Medium,Open,Phone,Agent Sara,2024-02-16 08:14:00,2024-02-17 10:42:35,,26.48,,No,,Neutral,Student needs help with general inquiry issue.
272,SFS2024272,Yara Taylor,student272@sfsacademy.edu,Technical Issue,High,Pending Student Response,Portal,Agent Sara,2024-06-23 10:58:00,2024-06-23 16:48:17,,5.84,,No,,Neutral,Student needs help with technical issue issue.
273,SFS2024273,Frank Clark,student273@sfsacademy.edu,Account & Login,Medium,In Progress,Phone,Agent John,2024-09-26 13:04:00,2024-09-26 22:06:23,,9.04,,No,,Neutral,Student needs help with account & login issue.
274,SFS2024274,Eve Thomas,student274@sfsacademy.edu,Exam & Assessment,Medium,Open,Portal,Agent Mike,2025-02-09 18:31:00,2025-02-10 05:43:29,,11.21,,No,,Negative,Student needs help with exam & assessment issue.
275,SFS2024275,Sam Taylor,student275@sfsacademy.edu,Technical Issue,Critical,Closed,Phone,Agent Priya,2025-01-08 08:44:00,2025-01-08 10:58:59,2025-01-08 14:53:09,2.25,6.15,Yes,1,Negative,Student needs help with technical issue issue.
276,SFS2024276,Karen Lewis,student276@sfsacademy.edu,Exam & Assessment,High,Closed,Email,Agent Priya,2024-09-11 10:21:00,2024-09-11 18:19:37,2024-09-12 05:22:38,7.98,19.03,Yes,3,Neutral,Student needs help with exam & assessment issue.
277,SFS2024277,Xander Clark,student277@sfsacademy.edu,Library Access,Low,Open,Email,Agent John,2024-01-06 12:13:00,2024-01-06 15:27:57,,3.25,,No,,Negative,Student needs help with library access issue.
278,SFS2024278,Henry Thomas,student278@sfsacademy.edu,Account & Login,High,Closed,Chat,Agent John,2024-03-26 14:31:00,2024-03-26 22:11:38,2024-03-27 07:51:53,7.68,17.35,Yes,3,Neutral,Student needs help with account & login issue.
279,SFS2024279,Xander Brown,student279@sfsacademy.edu,Exam & Assessment,High,Closed,Email,Agent Lisa,2024-08-19 09:51:00,2024-08-19 11:01:30,2024-08-19 14:34:36,1.18,4.73,No,4,Positive,Student needs help with exam & assessment issue.
280,SFS2024280,Frank Johnson,student280@sfsacademy.edu,General Inquiry,Medium,Closed,Chat,Agent Sara,2024-10-07 09:21:00,2024-10-08 12:31:16,2024-10-08 21:16:33,27.17,35.93,Yes,3,Neutral,Student needs help with general inquiry issue.
281,SFS2024281,Aiden Lee,student281@sfsacademy.edu,Library Access,Critical,Closed,Phone,Agent Lisa,2024-02-21 13:13:00,2024-02-21 14:10:04,2024-02-21 15:19:00,0.95,2.1,Yes,2,Negative,Student needs help with library access issue.
282,SFS2024282,Uma Martin,student282@sfsacademy.edu,General Inquiry,Low,Open,Email,Agent Mike,2024-03-19 08:23:00,2024-03-19 10:21:10,,1.97,,No,,Neutral,Student needs help with general inquiry issue.
283,SFS2024283,Frank Martinez,student283@sfsacademy.edu,General Inquiry,Low,Pending Student Response,Phone,Agent Ravi,2024-02-11 15:54:00,2024-02-11 21:36:14,,5.7,,No,,Negative,Student needs help with general inquiry issue.
284,SFS2024284,Wendy Taylor,student284@sfsacademy.edu,General Inquiry,Medium,Closed,Portal,Agent Lisa,2024-07-14 13:11:00,2024-07-15 13:22:21,2024-07-16 16:53:32,24.19,51.71,Yes,1,Negative,Student needs help with general inquiry issue.
285,SFS2024285,Bella Lee,student285@sfsacademy.edu,Enrollment,High,Closed,Chat,Agent Sara,2024-02-13 18:22:00,2024-02-14 02:18:50,2024-02-14 09:35:37,7.95,15.23,Yes,2,Negative,Student needs help with enrollment issue.
286,SFS2024286,Frank Jackson,student286@sfsacademy.edu,Technical Issue,Low,Closed,Email,Agent Priya,2024-10-20 11:30:00,2024-10-22 18:12:08,2024-10-24 13:51:40,54.7,98.36,Yes,3,Neutral,Student needs help with technical issue issue.
287,SFS2024287,Karen Brown,student287@sfsacademy.edu,Account & Login,Low,Open,Portal,Agent Mike,2025-02-17 11:08:00,2025-02-19 11:15:39,,48.13,,No,,Negative,Student needs help with account & login issue.
288,SFS2024288,Noah Taylor,student288@sfsacademy.edu,Library Access,Medium,Closed,Email,Agent Ravi,2024-02-14 14:35:00,2024-02-15 13:20:33,2024-02-16 19:37:35,22.76,53.04,Yes,2,Negative,Student needs help with library access issue.
289,SFS2024289,Carlos Clark,student289@sfsacademy.edu,Course Access,Medium,Closed,Email,Agent John,2024-07-31 10:09:00,2024-08-01 08:53:11,2024-08-03 02:39:28,22.74,64.51,Yes,3,Neutral,Student needs help with course access issue.
290,SFS2024290,Mia Johnson,student290@sfsacademy.edu,Technical Issue,Medium,Closed,Phone,Agent Priya,2024-05-15 14:41:00,2024-05-16 02:35:14,2024-05-17 08:38:41,11.9,41.96,Yes,2,Negative,Student needs help with technical issue issue.
291,SFS2024291,Jack Harris,student291@sfsacademy.edu,Library Access,Low,Pending Student Response,Email,Agent Tom,2024-07-21 13:44:00,2024-07-22 09:31:31,,19.79,,No,,Negative,Student needs help with library access issue.
292,SFS2024292,Grace Lewis,student292@sfsacademy.edu,Library Access,Critical,Closed,Phone,Agent Ravi,2024-09-08 18:06:00,2024-09-08 19:06:42,2024-09-08 21:21:43,1.01,3.26,Yes,2,Negative,Student needs help with library access issue.
293,SFS2024293,Yara Walker,student293@sfsacademy.edu,Exam & Assessment,Medium,Closed,Portal,Agent Sara,2024-04-18 14:47:00,2024-04-18 17:08:25,2024-04-20 03:29:24,2.36,36.71,Yes,2,Negative,Student needs help with exam & assessment issue.
294,SFS2024294,Wendy Jackson,student294@sfsacademy.edu,Technical Issue,Low,Pending Student Response,Email,Agent Mike,2024-10-18 08:11:00,2024-10-19 10:44:47,,26.56,,No,,Negative,Student needs help with technical issue issue.
295,SFS2024295,Bella Lee,student295@sfsacademy.edu,Course Access,Medium,Closed,Portal,Agent Sara,2024-05-20 13:52:00,2024-05-21 00:54:26,2024-05-22 05:49:39,11.04,39.96,Yes,1,Negative,Student needs help with course access issue.
296,SFS2024296,Frank Allen,student296@sfsacademy.edu,Library Access,Medium,Pending Student Response,Phone,Agent John,2024-10-27 16:22:00,2024-10-27 17:38:36,,1.28,,No,,Neutral,Student needs help with library access issue.
297,SFS2024297,Victor Smith,student297@sfsacademy.edu,Enrollment,Low,Closed,Chat,Agent Lisa,2025-02-03 11:54:00,2025-02-04 17:42:30,2025-02-08 04:50:53,29.81,112.95,Yes,3,Neutral,Student needs help with enrollment issue.
298,SFS2024298,Noah Robinson,student298@sfsacademy.edu,Enrollment,Low,Pending Student Response,Phone,Agent Lisa,2024-08-30 10:41:00,2024-09-01 03:52:50,,41.2,,No,,Negative,Student needs help with enrollment issue.
299,SFS2024299,Leo Hall,student299@sfsacademy.edu,Account & Login,Low,Closed,Email,Agent John,2024-06-27 15:16:00,2024-06-28 20:58:26,2024-07-01 12:53:52,29.71,93.63,Yes,3,Neutral,Student needs help with account & login issue.
300,SFS2024300,Iris Martin,student300@sfsacademy.edu,General Inquiry,Low,Closed,Phone,Agent John,2024-11-27 17:38:00,2024-11-30 02:34:07,2024-12-02 16:25:30,56.94,118.79,Yes,3,Neutral,Student needs help with general inquiry issue.
301,SFS2024301,Jack Harris,student301@sfsacademy.edu,Account & Login,High,Pending Student Response,Portal,Agent Tom,2024-04-06 10:33:00,2024-04-06 17:36:49,,7.06,,No,,Negative,Student needs help with account & login issue.
302,SFS2024302,Victor Martinez,student302@sfsacademy.edu,Enrollment,High,Closed,Portal,Agent Tom,2024-08-02 14:24:00,2024-08-02 21:08:43,2024-08-03 07:43:12,6.75,17.32,Yes,2,Negative,Student needs help with enrollment issue.
303,SFS2024303,Rose Thomas,student303@sfsacademy.edu,Payment & Billing,Low,Closed,Email,Agent Lisa,2024-09-16 12:54:00,2024-09-17 16:16:53,2024-09-20 15:40:07,27.38,98.77,Yes,3,Neutral,Student needs help with payment & billing issue.
304,SFS2024304,David Lee,student304@sfsacademy.edu,Library Access,Low,Closed,Phone,Agent Nadia,2024-12-14 13:41:00,2024-12-15 11:24:23,2024-12-17 20:02:08,21.72,78.35,Yes,2,Negative,Student needs help with library access issue.
305,SFS2024305,Bob Anderson,student305@sfsacademy.edu,General Inquiry,Medium,Closed,Email,Agent Mike,2024-01-28 18:37:00,2024-01-29 19:40:00,2024-01-30 14:36:19,25.05,43.99,Yes,1,Negative,Student needs help with general inquiry issue.
306,SFS2024306,Karen Thomas,student306@sfsacademy.edu,General Inquiry,Medium,Closed,Phone,Agent Priya,2024-03-11 11:21:00,2024-03-12 12:15:20,2024-03-12 21:43:57,24.91,34.38,Yes,1,Negative,Student needs help with general inquiry issue.
307,SFS2024307,Noah Clark,student307@sfsacademy.edu,Payment & Billing,Low,Closed,Chat,Agent Priya,2024-06-09 18:03:00,2024-06-11 15:23:07,2024-06-14 18:27:43,45.34,120.41,Yes,1,Negative,Student needs help with payment & billing issue.
308,SFS2024308,Alice Smith,student308@sfsacademy.edu,Enrollment,Medium,Open,Email,Agent Tom,2024-07-25 14:30:00,2024-07-26 16:14:37,,25.74,,No,,Neutral,Student needs help with enrollment issue.
309,SFS2024309,Bob Martin,student309@sfsacademy.edu,Payment & Billing,Medium,Closed,Chat,Agent John,2024-11-16 11:14:00,2024-11-17 01:58:39,2024-11-17 17:21:54,14.74,30.13,Yes,1,Negative,Student needs help with payment & billing issue.
310,SFS2024310,Frank Robinson,student310@sfsacademy.edu,Account & Login,Medium,Closed,Phone,Agent Priya,2024-05-28 15:46:00,2024-05-29 20:27:26,2024-05-30 20:29:44,28.69,52.73,Yes,3,Neutral,Student needs help with account & login issue.
311,SFS2024311,Mia Harris,student311@sfsacademy.edu,Technical Issue,High,Open,Email,Agent Priya,2024-01-10 11:14:00,2024-01-10 15:04:09,,3.84,,No,,Neutral,Student needs help with technical issue issue.
312,SFS2024312,Olivia Robinson,student312@sfsacademy.edu,Course Access,Low,In Progress,Email,Agent Sara,2025-01-29 16:39:00,2025-01-31 08:32:04,,39.88,,No,,Negative,Student needs help with course access issue.
313,SFS2024313,Tina Young,student313@sfsacademy.edu,Technical Issue,Medium,Open,Chat,Agent Lisa,2024-03-04 16:16:00,2024-03-05 11:29:30,,19.23,,No,,Negative,Student needs help with technical issue issue.
314,SFS2024314,Grace Young,student314@sfsacademy.edu,Course Access,High,Open,Email,Agent Lisa,2024-12-24 10:26:00,2024-12-24 18:04:28,,7.64,,No,,Negative,Student needs help with course access issue.
315,SFS2024315,Diana Lee,student315@sfsacademy.edu,Account & Login,Medium,Closed,Portal,Agent Lisa,2024-04-12 12:53:00,2024-04-12 14:29:54,2024-04-13 14:49:37,1.62,25.94,Yes,1,Negative,Student needs help with account & login issue.
316,SFS2024316,Xander Taylor,student316@sfsacademy.edu,Course Access,Low,Open,Portal,Agent Ravi,2024-06-18 11:00:00,2024-06-20 17:42:48,,54.71,,No,,Neutral,Student needs help with course access issue.
317,SFS2024317,Bella Johnson,student317@sfsacademy.edu,Library Access,Medium,In Progress,Email,Agent Ravi,2024-05-11 18:14:00,2024-05-11 21:33:28,,3.32,,No,,Neutral,Student needs help with library access issue.
318,SFS2024318,Karen Martinez,student318@sfsacademy.edu,Course Access,Medium,Closed,Email,Agent John,2024-05-28 13:51:00,2024-05-28 14:37:25,2024-05-28 22:07:41,0.77,8.28,No,5,Positive,Student needs help with course access issue.
319,SFS2024319,Iris Robinson,student319@sfsacademy.edu,Exam & Assessment,High,Open,Email,Agent Priya,2024-08-12 17:17:00,2024-08-12 21:25:49,,4.15,,No,,Negative,Student needs help with exam & assessment issue.
320,SFS2024320,Bella Thomas,student320@sfsacademy.edu,Payment & Billing,Medium,Pending Student Response,Portal,Agent John,2024-12-19 15:51:00,2024-12-20 12:03:05,,20.2,,No,,Neutral,Student needs help with payment & billing issue.
321,SFS2024321,Bella Anderson,student321@sfsacademy.edu,General Inquiry,Medium,Pending Student Response,Chat,Agent Priya,2024-02-23 14:58:00,2024-02-24 13:31:01,,22.55,,No,,Neutral,Student needs help with general inquiry issue.
322,SFS2024322,Xander Allen,student322@sfsacademy.edu,Course Access,High,Closed,Phone,Agent Lisa,2024-09-04 15:07:00,2024-09-04 15:43:44,2024-09-05 05:45:14,0.61,14.64,Yes,2,Negative,Student needs help with course access issue.
323,SFS2024323,Victor Robinson,student323@sfsacademy.edu,Exam & Assessment,Critical,Closed,Chat,Agent John,2025-01-05 17:14:00,2025-01-05 18:59:26,2025-01-05 20:44:10,1.76,3.5,Yes,2,Negative,Student needs help with exam & assessment issue.
324,SFS2024324,Yara Lee,student324@sfsacademy.edu,Payment & Billing,Critical,Open,Chat,Agent Ravi,2024-03-17 16:57:00,2024-03-17 19:06:06,,2.15,,No,,Neutral,Student needs help with payment & billing issue.
325,SFS2024325,Olivia Lewis,student325@sfsacademy.edu,Enrollment,Critical,Open,Chat,Agent Nadia,2024-06-13 11:21:00,2024-06-13 13:24:08,,2.05,,No,,Neutral,Student needs help with enrollment issue.
326,SFS2024326,Bob Hall,student326@sfsacademy.edu,Exam & Assessment,Low,Closed,Chat,Agent John,2025-02-14 17:28:00,2025-02-16 12:31:11,2025-02-16 15:12:28,43.05,45.74,No,4,Positive,Student needs help with exam & assessment issue.
327,SFS2024327,Henry Lewis,student327@sfsacademy.edu,Library Access,Low,Closed,Chat,Agent Mike,2024-10-08 08:52:00,2024-10-10 15:37:55,2024-10-12 03:08:58,54.77,90.28,Yes,1,Negative,Student needs help with library access issue.
328,SFS2024328,Leo Martin,student328@sfsacademy.edu,Exam & Assessment,Medium,Closed,Email,Agent Ravi,2024-06-18 16:49:00,2024-06-18 20:04:26,2024-06-20 04:02:34,3.26,35.23,Yes,1,Negative,Student needs help with exam & assessment issue.
329,SFS2024329,David Harris,student329@sfsacademy.edu,Payment & Billing,High,Open,Portal,Agent Ravi,2024-10-07 16:23:00,2024-10-08 00:21:43,,7.98,,No,,Negative,Student needs help with payment & billing issue.
330,SFS2024330,Yara Clark,student330@sfsacademy.edu,Enrollment,Low,Pending Student Response,Portal,Agent Ravi,2024-11-08 11:12:00,2024-11-10 04:37:42,,41.43,,No,,Neutral,Student needs help with enrollment issue.
331,SFS2024331,Quinn Johnson,student331@sfsacademy.edu,General Inquiry,Medium,Open,Portal,Agent Ravi,2024-01-24 18:53:00,2024-01-25 22:39:37,,27.78,,No,,Neutral,Student needs help with general inquiry issue.
332,SFS2024332,Quinn Robinson,student332@sfsacademy.edu,Payment & Billing,Medium,In Progress,Portal,Agent Priya,2024-10-10 14:53:00,2024-10-10 18:18:50,,3.43,,No,,Negative,Student needs help with payment & billing issue.
333,SFS2024333,Wendy Walker,student333@sfsacademy.edu,Account & Login,Medium,Closed,Phone,Agent Tom,2024-08-02 17:58:00,2024-08-03 07:16:55,2024-08-03 14:33:02,13.32,20.58,No,4,Positive,Student needs help with account & login issue.
334,SFS2024334,Victor Martinez,student334@sfsacademy.edu,Enrollment,Medium,Pending Student Response,Portal,Agent Mike,2024-06-02 16:55:00,2024-06-03 11:04:50,,18.16,,No,,Negative,Student needs help with enrollment issue.
335,SFS2024335,Victor Hall,student335@sfsacademy.edu,Exam & Assessment,Medium,In Progress,Phone,Agent John,2024-12-10 10:45:00,2024-12-11 03:09:45,,16.41,,No,,Negative,Student needs help with exam & assessment issue.
336,SFS2024336,Iris Thomas,student336@sfsacademy.edu,Account & Login,Low,Open,Email,Agent Priya,2024-05-26 14:51:00,2024-05-28 05:37:17,,38.77,,No,,Neutral,Student needs help with account & login issue.
337,SFS2024337,David Young,student337@sfsacademy.edu,Library Access,Low,Open,Email,Agent Mike,2024-05-26 18:16:00,2024-05-27 15:14:50,,20.98,,No,,Negative,Student needs help with library access issue.
338,SFS2024338,Noah Garcia,student338@sfsacademy.edu,Account & Login,Low,Closed,Phone,Agent Mike,2024-12-11 16:55:00,2024-12-13 08:58:59,2024-12-13 14:26:47,40.07,45.53,No,4,Positive,Student needs help with account & login issue.
339,SFS2024339,Yara Jackson,student339@sfsacademy.edu,General Inquiry,High,Closed,Phone,Agent Mike,2024-10-09 08:00:00,2024-10-09 15:22:17,2024-10-10 00:34:14,7.37,16.57,Yes,2,Negative,Student needs help with general inquiry issue.
340,SFS2024340,Rose Harris,student340@sfsacademy.edu,Payment & Billing,Critical,Open,Chat,Agent John,2024-05-30 15:11:00,2024-05-30 15:45:37,,0.58,,No,,Negative,Student needs help with payment & billing issue.
341,SFS2024341,Tina Johnson,student341@sfsacademy.edu,General Inquiry,High,Open,Email,Agent Priya,2024-03-07 10:37:00,2024-03-07 12:30:55,,1.9,,No,,Negative,Student needs help with general inquiry issue.
342,SFS2024342,Zoe Walker,student342@sfsacademy.edu,Exam & Assessment,High,Closed,Phone,Agent John,2025-01-31 18:39:00,2025-01-31 23:55:51,2025-02-01 15:17:09,5.28,20.64,Yes,2,Negative,Student needs help with exam & assessment issue.
343,SFS2024343,Grace Young,student343@sfsacademy.edu,Enrollment,Medium,Open,Phone,Agent Mike,2024-03-22 14:34:00,2024-03-23 00:26:09,,9.87,,No,,Negative,Student needs help with enrollment issue.
344,SFS2024344,Bob Garcia,student344@sfsacademy.edu,Technical Issue,High,In Progress,Phone,Agent John,2024-09-28 15:35:00,2024-09-28 20:08:20,,4.56,,No,,Neutral,Student needs help with technical issue issue.
345,SFS2024345,Carlos Jackson,student345@sfsacademy.edu,Technical Issue,Low,Pending Student Response,Chat,Agent Tom,2024-07-14 09:24:00,2024-07-15 13:41:47,,28.3,,No,,Negative,Student needs help with technical issue issue.
346,SFS2024346,Bella Clark,student346@sfsacademy.edu,Technical Issue,Critical,Open,Portal,Agent John,2024-06-13 16:05:00,2024-06-13 17:51:25,,1.77,,No,,Neutral,Student needs help with technical issue issue.
347,SFS2024347,Bob Brown,student347@sfsacademy.edu,Account & Login,High,Pending Student Response,Portal,Agent John,2024-02-23 11:34:00,2024-02-23 12:16:58,,0.72,,No,,Negative,Student needs help with account & login issue.
348,SFS2024348,Alice Robinson,student348@sfsacademy.edu,Enrollment,High,Closed,Chat,Agent Lisa,2024-02-07 08:11:00,2024-02-07 12:12:51,2024-02-07 22:40:03,4.03,14.48,Yes,2,Negative,Student needs help with enrollment issue.
349,SFS2024349,Jack Martin,student349@sfsacademy.edu,Course Access,Low,Pending Student Response,Email,Agent Sara,2024-12-10 09:34:00,2024-12-11 06:29:28,,20.92,,No,,Neutral,Student needs help with course access issue.
350,SFS2024350,Zoe Hall,student350@sfsacademy.edu,Account & Login,High,Closed,Chat,Agent Sara,2024-11-06 09:18:00,2024-11-06 11:13:21,2024-11-06 15:31:13,1.92,6.22,No,5,Positive,Student needs help with account & login issue.
351,SFS2024351,Sam Young,student351@sfsacademy.edu,Exam & Assessment,Low,Pending Student Response,Portal,Agent Sara,2024-05-31 18:09:00,2024-06-01 01:41:12,,7.54,,No,,Neutral,Student needs help with exam & assessment issue.
352,SFS2024352,Frank White,student352@sfsacademy.edu,Exam & Assessment,Critical,Closed,Chat,Agent Mike,2024-07-20 16:35:00,2024-07-20 18:48:14,2024-07-20 22:21:30,2.22,5.78,Yes,1,Negative,Student needs help with exam & assessment issue.
353,SFS2024353,Xander Allen,student353@sfsacademy.edu,Technical Issue,Low,Closed,Email,Agent Ravi,2024-11-11 12:12:00,2024-11-12 05:17:46,2024-11-12 12:41:44,17.1,24.5,No,3,Neutral,Student needs help with technical issue issue.
354,SFS2024354,Tina Martin,student354@sfsacademy.edu,Course Access,Low,Closed,Email,Agent Lisa,2024-09-06 13:22:00,2024-09-08 17:15:48,2024-09-10 00:27:11,51.9,83.09,Yes,2,Negative,Student needs help with course access issue.
355,SFS2024355,Xander Clark,student355@sfsacademy.edu,Exam & Assessment,Medium,Closed,Portal,Agent Nadia,2024-12-21 17:09:00,2024-12-21 17:47:12,2024-12-22 06:21:25,0.64,13.21,No,4,Positive,Student needs help with exam & assessment issue.
356,SFS2024356,Frank Young,student356@sfsacademy.edu,General Inquiry,Medium,Closed,Chat,Agent Ravi,2024-05-21 13:08:00,2024-05-21 23:47:08,2024-05-22 15:08:34,10.65,26.01,Yes,2,Negative,Student needs help with general inquiry issue.
357,SFS2024357,Bella Walker,student357@sfsacademy.edu,Enrollment,High,Pending Student Response,Email,Agent Lisa,2024-02-11 12:54:00,2024-02-11 20:01:10,,7.12,,No,,Neutral,Student needs help with enrollment issue.
358,SFS2024358,Yara Anderson,student358@sfsacademy.edu,Enrollment,Medium,Closed,Phone,Agent Sara,2024-11-19 08:52:00,2024-11-20 00:44:48,2024-11-22 00:41:13,15.88,63.82,Yes,2,Negative,Student needs help with enrollment issue.
359,SFS2024359,Alice White,student359@sfsacademy.edu,Library Access,High,Closed,Chat,Agent Priya,2024-07-06 14:14:00,2024-07-06 19:17:36,2024-07-06 21:39:06,5.06,7.42,No,4,Positive,Student needs help with library access issue.
360,SFS2024360,Eve Lee,student360@sfsacademy.edu,General Inquiry,Low,Closed,Portal,Agent Priya,2025-02-16 17:43:00,2025-02-18 02:33:20,2025-02-20 09:18:28,32.84,87.59,Yes,3,Neutral,Student needs help with general inquiry issue.
361,SFS2024361,Leo Robinson,student361@sfsacademy.edu,Library Access,High,Closed,Portal,Agent Tom,2024-07-02 08:14:00,2024-07-02 09:07:22,2024-07-02 13:13:28,0.89,4.99,No,5,Positive,Student needs help with library access issue.
362,SFS2024362,Sam Hall,student362@sfsacademy.edu,Exam & Assessment,Low,In Progress,Phone,Agent John,2024-08-28 15:56:00,2024-08-30 16:06:16,,48.17,,No,,Negative,Student needs help with exam & assessment issue.
363,SFS2024363,Aiden Martinez,student363@sfsacademy.edu,Course Access,Medium,Closed,Chat,Agent Lisa,2024-10-18 10:24:00,2024-10-19 14:25:36,2024-10-20 01:54:10,28.03,39.5,Yes,2,Negative,Student needs help with course access issue.
364,SFS2024364,Eve Thomas,student364@sfsacademy.edu,Payment & Billing,Medium,Closed,Portal,Agent Ravi,2024-09-06 15:56:00,2024-09-06 22:56:31,2024-09-08 00:07:31,7.01,32.19,Yes,1,Negative,Student needs help with payment & billing issue.
365,SFS2024365,Victor Lee,student365@sfsacademy.edu,Enrollment,High,Open,Phone,Agent Nadia,2024-03-21 13:38:00,2024-03-21 20:41:15,,7.05,,No,,Negative,Student needs help with enrollment issue.
366,SFS2024366,Eve Walker,student366@sfsacademy.edu,Technical Issue,Low,Pending Student Response,Email,Agent Mike,2024-09-02 11:37:00,2024-09-02 19:25:08,,7.8,,No,,Neutral,Student needs help with technical issue issue.
367,SFS2024367,Carol Jackson,student367@sfsacademy.edu,Payment & Billing,Low,Closed,Email,Agent Nadia,2024-01-21 17:09:00,2024-01-23 19:48:46,2024-01-26 17:58:13,50.66,120.82,Yes,3,Neutral,Student needs help with payment & billing issue.
368,SFS2024368,Frank Garcia,student368@sfsacademy.edu,Account & Login,High,Open,Portal,Agent Priya,2024-08-17 17:30:00,2024-08-17 23:40:16,,6.17,,No,,Negative,Student needs help with account & login issue.
369,SFS2024369,Noah Anderson,student369@sfsacademy.edu,Payment & Billing,Low,Closed,Email,Agent John,2024-08-20 17:37:00,2024-08-21 05:40:14,2024-08-24 16:19:55,12.05,94.72,Yes,2,Negative,Student needs help with payment & billing issue.
370,SFS2024370,Aiden Smith,student370@sfsacademy.edu,Technical Issue,Medium,Closed,Email,Agent John,2024-11-06 09:11:00,2024-11-06 23:19:50,2024-11-07 06:27:22,14.15,21.27,No,5,Positive,Student needs help with technical issue issue.
371,SFS2024371,Leo Allen,student371@sfsacademy.edu,Technical Issue,Medium,Closed,Portal,Agent Nadia,2025-01-31 18:41:00,2025-02-01 21:44:26,2025-02-02 21:24:01,27.06,50.72,Yes,3,Neutral,Student needs help with technical issue issue.
372,SFS2024372,Alice Smith,student372@sfsacademy.edu,Enrollment,Medium,Closed,Phone,Agent John,2025-02-15 17:06:00,2025-02-16 10:31:54,2025-02-17 13:05:13,17.43,43.99,Yes,1,Negative,Student needs help with enrollment issue.
373,SFS2024373,Iris Harris,student373@sfsacademy.edu,Enrollment,Medium,Closed,Chat,Agent Tom,2024-10-22 16:07:00,2024-10-23 02:52:08,2024-10-23 11:08:36,10.75,19.03,No,5,Positive,Student needs help with enrollment issue.
374,SFS2024374,Rose Hall,student374@sfsacademy.edu,Account & Login,Medium,Closed,Chat,Agent Mike,2024-10-01 14:36:00,2024-10-02 06:43:28,2024-10-03 09:55:48,16.12,43.33,Yes,1,Negative,Student needs help with account & login issue.
375,SFS2024375,Zoe Thomas,student375@sfsacademy.edu,Account & Login,Medium,Pending Student Response,Email,Agent Priya,2024-09-04 12:19:00,2024-09-05 09:58:47,,21.66,,No,,Negative,Student needs help with account & login issue.
376,SFS2024376,Eve Lee,student376@sfsacademy.edu,Technical Issue,Medium,Closed,Chat,Agent Priya,2024-02-21 11:32:00,2024-02-22 15:19:50,2024-02-22 16:34:45,27.8,29.05,Yes,1,Negative,Student needs help with technical issue issue.
377,SFS2024377,Jack Young,student377@sfsacademy.edu,Course Access,Low,Closed,Chat,Agent Sara,2024-11-03 14:05:00,2024-11-05 19:43:31,2024-11-07 10:47:12,53.64,92.7,Yes,2,Negative,Student needs help with course access issue.
378,SFS2024378,Tina Thomas,student378@sfsacademy.edu,Library Access,Medium,Open,Email,Agent Mike,2024-01-30 10:40:00,2024-01-31 09:21:09,,22.69,,No,,Neutral,Student needs help with library access issue.
379,SFS2024379,Victor Robinson,student379@sfsacademy.edu,Payment & Billing,Low,Open,Phone,Agent John,2024-12-11 08:23:00,2024-12-13 05:24:09,,45.02,,No,,Negative,Student needs help with payment & billing issue.
380,SFS2024380,Leo Harris,student380@sfsacademy.edu,Course Access,Medium,Pending Student Response,Phone,Agent John,2024-07-26 17:12:00,2024-07-27 14:14:59,,21.05,,No,,Negative,Student needs help with course access issue.
381,SFS2024381,Jack Garcia,student381@sfsacademy.edu,Technical Issue,Medium,Closed,Portal,Agent Lisa,2024-04-25 17:12:00,2024-04-26 05:13:18,2024-04-26 11:13:32,12.02,18.03,No,3,Neutral,Student needs help with technical issue issue.
382,SFS2024382,Yara Garcia,student382@sfsacademy.edu,Library Access,High,Pending Student Response,Chat,Agent Ravi,2024-02-29 16:16:00,2024-02-29 21:53:29,,5.62,,No,,Neutral,Student needs help with library access issue.
383,SFS2024383,Henry White,student383@sfsacademy.edu,Technical Issue,Medium,Closed,Email,Agent Ravi,2025-02-01 15:43:00,2025-02-01 23:30:46,2025-02-02 18:29:54,7.8,26.78,Yes,3,Neutral,Student needs help with technical issue issue.
384,SFS2024384,Karen Brown,student384@sfsacademy.edu,Technical Issue,Critical,Closed,Portal,Agent Lisa,2025-02-13 13:26:00,2025-02-13 14:28:45,2025-02-13 16:40:33,1.05,3.24,Yes,3,Neutral,Student needs help with technical issue issue.
385,SFS2024385,Bella Harris,student385@sfsacademy.edu,Library Access,Medium,Closed,Portal,Agent Priya,2024-10-10 10:30:00,2024-10-11 01:07:18,2024-10-11 11:30:21,14.62,25.01,Yes,3,Neutral,Student needs help with library access issue.
386,SFS2024386,Victor Lee,student386@sfsacademy.edu,Exam & Assessment,High,Pending Student Response,Email,Agent Priya,2024-04-15 11:12:00,2024-04-15 12:47:27,,1.59,,No,,Neutral,Student needs help with exam & assessment issue.
387,SFS2024387,Paul Thomas,student387@sfsacademy.edu,General Inquiry,High,In Progress,Phone,Agent Tom,2024-11-10 08:48:00,2024-11-10 13:46:49,,4.98,,No,,Negative,Student needs help with general inquiry issue.
388,SFS2024388,Quinn Martinez,student388@sfsacademy.edu,Payment & Billing,Medium,Pending Student Response,Chat,Agent Sara,2025-01-26 16:17:00,2025-01-27 06:19:11,,14.04,,No,,Neutral,Student needs help with payment & billing issue.
389,SFS2024389,Mia Allen,student389@sfsacademy.edu,General Inquiry,Low,In Progress,Email,Agent Tom,2024-07-20 18:49:00,2024-07-20 19:59:29,,1.17,,No,,Neutral,Student needs help with general inquiry issue.
390,SFS2024390,Paul Clark,student390@sfsacademy.edu,Library Access,Medium,Closed,Phone,Agent Mike,2024-02-21 13:23:00,2024-02-22 03:13:20,2024-02-23 09:02:14,13.84,43.65,Yes,2,Negative,Student needs help with library access issue.
391,SFS2024391,Henry Taylor,student391@sfsacademy.edu,Account & Login,High,Closed,Chat,Agent Lisa,2024-04-17 14:44:00,2024-04-17 16:52:13,2024-04-17 19:50:14,2.14,5.1,No,4,Positive,Student needs help with account & login issue.
392,SFS2024392,Alice Thomas,student392@sfsacademy.edu,Account & Login,Low,Closed,Portal,Agent Mike,2025-01-04 12:51:00,2025-01-06 11:01:55,2025-01-09 10:11:37,46.18,117.34,Yes,2,Negative,Student needs help with account & login issue.
393,SFS2024393,Mia Taylor,student393@sfsacademy.edu,Exam & Assessment,Critical,Pending Student Response,Phone,Agent Ravi,2024-08-03 15:08:00,2024-08-03 16:06:36,,0.98,,No,,Neutral,Student needs help with exam & assessment issue.
394,SFS2024394,Zoe Harris,student394@sfsacademy.edu,Course Access,Low,Closed,Phone,Agent Ravi,2024-12-19 10:03:00,2024-12-20 01:22:58,2024-12-21 12:36:42,15.33,50.56,Yes,2,Negative,Student needs help with course access issue.
395,SFS2024395,Yara Lewis,student395@sfsacademy.edu,Enrollment,Low,Pending Student Response,Phone,Agent Priya,2024-06-25 08:26:00,2024-06-26 05:12:36,,20.78,,No,,Negative,Student needs help with enrollment issue.
396,SFS2024396,Diana Brown,student396@sfsacademy.edu,Payment & Billing,Low,Closed,Phone,Agent Priya,2024-02-10 14:39:00,2024-02-11 15:14:08,2024-02-14 02:24:18,24.59,83.76,Yes,2,Negative,Student needs help with payment & billing issue.
397,SFS2024397,Leo Allen,student397@sfsacademy.edu,Library Access,Low,Closed,Chat,Agent Lisa,2024-02-10 10:21:00,2024-02-11 02:20:17,2024-02-12 21:36:13,15.99,59.25,Yes,3,Neutral,Student needs help with library access issue.
398,SFS2024398,Grace Thomas,student398@sfsacademy.edu,Payment & Billing,Low,Pending Student Response,Phone,Agent Mike,2024-09-23 15:26:00,2024-09-25 21:37:56,,54.2,,No,,Neutral,Student needs help with payment & billing issue.
399,SFS2024399,David Harris,student399@sfsacademy.edu,Technical Issue,Low,Pending Student Response,Chat,Agent Sara,2024-07-22 09:06:00,2024-07-23 15:31:09,,30.42,,No,,Neutral,Student needs help with technical issue issue.
400,SFS2024400,Uma Anderson,student400@sfsacademy.edu,Library Access,Medium,Pending Student Response,Portal,Agent Mike,2024-11-12 10:05:00,2024-11-13 07:27:25,,21.37,,No,,Negative,Student needs help with library access issue.
401,SFS2024401,Rose Lewis,student401@sfsacademy.edu,Exam & Assessment,Low,Open,Chat,Agent Tom,2024-03-08 16:53:00,2024-03-09 20:03:36,,27.18,,No,,Negative,Student needs help with exam & assessment issue.
402,SFS2024402,Jack Martinez,student402@sfsacademy.edu,Account & Login,Medium,Closed,Phone,Agent Lisa,2024-03-10 16:11:00,2024-03-11 06:18:50,2024-03-11 17:59:20,14.13,25.81,Yes,1,Negative,Student needs help with account & login issue.
403,SFS2024403,Wendy Lee,student403@sfsacademy.edu,Payment & Billing,Medium,Open,Phone,Agent Tom,2024-07-30 12:09:00,2024-07-31 01:55:41,,13.78,,No,,Neutral,Student needs help with payment & billing issue.
404,SFS2024404,Noah Robinson,student404@sfsacademy.edu,Library Access,Low,Closed,Email,Agent Mike,2025-01-21 15:19:00,2025-01-22 23:07:10,2025-01-23 18:02:01,31.8,50.72,Yes,3,Neutral,Student needs help with library access issue.
405,SFS2024405,Zoe Young,student405@sfsacademy.edu,Account & Login,High,Closed,Phone,Agent Mike,2024-05-07 10:45:00,2024-05-07 11:58:14,2024-05-07 22:21:02,1.22,11.6,Yes,2,Negative,Student needs help with account & login issue.
406,SFS2024406,Eve Martin,student406@sfsacademy.edu,Library Access,Low,Pending Student Response,Portal,Agent Nadia,2025-02-17 18:17:00,2025-02-19 19:31:01,,49.23,,No,,Neutral,Student needs help with library access issue.
407,SFS2024407,Frank Taylor,student407@sfsacademy.edu,General Inquiry,Medium,Closed,Phone,Agent Mike,2024-02-26 18:29:00,2024-02-26 19:31:56,2024-02-26 22:51:53,1.05,4.38,No,4,Positive,Student needs help with general inquiry issue.
408,SFS2024408,Karen Clark,student408@sfsacademy.edu,Enrollment,High,Pending Student Response,Portal,Agent John,2024-05-24 12:08:00,2024-05-24 12:46:02,,0.63,,No,,Neutral,Student needs help with enrollment issue.
409,SFS2024409,Carol Hall,student409@sfsacademy.edu,Exam & Assessment,Medium,Pending Student Response,Portal,Agent John,2024-06-08 15:23:00,2024-06-08 17:28:09,,2.09,,No,,Negative,Student needs help with exam & assessment issue.
410,SFS2024410,Olivia White,student410@sfsacademy.edu,Account & Login,High,Closed,Email,Agent Sara,2024-08-28 10:12:00,2024-08-28 19:34:07,2024-08-29 07:17:20,9.37,21.09,Yes,2,Negative,Student needs help with account & login issue.
411,SFS2024411,Diana Garcia,student411@sfsacademy.edu,Enrollment,Medium,Pending Student Response,Chat,Agent Ravi,2025-01-12 08:12:00,2025-01-13 03:59:05,,19.78,,No,,Negative,Student needs help with enrollment issue.
412,SFS2024412,Leo Johnson,student412@sfsacademy.edu,Course Access,Low,In Progress,Chat,Agent Lisa,2024-03-22 18:46:00,2024-03-24 07:43:34,,36.96,,No,,Neutral,Student needs help with course access issue.
413,SFS2024413,Bob Allen,student413@sfsacademy.edu,Technical Issue,Low,Closed,Phone,Agent Priya,2024-12-07 11:07:00,2024-12-08 21:00:10,2024-12-10 11:36:16,33.89,72.49,Yes,1,Negative,Student needs help with technical issue issue.
414,SFS2024414,Yara Johnson,student414@sfsacademy.edu,Course Access,Medium,Closed,Portal,Agent Mike,2025-02-05 15:44:00,2025-02-06 06:22:51,2025-02-07 15:37:13,14.65,47.89,Yes,2,Negative,Student needs help with course access issue.
415,SFS2024415,Yara Martinez,student415@sfsacademy.edu,Course Access,Low,Closed,Chat,Agent Priya,2024-01-31 13:41:00,2024-02-01 03:28:08,2024-02-05 01:43:41,13.79,108.04,Yes,3,Neutral,Student needs help with course access issue.
416,SFS2024416,Jack Hall,student416@sfsacademy.edu,Exam & Assessment,Low,Closed,Phone,Agent Priya,2025-02-16 15:46:00,2025-02-18 19:34:49,2025-02-20 18:41:02,51.81,98.92,Yes,2,Negative,Student needs help with exam & assessment issue.
417,SFS2024417,Frank Brown,student417@sfsacademy.edu,Exam & Assessment,Medium,Closed,Phone,Agent Ravi,2024-12-22 15:12:00,2024-12-23 16:15:17,2024-12-24 21:23:34,25.05,54.19,Yes,3,Neutral,Student needs help with exam & assessment issue.
418,SFS2024418,Carlos Smith,student418@sfsacademy.edu,Exam & Assessment,Low,Closed,Email,Agent Ravi,2024-09-28 10:28:00,2024-09-30 07:16:17,2024-10-02 08:20:15,44.8,93.87,Yes,3,Neutral,Student needs help with exam & assessment issue.
419,SFS2024419,Tina Martin,student419@sfsacademy.edu,Course Access,Medium,Closed,Portal,Agent Nadia,2024-11-13 13:49:00,2024-11-14 05:08:52,2024-11-15 05:31:57,15.33,39.72,Yes,2,Negative,Student needs help with course access issue.
420,SFS2024420,Grace Taylor,student420@sfsacademy.edu,Course Access,Medium,Open,Portal,Agent Sara,2024-06-14 14:41:00,2024-06-14 20:14:19,,5.56,,No,,Neutral,Student needs help with course access issue.
421,SFS2024421,Alice Jackson,student421@sfsacademy.edu,Account & Login,Low,Closed,Phone,Agent Ravi,2024-09-05 11:06:00,2024-09-05 14:24:10,2024-09-06 12:22:17,3.3,25.27,No,5,Positive,Student needs help with account & login issue.
422,SFS2024422,Aiden Young,student422@sfsacademy.edu,Technical Issue,High,Open,Chat,Agent Tom,2024-12-01 15:59:00,2024-12-01 23:57:49,,7.98,,No,,Neutral,Student needs help with technical issue issue.
423,SFS2024423,Rose Robinson,student423@sfsacademy.edu,Course Access,High,Pending Student Response,Email,Agent Mike,2024-05-16 16:02:00,2024-05-16 17:27:16,,1.42,,No,,Neutral,Student needs help with course access issue.
424,SFS2024424,Wendy Clark,student424@sfsacademy.edu,Payment & Billing,Medium,Closed,Email,Agent Nadia,2024-04-07 11:33:00,2024-04-08 09:44:08,2024-04-09 13:50:03,22.19,50.28,Yes,2,Negative,Student needs help with payment & billing issue.
425,SFS2024425,Karen Martinez,student425@sfsacademy.edu,Exam & Assessment,Low,Closed,Chat,Agent Priya,2024-02-23 10:50:00,2024-02-25 16:38:14,2024-02-29 07:22:24,53.8,140.54,Yes,2,Negative,Student needs help with exam & assessment issue.
426,SFS2024426,Olivia Lewis,student426@sfsacademy.edu,Enrollment,High,Closed,Chat,Agent Mike,2024-07-30 18:27:00,2024-07-31 01:55:04,2024-07-31 16:48:36,7.47,22.36,Yes,1,Negative,Student needs help with enrollment issue.
427,SFS2024427,Karen Smith,student427@sfsacademy.edu,Technical Issue,Low,Closed,Phone,Agent Priya,2024-07-22 08:46:00,2024-07-22 09:38:30,2024-07-26 08:09:33,0.88,95.39,Yes,1,Negative,Student needs help with technical issue issue.
428,SFS2024428,Carlos Allen,student428@sfsacademy.edu,Payment & Billing,Medium,Closed,Email,Agent John,2025-01-30 12:58:00,2025-01-31 02:29:42,2025-01-31 10:49:55,13.53,21.87,No,4,Positive,Student needs help with payment & billing issue.
429,SFS2024429,Frank Lee,student429@sfsacademy.edu,Account & Login,High,Open,Email,Agent Mike,2024-05-07 11:16:00,2024-05-07 18:21:04,,7.08,,No,,Negative,Student needs help with account & login issue.
430,SFS2024430,Leo Clark,student430@sfsacademy.edu,Library Access,Critical,Closed,Chat,Agent Sara,2025-02-26 17:52:00,2025-02-26 18:30:56,2025-02-26 19:41:00,0.65,1.82,No,5,Positive,Student needs help with library access issue.
431,SFS2024431,Karen Hall,student431@sfsacademy.edu,Technical Issue,High,Pending Student Response,Email,Agent Nadia,2024-08-01 09:55:00,2024-08-01 13:11:24,,3.27,,No,,Neutral,Student needs help with technical issue issue.
432,SFS2024432,Noah Martin,student432@sfsacademy.edu,Technical Issue,Medium,Closed,Chat,Agent Nadia,2024-10-16 10:20:00,2024-10-17 08:08:19,2024-10-18 12:10:32,21.81,49.84,Yes,1,Negative,Student needs help with technical issue issue.
433,SFS2024433,Yara Anderson,student433@sfsacademy.edu,Technical Issue,Low,Open,Phone,Agent Nadia,2025-02-06 14:09:00,2025-02-06 19:30:28,,5.36,,No,,Negative,Student needs help with technical issue issue.
434,SFS2024434,Diana Allen,student434@sfsacademy.edu,Enrollment,Medium,Closed,Portal,Agent Mike,2025-01-25 10:30:00,2025-01-25 13:01:39,2025-01-27 02:32:08,2.53,40.04,Yes,2,Negative,Student needs help with enrollment issue.
435,SFS2024435,Leo Young,student435@sfsacademy.edu,Enrollment,Medium,Closed,Phone,Agent Tom,2024-02-15 09:42:00,2024-02-16 03:00:24,2024-02-16 05:08:39,17.31,19.44,No,4,Positive,Student needs help with enrollment issue.
436,SFS2024436,David Johnson,student436@sfsacademy.edu,Enrollment,Low,Open,Phone,Agent Mike,2025-02-24 15:39:00,2025-02-25 01:03:25,,9.41,,No,,Neutral,Student needs help with enrollment issue.
437,SFS2024437,Jack Lewis,student437@sfsacademy.edu,Library Access,Low,Pending Student Response,Phone,Agent Sara,2024-05-04 17:59:00,2024-05-06 10:05:56,,40.12,,No,,Neutral,Student needs help with library access issue.
438,SFS2024438,Victor Smith,student438@sfsacademy.edu,Enrollment,Low,Closed,Chat,Agent Lisa,2024-08-29 08:21:00,2024-08-30 20:25:32,2024-09-03 19:41:39,36.08,131.34,Yes,2,Negative,Student needs help with enrollment issue.
439,SFS2024439,Bob Lewis,student439@sfsacademy.edu,Payment & Billing,Medium,Open,Phone,Agent Sara,2024-07-11 17:57:00,2024-07-12 00:07:46,,6.18,,No,,Negative,Student needs help with payment & billing issue.
440,SFS2024440,Mia Walker,student440@sfsacademy.edu,Exam & Assessment,Medium,Closed,Email,Agent John,2024-12-01 08:04:00,2024-12-01 16:50:39,2024-12-03 11:21:51,8.78,51.3,Yes,2,Negative,Student needs help with exam & assessment issue.
441,SFS2024441,Rose Smith,student441@sfsacademy.edu,Course Access,Medium,Pending Student Response,Portal,Agent Priya,2024-12-29 09:57:00,2024-12-30 00:37:06,,14.67,,No,,Negative,Student needs help with course access issue.
442,SFS2024442,Henry Walker,student442@sfsacademy.edu,Account & Login,Medium,Closed,Email,Agent Priya,2024-01-21 11:59:00,2024-01-21 22:17:49,2024-01-22 15:50:13,10.31,27.85,Yes,2,Negative,Student needs help with account & login issue.
443,SFS2024443,Carol Robinson,student443@sfsacademy.edu,Technical Issue,Low,Closed,Portal,Agent Lisa,2024-05-21 08:40:00,2024-05-21 17:49:45,2024-05-25 08:03:39,9.16,95.39,Yes,2,Negative,Student needs help with technical issue issue.
444,SFS2024444,Olivia Hall,student444@sfsacademy.edu,Account & Login,High,Closed,Portal,Agent Mike,2024-09-23 18:39:00,2024-09-23 23:01:50,2024-09-24 04:42:59,4.38,10.07,Yes,2,Negative,Student needs help with account & login issue.
445,SFS2024445,Noah Anderson,student445@sfsacademy.edu,Enrollment,Low,Closed,Phone,Agent Priya,2024-03-08 11:41:00,2024-03-10 03:29:54,2024-03-13 17:52:10,39.82,126.19,Yes,3,Neutral,Student needs help with enrollment issue.
446,SFS2024446,Xander Smith,student446@sfsacademy.edu,Course Access,Low,Open,Phone,Agent Priya,2024-12-01 17:58:00,2024-12-03 18:24:12,,48.44,,No,,Neutral,Student needs help with course access issue.
447,SFS2024447,David Anderson,student447@sfsacademy.edu,Library Access,Critical,In Progress,Phone,Agent Ravi,2025-01-26 13:56:00,2025-01-26 14:43:19,,0.79,,No,,Neutral,Student needs help with library access issue.
448,SFS2024448,Paul Anderson,student448@sfsacademy.edu,Enrollment,Critical,Closed,Portal,Agent Mike,2024-04-04 08:48:00,2024-04-04 10:36:21,2024-04-04 12:41:01,1.81,3.88,Yes,2,Negative,Student needs help with enrollment issue.
449,SFS2024449,Yara Smith,student449@sfsacademy.edu,Account & Login,High,Closed,Chat,Agent Ravi,2024-09-14 17:30:00,2024-09-14 19:15:04,2024-09-14 23:09:00,1.75,5.65,No,3,Neutral,Student needs help with account & login issue.
450,SFS2024450,Bella Young,student450@sfsacademy.edu,Enrollment,High,In Progress,Portal,Agent John,2024-05-18 14:14:00,2024-05-18 23:10:11,,8.94,,No,,Negative,Student needs help with enrollment issue.
451,SFS2024451,Sam Young,student451@sfsacademy.edu,Account & Login,Medium,Closed,Chat,Agent Sara,2024-09-07 13:55:00,2024-09-08 10:47:54,2024-09-09 06:19:24,20.88,40.41,Yes,3,Neutral,Student needs help with account & login issue.
452,SFS2024452,Carlos White,student452@sfsacademy.edu,Course Access,High,Pending Student Response,Chat,Agent Ravi,2024-10-01 16:41:00,2024-10-02 00:42:32,,8.03,,No,,Neutral,Student needs help with course access issue.
453,SFS2024453,Carlos Martin,student453@sfsacademy.edu,Account & Login,Critical,Open,Portal,Agent Sara,2024-09-22 16:25:00,2024-09-22 17:28:11,,1.05,,No,,Negative,Student needs help with account & login issue.
454,SFS2024454,David Thomas,student454@sfsacademy.edu,Technical Issue,Low,Closed,Chat,Agent Priya,2025-01-31 12:29:00,2025-02-02 12:22:12,2025-02-04 08:16:53,47.89,91.8,Yes,3,Neutral,Student needs help with technical issue issue.
455,SFS2024455,Sam Jackson,student455@sfsacademy.edu,Account & Login,Medium,Open,Chat,Agent Tom,2025-02-02 17:57:00,2025-02-02 19:09:18,,1.21,,No,,Negative,Student needs help with account & login issue.
456,SFS2024456,Quinn Robinson,student456@sfsacademy.edu,Payment & Billing,Medium,Closed,Email,Agent John,2024-08-20 09:16:00,2024-08-20 12:59:51,2024-08-21 11:07:09,3.73,25.85,Yes,2,Negative,Student needs help with payment & billing issue.
457,SFS2024457,Eve Thomas,student457@sfsacademy.edu,Account & Login,Critical,Closed,Portal,Agent Sara,2025-01-07 16:39:00,2025-01-07 18:52:59,2025-01-07 21:34:47,2.23,4.93,Yes,2,Negative,Student needs help with account & login issue.
458,SFS2024458,Grace Smith,student458@sfsacademy.edu,Library Access,High,Closed,Phone,Agent Ravi,2024-03-15 10:49:00,2024-03-15 17:01:02,2024-03-15 19:46:50,6.2,8.96,Yes,1,Negative,Student needs help with library access issue.
459,SFS2024459,Olivia Clark,student459@sfsacademy.edu,Technical Issue,Medium,Pending Student Response,Portal,Agent Ravi,2024-11-14 12:00:00,2024-11-14 18:38:15,,6.64,,No,,Negative,Student needs help with technical issue issue.
460,SFS2024460,Eve Johnson,student460@sfsacademy.edu,Library Access,Medium,Closed,Email,Agent Mike,2024-08-14 09:38:00,2024-08-14 15:21:51,2024-08-14 18:57:08,5.73,9.32,No,4,Positive,Student needs help with library access issue.
461,SFS2024461,Tina Young,student461@sfsacademy.edu,Course Access,Medium,Closed,Email,Agent Sara,2024-12-07 17:53:00,2024-12-08 06:10:59,2024-12-08 15:33:39,12.3,21.68,No,5,Positive,Student needs help with course access issue.
462,SFS2024462,Leo Robinson,student462@sfsacademy.edu,Exam & Assessment,Critical,Pending Student Response,Email,Agent Sara,2024-10-20 16:11:00,2024-10-20 18:08:36,,1.96,,No,,Negative,Student needs help with exam & assessment issue.
463,SFS2024463,Noah Walker,student463@sfsacademy.edu,Library Access,Medium,Closed,Portal,Agent Ravi,2025-02-23 09:48:00,2025-02-23 13:45:11,2025-02-25 07:08:43,3.95,45.35,Yes,2,Negative,Student needs help with library access issue.
464,SFS2024464,Sam Young,student464@sfsacademy.edu,Course Access,Low,Closed,Phone,Agent Ravi,2024-04-17 11:39:00,2024-04-18 12:32:05,2024-04-21 22:04:32,24.88,106.43,Yes,1,Negative,Student needs help with course access issue.
465,SFS2024465,Grace Smith,student465@sfsacademy.edu,General Inquiry,Medium,Closed,Portal,Agent Ravi,2024-06-30 10:39:00,2024-07-01 12:09:27,2024-07-02 00:05:44,25.51,37.45,Yes,1,Negative,Student needs help with general inquiry issue.
466,SFS2024466,Rose Jackson,student466@sfsacademy.edu,Enrollment,Medium,Open,Chat,Agent Nadia,2024-03-01 08:29:00,2024-03-01 10:16:14,,1.79,,No,,Negative,Student needs help with enrollment issue.
467,SFS2024467,Victor Garcia,student467@sfsacademy.edu,Course Access,Medium,Closed,Phone,Agent Lisa,2024-01-06 18:12:00,2024-01-07 09:02:21,2024-01-08 01:15:49,14.84,31.06,Yes,1,Negative,Student needs help with course access issue.
468,SFS2024468,Diana Lee,student468@sfsacademy.edu,Payment & Billing,Medium,In Progress,Phone,Agent Mike,2024-06-23 14:46:00,2024-06-24 14:51:50,,24.1,,No,,Negative,Student needs help with payment & billing issue.
469,SFS2024469,Diana Johnson,student469@sfsacademy.edu,General Inquiry,Low,Open,Chat,Agent Tom,2025-02-12 08:41:00,2025-02-14 05:56:56,,45.27,,No,,Negative,Student needs help with general inquiry issue.
470,SFS2024470,Eve Harris,student470@sfsacademy.edu,Technical Issue,High,Closed,Phone,Agent Mike,2024-09-23 12:36:00,2024-09-23 20:22:32,2024-09-24 10:41:46,7.78,22.1,Yes,2,Negative,Student needs help with technical issue issue.
471,SFS2024471,Wendy Garcia,student471@sfsacademy.edu,Account & Login,Medium,Pending Student Response,Email,Agent Priya,2024-01-16 13:24:00,2024-01-17 14:22:04,,24.97,,No,,Negative,Student needs help with account & login issue.
472,SFS2024472,Frank Taylor,student472@sfsacademy.edu,Enrollment,Medium,Closed,Chat,Agent Tom,2024-12-29 08:17:00,2024-12-30 08:15:25,2024-12-30 23:28:49,23.97,39.2,Yes,2,Negative,Student needs help with enrollment issue.
473,SFS2024473,Xander Walker,student473@sfsacademy.edu,Technical Issue,Low,Open,Portal,Agent Ravi,2024-07-10 08:49:00,2024-07-10 20:10:39,,11.36,,No,,Negative,Student needs help with technical issue issue.
474,SFS2024474,Alice Martin,student474@sfsacademy.edu,Payment & Billing,High,Open,Email,Agent Mike,2024-06-07 13:09:00,2024-06-07 17:49:48,,4.68,,No,,Neutral,Student needs help with payment & billing issue.
475,SFS2024475,Alice Allen,student475@sfsacademy.edu,General Inquiry,Medium,Open,Email,Agent Sara,2024-01-23 18:54:00,2024-01-24 10:07:56,,15.23,,No,,Negative,Student needs help with general inquiry issue.
476,SFS2024476,Iris Anderson,student476@sfsacademy.edu,Enrollment,High,Closed,Phone,Agent Lisa,2025-01-23 12:40:00,2025-01-23 18:00:37,2025-01-24 06:36:07,5.34,17.94,Yes,2,Negative,Student needs help with enrollment issue.
477,SFS2024477,Zoe Martin,student477@sfsacademy.edu,Course Access,Low,Closed,Phone,Agent Mike,2024-03-21 12:07:00,2024-03-22 19:59:07,2024-03-23 22:44:07,31.87,58.62,Yes,3,Neutral,Student needs help with course access issue.
478,SFS2024478,David Robinson,student478@sfsacademy.edu,Exam & Assessment,Low,Closed,Email,Agent Ravi,2024-10-20 11:10:00,2024-10-20 19:05:38,2024-10-22 16:48:49,7.93,53.65,Yes,2,Negative,Student needs help with exam & assessment issue.
479,SFS2024479,Wendy Hall,student479@sfsacademy.edu,General Inquiry,Medium,Pending Student Response,Phone,Agent Tom,2024-01-28 09:27:00,2024-01-28 19:21:17,,9.9,,No,,Neutral,Student needs help with general inquiry issue.
480,SFS2024480,Paul White,student480@sfsacademy.edu,General Inquiry,Low,Pending Student Response,Chat,Agent John,2024-02-10 15:36:00,2024-02-11 09:49:24,,18.22,,No,,Negative,Student needs help with general inquiry issue.
481,SFS2024481,Carlos Garcia,student481@sfsacademy.edu,Exam & Assessment,High,Closed,Portal,Agent Nadia,2024-04-24 10:55:00,2024-04-24 17:46:59,2024-04-25 04:45:39,6.87,17.84,Yes,3,Neutral,Student needs help with exam & assessment issue.
482,SFS2024482,Tina Allen,student482@sfsacademy.edu,General Inquiry,Low,Open,Portal,Agent Ravi,2024-08-20 15:01:00,2024-08-21 07:38:00,,16.62,,No,,Negative,Student needs help with general inquiry issue.
483,SFS2024483,Mia Allen,student483@sfsacademy.edu,Course Access,Medium,Pending Student Response,Email,Agent Tom,2024-03-06 16:06:00,2024-03-07 15:01:32,,22.93,,No,,Negative,Student needs help with course access issue.
484,SFS2024484,Zoe Clark,student484@sfsacademy.edu,General Inquiry,Low,Open,Email,Agent Nadia,2024-07-30 11:39:00,2024-07-31 07:36:17,,19.95,,No,,Negative,Student needs help with general inquiry issue.
485,SFS2024485,Karen Hall,student485@sfsacademy.edu,Course Access,Medium,Open,Email,Agent Ravi,2024-10-17 13:34:00,2024-10-18 06:49:29,,17.26,,No,,Negative,Student needs help with course access issue.
486,SFS2024486,Aiden Anderson,student486@sfsacademy.edu,Course Access,Medium,Closed,Phone,Agent Nadia,2024-02-19 15:11:00,2024-02-20 05:40:18,2024-02-21 13:41:58,14.49,46.52,Yes,1,Negative,Student needs help with course access issue.
487,SFS2024487,Grace Jackson,student487@sfsacademy.edu,Payment & Billing,Low,Open,Phone,Agent Ravi,2024-10-24 18:51:00,2024-10-25 17:37:04,,22.77,,No,,Negative,Student needs help with payment & billing issue.
488,SFS2024488,Tina Walker,student488@sfsacademy.edu,Library Access,Medium,In Progress,Phone,Agent Nadia,2024-12-14 13:19:00,2024-12-15 17:50:30,,28.53,,No,,Neutral,Student needs help with library access issue.
489,SFS2024489,Noah Allen,student489@sfsacademy.edu,Technical Issue,Low,Closed,Phone,Agent Sara,2024-07-25 10:54:00,2024-07-25 17:39:49,2024-07-26 21:28:25,6.76,34.57,No,3,Neutral,Student needs help with technical issue issue.
490,SFS2024490,Diana Martinez,student490@sfsacademy.edu,Account & Login,High,Closed,Portal,Agent Mike,2024-07-20 18:20:00,2024-07-20 23:09:16,2024-07-21 02:58:41,4.82,8.64,Yes,2,Negative,Student needs help with account & login issue.
491,SFS2024491,Victor Clark,student491@sfsacademy.edu,Payment & Billing,Critical,Closed,Email,Agent Sara,2024-08-01 10:18:00,2024-08-01 12:01:54,2024-08-01 13:27:50,1.73,3.16,Yes,3,Neutral,Student needs help with payment & billing issue.
492,SFS2024492,Mia Martinez,student492@sfsacademy.edu,General Inquiry,Medium,Closed,Portal,Agent Nadia,2024-03-10 09:08:00,2024-03-10 22:29:33,2024-03-11 19:25:35,13.36,34.29,Yes,3,Neutral,Student needs help with general inquiry issue.
493,SFS2024493,Bob Allen,student493@sfsacademy.edu,Enrollment,Medium,Closed,Chat,Agent Lisa,2024-04-25 10:27:00,2024-04-26 13:10:18,2024-04-27 17:15:37,26.72,54.81,Yes,1,Negative,Student needs help with enrollment issue.
494,SFS2024494,Quinn Young,student494@sfsacademy.edu,Course Access,Medium,In Progress,Phone,Agent Priya,2024-09-04 13:07:00,2024-09-05 02:46:27,,13.66,,No,,Neutral,Student needs help with course access issue.
495,SFS2024495,Olivia Walker,student495@sfsacademy.edu,Course Access,Medium,Closed,Email,Agent Lisa,2024-02-15 11:30:00,2024-02-16 13:34:17,2024-02-17 15:43:04,26.07,52.22,Yes,1,Negative,Student needs help with course access issue.
496,SFS2024496,Xander Allen,student496@sfsacademy.edu,Library Access,Medium,Closed,Portal,Agent Lisa,2024-08-28 17:46:00,2024-08-28 19:15:59,2024-08-30 15:38:27,1.5,45.87,Yes,3,Neutral,Student needs help with library access issue.
497,SFS2024497,Eve Walker,student497@sfsacademy.edu,Technical Issue,Medium,Open,Email,Agent Lisa,2024-05-13 08:40:00,2024-05-13 17:17:00,,8.62,,No,,Neutral,Student needs help with technical issue issue.
498,SFS2024498,Victor Lewis,student498@sfsacademy.edu,Library Access,Low,Closed,Email,Agent Sara,2024-02-09 12:16:00,2024-02-10 23:14:41,2024-02-14 14:42:26,34.98,122.44,Yes,3,Neutral,Student needs help with library access issue.
499,SFS2024499,Aiden Anderson,student499@sfsacademy.edu,Payment & Billing,High,Closed,Phone,Agent Sara,2024-07-08 10:16:00,2024-07-08 19:43:18,2024-07-09 11:13:54,9.46,24.97,Yes,2,Negative,Student needs help with payment & billing issue.
500,SFS2024500,Bob Thomas,student500@sfsacademy.edu,Payment & Billing,Medium,Closed,Phone,Agent Mike,2024-09-10 14:49:00,2024-09-10 16:51:14,2024-09-11 06:16:50,2.04,15.46,No,5,Positive,Student needs help with payment & billing issue.
501,SFS2024501,Quinn Clark,student501@sfsacademy.edu,Enrollment,Medium,Pending Student Response,Chat,Agent Nadia,2024-08-25 14:30:00,2024-08-26 04:25:51,,13.93,,No,,Neutral,Student needs help with enrollment issue.
502,SFS2024502,Noah Young,student502@sfsacademy.edu,Exam & Assessment,High,Closed,Email,Agent Sara,2024-01-07 12:59:00,2024-01-07 21:50:04,2024-01-08 08:23:45,8.85,19.41,Yes,3,Neutral,Student needs help with exam & assessment issue.
503,SFS2024503,Xander Allen,student503@sfsacademy.edu,Library Access,Low,Pending Student Response,Chat,Agent Nadia,2024-11-29 12:21:00,2024-12-01 08:59:48,,44.65,,No,,Neutral,Student needs help with library access issue.
504,SFS2024504,David Walker,student504@sfsacademy.edu,Payment & Billing,Medium,Closed,Email,Agent Tom,2025-01-29 11:33:00,2025-01-30 07:05:25,2025-01-31 23:10:46,19.54,59.63,Yes,1,Negative,Student needs help with payment & billing issue.
505,SFS2024505,Bob Young,student505@sfsacademy.edu,Library Access,Medium,Pending Student Response,Email,Agent Mike,2024-02-23 18:28:00,2024-02-23 19:38:14,,1.17,,No,,Neutral,Student needs help with library access issue.
506,SFS2024506,Carlos Taylor,student506@sfsacademy.edu,Course Access,Medium,Pending Student Response,Portal,Agent John,2024-12-02 11:38:00,2024-12-02 22:46:22,,11.14,,No,,Neutral,Student needs help with course access issue.
507,SFS2024507,Yara Garcia,student507@sfsacademy.edu,Course Access,Low,Closed,Phone,Agent Ravi,2024-12-22 10:16:00,2024-12-24 06:41:49,2024-12-27 01:27:29,44.43,111.19,Yes,2,Negative,Student needs help with course access issue.
508,SFS2024508,Aiden Harris,student508@sfsacademy.edu,Account & Login,Low,Pending Student Response,Phone,Agent Nadia,2024-05-11 10:49:00,2024-05-13 20:11:09,,57.37,,No,,Negative,Student needs help with account & login issue.
509,SFS2024509,Grace Young,student509@sfsacademy.edu,Account & Login,Medium,In Progress,Chat,Agent Priya,2024-04-01 15:04:00,2024-04-01 18:38:06,,3.57,,No,,Negative,Student needs help with account & login issue.
510,SFS2024510,Carlos Lee,student510@sfsacademy.edu,Technical Issue,Medium,Closed,Email,Agent John,2024-11-25 09:58:00,2024-11-26 02:38:08,2024-11-26 15:24:49,16.67,29.45,Yes,2,Negative,Student needs help with technical issue issue.
511,SFS2024511,Sam Smith,student511@sfsacademy.edu,Account & Login,Low,Open,Portal,Agent Lisa,2024-03-17 18:40:00,2024-03-19 11:08:23,,40.47,,No,,Negative,Student needs help with account & login issue.
512,SFS2024512,David Allen,student512@sfsacademy.edu,Course Access,Medium,Pending Student Response,Email,Agent Mike,2024-09-20 15:30:00,2024-09-21 02:52:45,,11.38,,No,,Negative,Student needs help with course access issue.
513,SFS2024513,Uma Jackson,student513@sfsacademy.edu,Course Access,Medium,Closed,Phone,Agent Tom,2024-10-01 13:21:00,2024-10-01 16:07:36,2024-10-02 14:43:47,2.78,25.38,Yes,3,Neutral,Student needs help with course access issue.
514,SFS2024514,Uma Lewis,student514@sfsacademy.edu,Library Access,Critical,Closed,Email,Agent Nadia,2024-03-31 16:02:00,2024-03-31 17:43:53,2024-03-31 19:48:33,1.7,3.78,Yes,1,Negative,Student needs help with library access issue.
515,SFS2024515,Paul Hall,student515@sfsacademy.edu,Enrollment,Low,Open,Chat,Agent Ravi,2025-01-11 11:08:00,2025-01-11 15:13:48,,4.1,,No,,Negative,Student needs help with enrollment issue.
516,SFS2024516,Victor Hall,student516@sfsacademy.edu,Technical Issue,Low,Open,Email,Agent Nadia,2025-02-19 15:01:00,2025-02-20 03:36:12,,12.59,,No,,Negative,Student needs help with technical issue issue.
517,SFS2024517,Henry Anderson,student517@sfsacademy.edu,Payment & Billing,Critical,Open,Email,Agent Ravi,2024-03-17 17:14:00,2024-03-17 18:37:43,,1.4,,No,,Neutral,Student needs help with payment & billing issue.
518,SFS2024518,David Lee,student518@sfsacademy.edu,Course Access,Low,Closed,Portal,Agent Ravi,2024-01-08 10:40:00,2024-01-10 10:51:54,2024-01-10 17:56:28,48.2,55.27,Yes,3,Neutral,Student needs help with course access issue.
519,SFS2024519,Karen Jackson,student519@sfsacademy.edu,Exam & Assessment,Low,Closed,Phone,Agent Nadia,2024-10-31 17:14:00,2024-11-01 00:37:52,2024-11-03 18:37:10,7.4,73.39,Yes,2,Negative,Student needs help with exam & assessment issue.
520,SFS2024520,Rose Thomas,student520@sfsacademy.edu,Library Access,Low,Open,Chat,Agent Priya,2025-01-26 08:37:00,2025-01-26 18:42:44,,10.1,,No,,Negative,Student needs help with library access issue.
521,SFS2024521,Alice Smith,student521@sfsacademy.edu,Account & Login,Medium,Open,Email,Agent Priya,2024-08-12 11:59:00,2024-08-13 13:22:36,,25.39,,No,,Neutral,Student needs help with account & login issue.
522,SFS2024522,Quinn Lewis,student522@sfsacademy.edu,Account & Login,Medium,Pending Student Response,Portal,Agent Ravi,2024-04-01 09:45:00,2024-04-01 16:05:03,,6.33,,No,,Negative,Student needs help with account & login issue.
523,SFS2024523,Leo Clark,student523@sfsacademy.edu,Payment & Billing,Medium,Open,Email,Agent Ravi,2024-07-29 11:11:00,2024-07-30 05:25:58,,18.25,,No,,Negative,Student needs help with payment & billing issue.
524,SFS2024524,Iris Johnson,student524@sfsacademy.edu,Course Access,Low,In Progress,Portal,Agent Tom,2024-01-03 16:15:00,2024-01-04 19:15:24,,27.01,,No,,Neutral,Student needs help with course access issue.
525,SFS2024525,Bob Martinez,student525@sfsacademy.edu,General Inquiry,Low,Pending Student Response,Portal,Agent Ravi,2024-04-09 09:50:00,2024-04-09 19:27:20,,9.62,,No,,Neutral,Student needs help with general inquiry issue.
526,SFS2024526,Zoe Smith,student526@sfsacademy.edu,General Inquiry,Low,Closed,Email,Agent Sara,2024-05-25 11:27:00,2024-05-27 06:13:40,2024-05-30 23:05:22,42.78,131.64,Yes,1,Negative,Student needs help with general inquiry issue.
527,SFS2024527,Yara Taylor,student527@sfsacademy.edu,General Inquiry,Low,Closed,Chat,Agent Tom,2024-09-05 16:07:00,2024-09-06 03:57:55,2024-09-08 21:15:58,11.85,77.15,Yes,2,Negative,Student needs help with general inquiry issue.
528,SFS2024528,Noah Anderson,student528@sfsacademy.edu,Enrollment,Low,Closed,Portal,Agent Nadia,2024-06-15 11:06:00,2024-06-15 15:47:54,2024-06-18 00:22:56,4.7,61.28,Yes,1,Negative,Student needs help with enrollment issue.
529,SFS2024529,Wendy Allen,student529@sfsacademy.edu,General Inquiry,Low,Closed,Phone,Agent Mike,2024-04-20 17:29:00,2024-04-23 01:41:15,2024-04-23 21:53:51,56.2,76.41,Yes,1,Negative,Student needs help with general inquiry issue.
530,SFS2024530,Zoe Young,student530@sfsacademy.edu,Account & Login,Low,Closed,Phone,Agent Priya,2024-01-31 12:08:00,2024-02-01 01:11:13,2024-02-02 06:13:38,13.05,42.09,No,3,Neutral,Student needs help with account & login issue.
531,SFS2024531,Alice Clark,student531@sfsacademy.edu,General Inquiry,High,Open,Chat,Agent Mike,2024-03-28 17:35:00,2024-03-29 01:41:59,,8.12,,No,,Negative,Student needs help with general inquiry issue.
532,SFS2024532,Yara Walker,student532@sfsacademy.edu,Payment & Billing,Medium,Closed,Chat,Agent Sara,2025-01-11 11:15:00,2025-01-12 15:29:21,2025-01-12 18:22:19,28.24,31.12,Yes,2,Negative,Student needs help with payment & billing issue.
533,SFS2024533,Wendy Clark,student533@sfsacademy.edu,Course Access,Medium,Pending Student Response,Chat,Agent Ravi,2024-01-18 14:33:00,2024-01-18 21:51:23,,7.31,,No,,Neutral,Student needs help with course access issue.
534,SFS2024534,Sam Allen,student534@sfsacademy.edu,Course Access,Low,Closed,Chat,Agent Sara,2024-04-21 10:22:00,2024-04-23 01:04:06,2024-04-23 17:26:23,38.7,55.07,Yes,2,Negative,Student needs help with course access issue.
535,SFS2024535,Bella Brown,student535@sfsacademy.edu,Account & Login,High,Pending Student Response,Phone,Agent Priya,2024-01-13 15:29:00,2024-01-13 21:41:14,,6.2,,No,,Neutral,Student needs help with account & login issue.
536,SFS2024536,Quinn Martinez,student536@sfsacademy.edu,Library Access,Low,Closed,Email,Agent Mike,2024-07-16 13:33:00,2024-07-18 01:28:40,2024-07-19 10:22:08,35.93,68.82,Yes,3,Neutral,Student needs help with library access issue.
537,SFS2024537,Yara Jackson,student537@sfsacademy.edu,Exam & Assessment,Medium,Closed,Portal,Agent Tom,2024-01-27 09:24:00,2024-01-28 04:14:35,2024-01-29 14:22:20,18.84,52.97,Yes,2,Negative,Student needs help with exam & assessment issue.
538,SFS2024538,Iris Johnson,student538@sfsacademy.edu,Enrollment,Medium,Closed,Phone,Agent Mike,2024-03-11 13:15:00,2024-03-11 23:43:54,2024-03-12 13:17:51,10.48,24.05,Yes,2,Negative,Student needs help with enrollment issue.
539,SFS2024539,Wendy Brown,student539@sfsacademy.edu,Course Access,Medium,Closed,Phone,Agent Ravi,2024-02-02 13:22:00,2024-02-03 02:39:27,2024-02-03 20:57:37,13.29,31.59,Yes,2,Negative,Student needs help with course access issue.
540,SFS2024540,Wendy Anderson,student540@sfsacademy.edu,Library Access,Low,Pending Student Response,Email,Agent John,2024-04-06 15:05:00,2024-04-07 00:59:29,,9.91,,No,,Neutral,Student needs help with library access issue.
541,SFS2024541,Paul Martinez,student541@sfsacademy.edu,Technical Issue,Low,In Progress,Chat,Agent Lisa,2024-09-11 10:55:00,2024-09-13 18:46:45,,55.86,,No,,Neutral,Student needs help with technical issue issue.
542,SFS2024542,Sam Garcia,student542@sfsacademy.edu,Course Access,Medium,Closed,Portal,Agent Sara,2024-08-03 15:47:00,2024-08-04 15:54:44,2024-08-05 17:20:04,24.13,49.55,Yes,2,Negative,Student needs help with course access issue.
543,SFS2024543,Zoe Harris,student543@sfsacademy.edu,General Inquiry,Medium,Closed,Phone,Agent Ravi,2024-12-01 18:50:00,2024-12-02 11:23:11,2024-12-04 06:36:20,16.55,59.77,Yes,2,Negative,Student needs help with general inquiry issue.
544,SFS2024544,Tina Thomas,student544@sfsacademy.edu,Technical Issue,Critical,Pending Student Response,Phone,Agent Priya,2024-04-26 15:23:00,2024-04-26 16:25:25,,1.04,,No,,Neutral,Student needs help with technical issue issue.
545,SFS2024545,Sam Anderson,student545@sfsacademy.edu,Payment & Billing,Low,Open,Portal,Agent Priya,2024-12-30 16:18:00,2024-12-30 23:28:33,,7.18,,No,,Negative,Student needs help with payment & billing issue.
546,SFS2024546,Rose Martin,student546@sfsacademy.edu,Technical Issue,Low,Closed,Phone,Agent Tom,2024-08-13 12:23:00,2024-08-13 21:19:51,2024-08-15 16:55:54,8.95,52.55,Yes,3,Neutral,Student needs help with technical issue issue.
547,SFS2024547,Uma Martin,student547@sfsacademy.edu,General Inquiry,Critical,Pending Student Response,Portal,Agent Tom,2024-03-03 08:25:00,2024-03-03 08:55:29,,0.51,,No,,Negative,Student needs help with general inquiry issue.
548,SFS2024548,Eve Hall,student548@sfsacademy.edu,Payment & Billing,Critical,Closed,Phone,Agent Ravi,2024-08-30 12:48:00,2024-08-30 14:36:33,2024-08-30 17:48:15,1.81,5.0,Yes,3,Neutral,Student needs help with payment & billing issue.
549,SFS2024549,Sam Walker,student549@sfsacademy.edu,General Inquiry,Medium,Pending Student Response,Email,Agent Tom,2024-02-29 12:01:00,2024-02-29 21:45:10,,9.74,,No,,Neutral,Student needs help with general inquiry issue.
550,SFS2024550,Bob Martinez,student550@sfsacademy.edu,General Inquiry,Low,Closed,Chat,Agent John,2024-04-23 12:12:00,2024-04-23 23:48:11,2024-04-25 06:59:24,11.6,42.79,No,5,Positive,Student needs help with general inquiry issue.
551,SFS2024551,Rose Brown,student551@sfsacademy.edu,Exam & Assessment,High,Closed,Phone,Agent Sara,2024-07-22 10:45:00,2024-07-22 14:23:19,2024-07-22 20:00:36,3.64,9.26,Yes,2,Negative,Student needs help with exam & assessment issue.
552,SFS2024552,Eve Allen,student552@sfsacademy.edu,Library Access,Critical,Pending Student Response,Chat,Agent Priya,2024-04-20 15:47:00,2024-04-20 17:40:03,,1.88,,No,,Negative,Student needs help with library access issue.
553,SFS2024553,Noah Thomas,student553@sfsacademy.edu,Exam & Assessment,Low,Closed,Chat,Agent John,2024-11-02 09:09:00,2024-11-02 14:42:01,2024-11-04 06:35:56,5.55,45.45,No,5,Positive,Student needs help with exam & assessment issue.
554,SFS2024554,Bob Martin,student554@sfsacademy.edu,Enrollment,Medium,In Progress,Chat,Agent Priya,2024-10-11 15:45:00,2024-10-12 00:26:30,,8.69,,No,,Negative,Student needs help with enrollment issue.
555,SFS2024555,Paul Taylor,student555@sfsacademy.edu,Technical Issue,Medium,Closed,Portal,Agent Sara,2024-10-26 12:31:00,2024-10-26 20:27:01,2024-10-28 18:23:01,7.93,53.87,Yes,3,Neutral,Student needs help with technical issue issue.
556,SFS2024556,Carol Young,student556@sfsacademy.edu,Enrollment,Low,Open,Email,Agent Sara,2024-11-30 18:57:00,2024-12-02 15:06:55,,44.17,,No,,Negative,Student needs help with enrollment issue.
557,SFS2024557,Iris Thomas,student557@sfsacademy.edu,Library Access,Medium,Closed,Email,Agent Ravi,2025-01-16 13:37:00,2025-01-17 00:40:41,2025-01-18 12:07:38,11.06,46.51,Yes,1,Negative,Student needs help with library access issue.
558,SFS2024558,Noah Martinez,student558@sfsacademy.edu,Payment & Billing,Medium,Pending Student Response,Portal,Agent Tom,2024-10-24 08:09:00,2024-10-24 10:08:48,,2.0,,No,,Negative,Student needs help with payment & billing issue.
559,SFS2024559,Rose Garcia,student559@sfsacademy.edu,Enrollment,Medium,In Progress,Email,Agent Priya,2024-01-25 12:18:00,2024-01-26 05:44:41,,17.44,,No,,Neutral,Student needs help with enrollment issue.
560,SFS2024560,Leo Lee,student560@sfsacademy.edu,Exam & Assessment,Medium,Closed,Phone,Agent John,2024-06-10 18:51:00,2024-06-11 18:38:59,2024-06-11 20:15:21,23.8,25.41,Yes,2,Negative,Student needs help with exam & assessment issue.
561,SFS2024561,Noah Lewis,student561@sfsacademy.edu,Payment & Billing,Critical,Open,Portal,Agent Mike,2024-07-29 13:58:00,2024-07-29 15:58:38,,2.01,,No,,Neutral,Student needs help with payment & billing issue.
562,SFS2024562,Carlos Young,student562@sfsacademy.edu,Exam & Assessment,Low,Open,Phone,Agent Lisa,2024-02-09 09:52:00,2024-02-09 18:18:15,,8.44,,No,,Negative,Student needs help with exam & assessment issue.
563,SFS2024563,Wendy White,student563@sfsacademy.edu,Course Access,High,Open,Portal,Agent Mike,2024-09-24 13:11:00,2024-09-24 21:28:49,,8.3,,No,,Neutral,Student needs help with course access issue.
564,SFS2024564,Bob Jackson,student564@sfsacademy.edu,Course Access,Low,Open,Email,Agent John,2024-06-06 10:13:00,2024-06-08 06:57:05,,44.73,,No,,Negative,Student needs help with course access issue.
565,SFS2024565,David Taylor,student565@sfsacademy.edu,General Inquiry,Medium,Closed,Phone,Agent John,2024-02-25 08:50:00,2024-02-25 10:33:29,2024-02-26 01:44:07,1.72,16.9,No,3,Neutral,Student needs help with general inquiry issue.
566,SFS2024566,Sam Martinez,student566@sfsacademy.edu,Exam & Assessment,Critical,Open,Email,Agent Sara,2024-11-04 11:37:00,2024-11-04 12:23:35,,0.78,,No,,Negative,Student needs help with exam & assessment issue.
567,SFS2024567,Quinn Jackson,student567@sfsacademy.edu,Enrollment,Medium,Pending Student Response,Email,Agent John,2024-06-29 10:54:00,2024-06-30 10:35:39,,23.69,,No,,Neutral,Student needs help with enrollment issue.
568,SFS2024568,Leo Allen,student568@sfsacademy.edu,Technical Issue,Low,Pending Student Response,Portal,Agent John,2025-01-01 11:18:00,2025-01-03 16:21:33,,53.06,,No,,Negative,Student needs help with technical issue issue.
569,SFS2024569,Noah Taylor,student569@sfsacademy.edu,Exam & Assessment,Critical,Open,Chat,Agent Nadia,2024-04-04 15:43:00,2024-04-04 16:37:25,,0.91,,No,,Neutral,Student needs help with exam & assessment issue.
570,SFS2024570,David Robinson,student570@sfsacademy.edu,General Inquiry,Medium,Closed,Phone,Agent Tom,2025-01-24 13:07:00,2025-01-25 05:23:00,2025-01-25 08:17:31,16.27,19.18,No,4,Positive,Student needs help with general inquiry issue.
571,SFS2024571,Carol Lee,student571@sfsacademy.edu,General Inquiry,High,Closed,Chat,Agent Mike,2024-05-25 15:38:00,2024-05-25 18:46:39,2024-05-26 08:36:29,3.14,16.97,Yes,1,Negative,Student needs help with general inquiry issue.
572,SFS2024572,Mia Robinson,student572@sfsacademy.edu,Course Access,Low,Closed,Chat,Agent Nadia,2024-12-13 13:11:00,2024-12-14 19:31:38,2024-12-17 12:47:47,30.34,95.61,Yes,1,Negative,Student needs help with course access issue.
573,SFS2024573,Grace Young,student573@sfsacademy.edu,Payment & Billing,High,Pending Student Response,Phone,Agent John,2024-12-21 17:06:00,2024-12-22 02:28:27,,9.37,,No,,Negative,Student needs help with payment & billing issue.
574,SFS2024574,Paul Walker,student574@sfsacademy.edu,Library Access,High,Pending Student Response,Chat,Agent Lisa,2024-07-25 09:14:00,2024-07-25 12:58:25,,3.74,,No,,Negative,Student needs help with library access issue.
575,SFS2024575,Alice Taylor,student575@sfsacademy.edu,General Inquiry,Medium,Open,Portal,Agent Ravi,2024-05-22 10:49:00,2024-05-23 05:05:58,,18.28,,No,,Neutral,Student needs help with general inquiry issue.
576,SFS2024576,Carol Walker,student576@sfsacademy.edu,Payment & Billing,Low,Closed,Phone,Agent Nadia,2025-01-12 08:53:00,2025-01-12 18:06:16,2025-01-15 06:11:29,9.22,69.31,Yes,1,Negative,Student needs help with payment & billing issue.
577,SFS2024577,Alice Johnson,student577@sfsacademy.edu,General Inquiry,Medium,Closed,Phone,Agent Ravi,2025-01-27 15:50:00,2025-01-28 07:41:03,2025-01-29 22:43:47,15.85,54.9,Yes,2,Negative,Student needs help with general inquiry issue.
578,SFS2024578,Carlos Thomas,student578@sfsacademy.edu,General Inquiry,Medium,Pending Student Response,Email,Agent Ravi,2024-08-08 09:24:00,2024-08-08 10:49:47,,1.43,,No,,Negative,Student needs help with general inquiry issue.
579,SFS2024579,Mia Harris,student579@sfsacademy.edu,Course Access,Medium,Closed,Chat,Agent Ravi,2024-09-08 14:08:00,2024-09-09 04:06:05,2024-09-10 21:15:22,13.97,55.12,Yes,2,Negative,Student needs help with course access issue.
580,SFS2024580,Leo Allen,student580@sfsacademy.edu,Library Access,Medium,Closed,Email,Agent Tom,2024-09-10 17:24:00,2024-09-10 18:41:47,2024-09-10 21:49:01,1.3,4.42,No,5,Positive,Student needs help with library access issue.
581,SFS2024581,Jack Allen,student581@sfsacademy.edu,Exam & Assessment,Medium,Closed,Phone,Agent Nadia,2024-01-14 18:21:00,2024-01-14 20:26:51,2024-01-15 08:55:34,2.1,14.58,No,4,Positive,Student needs help with exam & assessment issue.
582,SFS2024582,Carlos Clark,student582@sfsacademy.edu,Technical Issue,Medium,Closed,Email,Agent Tom,2024-02-13 09:55:00,2024-02-13 23:27:37,2024-02-15 17:02:19,13.54,55.12,Yes,2,Negative,Student needs help with technical issue issue.
583,SFS2024583,Zoe Lee,student583@sfsacademy.edu,Exam & Assessment,Medium,Open,Chat,Agent Nadia,2024-05-16 08:44:00,2024-05-16 18:21:28,,9.62,,No,,Neutral,Student needs help with exam & assessment issue.
584,SFS2024584,Bella Brown,student584@sfsacademy.edu,Exam & Assessment,Medium,Closed,Phone,Agent Priya,2024-02-21 18:13:00,2024-02-22 04:59:56,2024-02-23 02:29:26,10.78,32.27,Yes,2,Negative,Student needs help with exam & assessment issue.
585,SFS2024585,Iris Brown,student585@sfsacademy.edu,Account & Login,Low,Closed,Email,Agent Mike,2024-10-01 11:18:00,2024-10-03 04:46:51,2024-10-05 12:42:33,41.48,97.41,Yes,2,Negative,Student needs help with account & login issue.
586,SFS2024586,Mia Harris,student586@sfsacademy.edu,Course Access,Medium,Closed,Phone,Agent Lisa,2024-10-17 16:30:00,2024-10-18 05:15:04,2024-10-19 07:37:44,12.75,39.13,Yes,1,Negative,Student needs help with course access issue.
587,SFS2024587,Olivia Harris,student587@sfsacademy.edu,Technical Issue,Medium,Closed,Chat,Agent Priya,2024-11-15 16:29:00,2024-11-15 23:00:35,2024-11-17 21:13:45,6.53,52.75,Yes,3,Neutral,Student needs help with technical issue issue.
588,SFS2024588,Henry Anderson,student588@sfsacademy.edu,Account & Login,Medium,Pending Student Response,Portal,Agent Sara,2024-11-22 16:51:00,2024-11-23 03:39:32,,10.81,,No,,Neutral,Student needs help with account & login issue.
589,SFS2024589,Frank Harris,student589@sfsacademy.edu,Exam & Assessment,Medium,Closed,Portal,Agent John,2025-01-17 18:48:00,2025-01-18 19:14:27,2025-01-19 08:47:12,24.44,37.99,Yes,1,Negative,Student needs help with exam & assessment issue.
590,SFS2024590,Olivia Lee,student590@sfsacademy.edu,Enrollment,Medium,Open,Portal,Agent Sara,2024-12-17 17:15:00,2024-12-18 16:18:22,,23.06,,No,,Negative,Student needs help with enrollment issue.
591,SFS2024591,Victor Hall,student591@sfsacademy.edu,Payment & Billing,Medium,Open,Portal,Agent Lisa,2024-10-13 14:27:00,2024-10-13 15:46:28,,1.32,,No,,Negative,Student needs help with payment & billing issue.
592,SFS2024592,Bella Brown,student592@sfsacademy.edu,Technical Issue,Low,Pending Student Response,Email,Agent Sara,2024-03-31 18:54:00,2024-04-01 13:19:26,,18.42,,No,,Negative,Student needs help with technical issue issue.
593,SFS2024593,Quinn Allen,student593@sfsacademy.edu,Payment & Billing,Medium,Open,Email,Agent Mike,2024-07-27 13:42:00,2024-07-28 06:21:30,,16.66,,No,,Neutral,Student needs help with payment & billing issue.
594,SFS2024594,Zoe White,student594@sfsacademy.edu,Course Access,Medium,Open,Phone,Agent Tom,2025-01-31 16:16:00,2025-02-01 16:19:18,,24.06,,No,,Negative,Student needs help with course access issue.
595,SFS2024595,Leo Taylor,student595@sfsacademy.edu,Library Access,Low,Closed,Chat,Agent Ravi,2024-08-04 11:09:00,2024-08-05 02:10:15,2024-08-07 11:10:17,15.02,72.02,Yes,2,Negative,Student needs help with library access issue.
596,SFS2024596,Uma Young,student596@sfsacademy.edu,Library Access,Medium,Closed,Phone,Agent Priya,2024-06-11 16:27:00,2024-06-12 06:23:55,2024-06-13 00:40:57,13.95,32.23,Yes,2,Negative,Student needs help with library access issue.
597,SFS2024597,Zoe Taylor,student597@sfsacademy.edu,Enrollment,Critical,Closed,Chat,Agent Lisa,2024-01-18 18:51:00,2024-01-18 19:56:15,2024-01-18 23:48:47,1.09,4.96,Yes,2,Negative,Student needs help with enrollment issue.
598,SFS2024598,Jack Jackson,student598@sfsacademy.edu,Account & Login,Medium,Open,Phone,Agent Lisa,2024-09-30 11:54:00,2024-09-30 14:57:14,,3.05,,No,,Neutral,Student needs help with account & login issue.
599,SFS2024599,Paul Clark,student599@sfsacademy.edu,Account & Login,Medium,Pending Student Response,Phone,Agent Sara,2024-03-23 15:40:00,2024-03-24 16:41:13,,25.02,,No,,Negative,Student needs help with account & login issue.
600,SFS2024600,Olivia Smith,student600@sfsacademy.edu,Payment & Billing,Critical,Open,Email,Agent Lisa,2024-06-19 14:56:00,2024-06-19 16:06:06,,1.17,,No,,Negative,Student needs help with payment & billing issue.
601,SFS2024601,David Thomas,student601@sfsacademy.edu,Payment & Billing,Medium,Closed,Chat,Agent Sara,2025-01-25 08:41:00,2025-01-25 14:50:43,2025-01-26 06:12:22,6.16,21.52,No,4,Positive,Student needs help with payment & billing issue.
602,SFS2024602,Iris Thomas,student602@sfsacademy.edu,Payment & Billing,Critical,Pending Student Response,Phone,Agent Nadia,2024-05-07 16:45:00,2024-05-07 18:06:28,,1.36,,No,,Neutral,Student needs help with payment & billing issue.
603,SFS2024603,Carlos Allen,student603@sfsacademy.edu,Course Access,Medium,Closed,Phone,Agent Nadia,2024-12-17 17:52:00,2024-12-17 23:30:50,2024-12-19 17:42:16,5.65,47.84,Yes,3,Neutral,Student needs help with course access issue.
604,SFS2024604,Mia Young,student604@sfsacademy.edu,Enrollment,Critical,Closed,Chat,Agent John,2024-04-24 08:01:00,2024-04-24 08:53:36,2024-04-24 11:59:49,0.88,3.98,Yes,1,Negative,Student needs help with enrollment issue.
605,SFS2024605,Yara Lewis,student605@sfsacademy.edu,Payment & Billing,Low,In Progress,Email,Agent John,2024-08-07 17:16:00,2024-08-09 10:47:52,,41.53,,No,,Negative,Student needs help with payment & billing issue.
606,SFS2024606,Eve Clark,student606@sfsacademy.edu,Enrollment,Low,Pending Student Response,Phone,Agent Lisa,2025-02-27 18:31:00,2025-03-01 13:38:18,,43.12,,No,,Negative,Student needs help with enrollment issue.
607,SFS2024607,Iris White,student607@sfsacademy.edu,Enrollment,Critical,Closed,Portal,Agent Nadia,2024-04-15 17:13:00,2024-04-15 18:29:34,2024-04-15 19:55:50,1.28,2.71,Yes,1,Negative,Student needs help with enrollment issue.
608,SFS2024608,Mia Jackson,student608@sfsacademy.edu,General Inquiry,Low,Closed,Email,Agent John,2024-11-12 15:58:00,2024-11-13 19:14:23,2024-11-17 07:01:36,27.27,111.06,Yes,3,Neutral,Student needs help with general inquiry issue.
609,SFS2024609,Leo Young,student609@sfsacademy.edu,Course Access,Medium,Closed,Email,Agent John,2024-12-31 14:45:00,2024-12-31 16:43:29,2025-01-02 13:29:05,1.97,46.73,Yes,2,Negative,Student needs help with course access issue.
610,SFS2024610,Eve Hall,student610@sfsacademy.edu,Library Access,High,Open,Phone,Agent Nadia,2024-12-09 17:45:00,2024-12-10 03:08:43,,9.4,,No,,Negative,Student needs help with library access issue.
611,SFS2024611,Iris Taylor,student611@sfsacademy.edu,Exam & Assessment,Low,Closed,Portal,Agent Ravi,2024-01-22 17:11:00,2024-01-22 22:48:08,2024-01-25 19:16:35,5.62,74.09,Yes,2,Negative,Student needs help with exam & assessment issue.
612,SFS2024612,Tina Harris,student612@sfsacademy.edu,Library Access,Medium,In Progress,Chat,Agent Tom,2024-06-09 08:08:00,2024-06-09 16:38:24,,8.51,,No,,Negative,Student needs help with library access issue.
613,SFS2024613,Bob Lee,student613@sfsacademy.edu,General Inquiry,High,Closed,Chat,Agent Priya,2024-09-21 13:27:00,2024-09-21 14:26:03,2024-09-21 17:39:49,0.98,4.21,No,4,Positive,Student needs help with general inquiry issue.
614,SFS2024614,Olivia Lee,student614@sfsacademy.edu,General Inquiry,Medium,Open,Chat,Agent Sara,2024-05-13 10:45:00,2024-05-13 21:20:22,,10.59,,No,,Negative,Student needs help with general inquiry issue.
615,SFS2024615,Victor Allen,student615@sfsacademy.edu,Library Access,Medium,Closed,Portal,Agent Priya,2024-02-27 10:07:00,2024-02-28 07:50:23,2024-02-29 23:30:02,21.72,61.38,Yes,2,Negative,Student needs help with library access issue.
616,SFS2024616,Alice Martin,student616@sfsacademy.edu,Account & Login,Medium,Closed,Portal,Agent John,2024-04-18 17:00:00,2024-04-19 15:14:29,2024-04-21 00:03:22,22.24,55.06,Yes,3,Neutral,Student needs help with account & login issue.
617,SFS2024617,Paul Lewis,student617@sfsacademy.edu,Course Access,Medium,Closed,Portal,Agent Tom,2024-12-14 18:07:00,2024-12-14 19:26:01,2024-12-15 18:03:53,1.32,23.95,No,5,Positive,Student needs help with course access issue.
618,SFS2024618,Zoe Allen,student618@sfsacademy.edu,Technical Issue,Medium,Closed,Phone,Agent Ravi,2024-11-17 12:38:00,2024-11-18 15:56:42,2024-11-20 15:56:12,27.31,75.3,Yes,3,Neutral,Student needs help with technical issue issue.
619,SFS2024619,Iris Thomas,student619@sfsacademy.edu,Exam & Assessment,Low,Closed,Email,Agent Sara,2024-03-07 11:55:00,2024-03-08 19:39:33,2024-03-11 05:52:37,31.74,89.96,Yes,1,Negative,Student needs help with exam & assessment issue.
620,SFS2024620,Jack Lee,student620@sfsacademy.edu,Account & Login,Low,Closed,Phone,Agent Nadia,2024-05-02 14:05:00,2024-05-04 03:32:11,2024-05-07 23:12:27,37.45,129.12,Yes,1,Negative,Student needs help with account & login issue.
621,SFS2024621,Carlos Robinson,student621@sfsacademy.edu,Payment & Billing,High,Closed,Email,Agent Tom,2025-02-14 14:47:00,2025-02-14 22:51:18,2025-02-15 07:32:41,8.07,16.76,Yes,2,Negative,Student needs help with payment & billing issue.
622,SFS2024622,Carol Johnson,student622@sfsacademy.edu,Account & Login,Medium,Open,Portal,Agent Tom,2024-08-31 12:36:00,2024-09-01 01:23:06,,12.79,,No,,Negative,Student needs help with account & login issue.
623,SFS2024623,Paul Martin,student623@sfsacademy.edu,Payment & Billing,Medium,Closed,Email,Agent Ravi,2024-09-19 13:29:00,2024-09-19 22:12:36,2024-09-20 19:45:57,8.73,30.28,Yes,3,Neutral,Student needs help with payment & billing issue.
624,SFS2024624,Quinn Taylor,student624@sfsacademy.edu,Account & Login,Critical,Pending Student Response,Email,Agent Lisa,2024-03-17 10:43:00,2024-03-17 12:15:48,,1.55,,No,,Neutral,Student needs help with account & login issue.
625,SFS2024625,Xander Lewis,student625@sfsacademy.edu,Library Access,Low,Closed,Phone,Agent Tom,2024-09-18 14:26:00,2024-09-20 00:22:09,2024-09-23 02:23:26,33.94,107.96,Yes,1,Negative,Student needs help with library access issue.
626,SFS2024626,Tina Harris,student626@sfsacademy.edu,Library Access,Medium,Open,Chat,Agent Tom,2024-04-01 10:53:00,2024-04-02 08:48:59,,21.93,,No,,Negative,Student needs help with library access issue.
627,SFS2024627,Mia Taylor,student627@sfsacademy.edu,Library Access,Low,Pending Student Response,Chat,Agent John,2024-06-23 10:13:00,2024-06-24 17:13:46,,31.01,,No,,Neutral,Student needs help with library access issue.
628,SFS2024628,Zoe Martin,student628@sfsacademy.edu,General Inquiry,Medium,Closed,Phone,Agent Lisa,2024-01-07 10:41:00,2024-01-08 06:43:44,2024-01-10 04:59:48,20.05,66.31,Yes,2,Negative,Student needs help with general inquiry issue.
629,SFS2024629,Uma White,student629@sfsacademy.edu,Technical Issue,Low,Open,Email,Agent Mike,2024-02-14 10:08:00,2024-02-14 22:34:49,,12.45,,No,,Neutral,Student needs help with technical issue issue.
630,SFS2024630,David Thomas,student630@sfsacademy.edu,Library Access,High,Open,Portal,Agent Ravi,2024-08-11 18:54:00,2024-08-11 23:42:47,,4.81,,No,,Neutral,Student needs help with library access issue.
631,SFS2024631,Bob Garcia,student631@sfsacademy.edu,Enrollment,Medium,Pending Student Response,Phone,Agent Mike,2024-03-19 15:31:00,2024-03-20 08:07:53,,16.61,,No,,Negative,Student needs help with enrollment issue.
632,SFS2024632,Xander Young,student632@sfsacademy.edu,Account & Login,High,Closed,Phone,Agent Ravi,2024-01-05 09:40:00,2024-01-05 10:30:12,2024-01-05 17:29:55,0.84,7.83,No,4,Positive,Student needs help with account & login issue.
633,SFS2024633,David Lee,student633@sfsacademy.edu,Account & Login,High,Closed,Email,Agent Tom,2024-12-13 15:14:00,2024-12-13 18:10:14,2024-12-14 04:53:42,2.94,13.66,Yes,3,Neutral,Student needs help with account & login issue.
634,SFS2024634,Sam Garcia,student634@sfsacademy.edu,Payment & Billing,Medium,Closed,Portal,Agent Lisa,2024-11-14 18:22:00,2024-11-15 08:08:46,2024-11-16 05:44:14,13.78,35.37,Yes,2,Negative,Student needs help with payment & billing issue.
635,SFS2024635,Tina Jackson,student635@sfsacademy.edu,Account & Login,Low,Closed,Phone,Agent Nadia,2024-11-04 18:29:00,2024-11-06 16:26:00,2024-11-09 21:24:36,45.95,122.93,Yes,3,Neutral,Student needs help with account & login issue.
636,SFS2024636,Jack White,student636@sfsacademy.edu,Payment & Billing,Medium,Open,Email,Agent Ravi,2024-05-24 09:42:00,2024-05-25 08:39:19,,22.96,,No,,Negative,Student needs help with payment & billing issue.
637,SFS2024637,Zoe Brown,student637@sfsacademy.edu,Library Access,Critical,Closed,Portal,Agent Tom,2024-04-17 16:03:00,2024-04-17 16:52:55,2024-04-17 20:27:37,0.83,4.41,Yes,2,Negative,Student needs help with library access issue.
638,SFS2024638,Yara Johnson,student638@sfsacademy.edu,Enrollment,Medium,Open,Phone,Agent Ravi,2024-06-21 14:07:00,2024-06-22 18:44:14,,28.62,,No,,Negative,Student needs help with enrollment issue.
639,SFS2024639,David Young,student639@sfsacademy.edu,Course Access,High,Pending Student Response,Chat,Agent Sara,2025-01-29 16:17:00,2025-01-30 00:03:14,,7.77,,No,,Neutral,Student needs help with course access issue.
640,SFS2024640,Olivia Walker,student640@sfsacademy.edu,Payment & Billing,Medium,Closed,Portal,Agent John,2024-11-08 09:52:00,2024-11-09 12:08:51,2024-11-09 20:31:41,26.28,34.66,Yes,1,Negative,Student needs help with payment & billing issue.
641,SFS2024641,Henry Lee,student641@sfsacademy.edu,Payment & Billing,Medium,Closed,Portal,Agent John,2024-09-12 09:09:00,2024-09-12 22:04:36,2024-09-13 18:37:01,12.93,33.47,Yes,3,Neutral,Student needs help with payment & billing issue.
642,SFS2024642,Henry Anderson,student642@sfsacademy.edu,Account & Login,Low,Closed,Portal,Agent Tom,2024-06-23 12:32:00,2024-06-23 21:41:25,2024-06-26 22:16:24,9.16,81.74,Yes,2,Negative,Student needs help with account & login issue.
643,SFS2024643,Wendy Walker,student643@sfsacademy.edu,Exam & Assessment,Critical,Pending Student Response,Chat,Agent Sara,2025-02-14 14:26:00,2025-02-14 15:12:35,,0.78,,No,,Neutral,Student needs help with exam & assessment issue.
644,SFS2024644,Victor Anderson,student644@sfsacademy.edu,Payment & Billing,Medium,In Progress,Email,Agent Nadia,2024-02-05 09:21:00,2024-02-05 20:58:45,,11.63,,No,,Neutral,Student needs help with payment & billing issue.
645,SFS2024645,Xander Garcia,student645@sfsacademy.edu,Library Access,Critical,Pending Student Response,Chat,Agent Nadia,2024-10-21 08:40:00,2024-10-21 10:50:58,,2.18,,No,,Negative,Student needs help with library access issue.
646,SFS2024646,Tina Lewis,student646@sfsacademy.edu,Payment & Billing,Low,Closed,Chat,Agent Nadia,2024-06-25 08:52:00,2024-06-26 22:07:55,2024-06-30 11:27:08,37.27,122.59,Yes,2,Negative,Student needs help with payment & billing issue.
647,SFS2024647,Xander Anderson,student647@sfsacademy.edu,Enrollment,High,Closed,Email,Agent Lisa,2024-12-23 13:56:00,2024-12-23 14:46:11,2024-12-23 20:47:13,0.84,6.85,No,5,Positive,Student needs help with enrollment issue.
648,SFS2024648,Iris White,student648@sfsacademy.edu,Library Access,Low,Closed,Portal,Agent Tom,2024-09-23 16:18:00,2024-09-23 18:08:14,2024-09-27 07:43:03,1.84,87.42,Yes,2,Negative,Student needs help with library access issue.
649,SFS2024649,Uma Taylor,student649@sfsacademy.edu,Technical Issue,Medium,Closed,Phone,Agent Tom,2025-01-31 12:46:00,2025-02-01 07:00:37,2025-02-02 00:40:14,18.24,35.9,Yes,1,Negative,Student needs help with technical issue issue.
650,SFS2024650,Sam Anderson,student650@sfsacademy.edu,Enrollment,High,Closed,Phone,Agent Mike,2024-08-17 12:36:00,2024-08-17 15:49:21,2024-08-18 02:49:35,3.22,14.23,Yes,3,Neutral,Student needs help with enrollment issue.
651,SFS2024651,Aiden Clark,student651@sfsacademy.edu,Enrollment,High,Open,Chat,Agent Tom,2024-12-31 14:33:00,2024-12-31 15:56:30,,1.39,,No,,Negative,Student needs help with enrollment issue.
652,SFS2024652,Sam Hall,student652@sfsacademy.edu,Enrollment,Medium,Open,Email,Agent Ravi,2024-02-11 09:03:00,2024-02-11 20:00:03,,10.95,,No,,Negative,Student needs help with enrollment issue.
653,SFS2024653,Quinn Anderson,student653@sfsacademy.edu,Account & Login,Low,Closed,Chat,Agent Ravi,2024-09-22 14:55:00,2024-09-24 09:11:51,2024-09-26 01:48:19,42.28,82.89,Yes,1,Negative,Student needs help with account & login issue.
654,SFS2024654,Leo Taylor,student654@sfsacademy.edu,Course Access,Critical,Closed,Chat,Agent Mike,2024-09-05 15:08:00,2024-09-05 16:31:57,2024-09-05 19:46:19,1.4,4.64,Yes,3,Neutral,Student needs help with course access issue.
655,SFS2024655,Paul Smith,student655@sfsacademy.edu,Technical Issue,Low,Closed,Email,Agent Priya,2024-11-04 14:07:00,2024-11-05 11:49:38,2024-11-09 10:58:27,21.71,116.86,Yes,2,Negative,Student needs help with technical issue issue.
656,SFS2024656,Rose Martinez,student656@sfsacademy.edu,Library Access,High,Closed,Portal,Agent Lisa,2025-02-09 10:09:00,2025-02-09 12:18:57,2025-02-10 00:24:39,2.17,14.26,Yes,1,Negative,Student needs help with library access issue.
657,SFS2024657,Yara Anderson,student657@sfsacademy.edu,General Inquiry,Medium,Closed,Chat,Agent Tom,2024-02-04 08:26:00,2024-02-04 22:22:56,2024-02-06 09:13:25,13.95,48.79,Yes,2,Negative,Student needs help with general inquiry issue.
658,SFS2024658,Henry Robinson,student658@sfsacademy.edu,Payment & Billing,High,Closed,Email,Agent Tom,2024-09-15 18:29:00,2024-09-16 02:15:41,2024-09-16 13:13:44,7.78,18.75,Yes,2,Negative,Student needs help with payment & billing issue.
659,SFS2024659,Rose Taylor,student659@sfsacademy.edu,Library Access,Critical,Pending Student Response,Portal,Agent John,2024-06-22 16:02:00,2024-06-22 17:52:37,,1.84,,No,,Negative,Student needs help with library access issue.
660,SFS2024660,Rose Thomas,student660@sfsacademy.edu,Technical Issue,Low,Closed,Chat,Agent Mike,2024-11-25 16:05:00,2024-11-26 21:17:02,2024-11-27 00:03:25,29.2,31.97,No,5,Positive,Student needs help with technical issue issue.
661,SFS2024661,Paul Smith,student661@sfsacademy.edu,General Inquiry,Low,Pending Student Response,Phone,Agent John,2024-01-10 12:50:00,2024-01-11 12:16:33,,23.44,,No,,Neutral,Student needs help with general inquiry issue.
662,SFS2024662,Rose Thomas,student662@sfsacademy.edu,Exam & Assessment,Medium,Pending Student Response,Phone,Agent Nadia,2024-06-23 14:11:00,2024-06-23 17:15:33,,3.08,,No,,Neutral,Student needs help with exam & assessment issue.
663,SFS2024663,Frank Smith,student663@sfsacademy.edu,Library Access,Low,Open,Portal,Agent Nadia,2024-05-26 10:11:00,2024-05-26 14:02:50,,3.86,,No,,Negative,Student needs help with library access issue.
664,SFS2024664,Grace White,student664@sfsacademy.edu,Account & Login,Medium,Closed,Phone,Agent Tom,2024-12-31 08:19:00,2024-12-31 19:26:37,2025-01-02 11:20:51,11.13,51.03,Yes,1,Negative,Student needs help with account & login issue.
665,SFS2024665,Paul Smith,student665@sfsacademy.edu,Account & Login,Low,Closed,Phone,Agent John,2025-01-20 17:37:00,2025-01-20 21:34:43,2025-01-22 18:44:13,3.96,49.12,Yes,2,Negative,Student needs help with account & login issue.
666,SFS2024666,Olivia Brown,student666@sfsacademy.edu,Course Access,Critical,Open,Portal,Agent Mike,2024-07-27 18:14:00,2024-07-27 19:18:43,,1.08,,No,,Negative,Student needs help with course access issue.
667,SFS2024667,Bob Smith,student667@sfsacademy.edu,Payment & Billing,High,Open,Chat,Agent Mike,2024-11-21 16:13:00,2024-11-22 01:27:53,,9.25,,No,,Negative,Student needs help with payment & billing issue.
668,SFS2024668,Aiden Robinson,student668@sfsacademy.edu,Payment & Billing,Medium,Closed,Email,Agent Sara,2025-02-20 15:53:00,2025-02-21 18:48:05,2025-02-22 18:27:51,26.92,50.58,Yes,2,Negative,Student needs help with payment & billing issue.
669,SFS2024669,Eve Hall,student669@sfsacademy.edu,Technical Issue,Medium,Closed,Email,Agent Priya,2024-06-28 18:13:00,2024-06-29 03:13:29,2024-06-29 22:48:14,9.01,28.59,Yes,1,Negative,Student needs help with technical issue issue.
670,SFS2024670,Iris White,student670@sfsacademy.edu,Exam & Assessment,Medium,In Progress,Phone,Agent Tom,2024-05-23 14:13:00,2024-05-24 18:26:25,,28.22,,No,,Negative,Student needs help with exam & assessment issue.
671,SFS2024671,Tina Lee,student671@sfsacademy.edu,Exam & Assessment,Low,In Progress,Portal,Agent Sara,2024-12-05 13:21:00,2024-12-07 02:45:42,,37.41,,No,,Neutral,Student needs help with exam & assessment issue.
672,SFS2024672,Alice Lewis,student672@sfsacademy.edu,General Inquiry,Low,Closed,Email,Agent Nadia,2024-01-03 08:43:00,2024-01-05 06:10:18,2024-01-07 20:50:09,45.46,108.12,Yes,1,Negative,Student needs help with general inquiry issue.
673,SFS2024673,David Lewis,student673@sfsacademy.edu,Exam & Assessment,Critical,Closed,Portal,Agent Nadia,2024-12-10 09:22:00,2024-12-10 11:27:39,2024-12-10 14:53:47,2.09,5.53,Yes,3,Neutral,Student needs help with exam & assessment issue.
674,SFS2024674,Zoe White,student674@sfsacademy.edu,Library Access,Low,Pending Student Response,Portal,Agent Tom,2024-07-08 11:28:00,2024-07-08 17:06:13,,5.64,,No,,Negative,Student needs help with library access issue.
675,SFS2024675,Iris Allen,student675@sfsacademy.edu,Enrollment,Low,Closed,Portal,Agent Sara,2024-04-29 15:23:00,2024-05-02 00:05:05,2024-05-04 13:44:10,56.7,118.35,Yes,1,Negative,Student needs help with enrollment issue.
676,SFS2024676,Bella White,student676@sfsacademy.edu,Payment & Billing,Medium,Closed,Portal,Agent John,2024-09-13 15:10:00,2024-09-14 12:46:39,2024-09-14 19:46:01,21.61,28.6,Yes,3,Neutral,Student needs help with payment & billing issue.
677,SFS2024677,Bella Garcia,student677@sfsacademy.edu,Library Access,High,Open,Email,Agent Ravi,2024-09-24 12:12:00,2024-09-24 21:14:05,,9.03,,No,,Neutral,Student needs help with library access issue.
678,SFS2024678,Noah Hall,student678@sfsacademy.edu,General Inquiry,Low,Closed,Email,Agent Tom,2024-08-09 14:17:00,2024-08-11 17:14:54,2024-08-12 15:34:49,50.97,73.3,Yes,1,Negative,Student needs help with general inquiry issue.
679,SFS2024679,Karen Martin,student679@sfsacademy.edu,Technical Issue,Medium,Closed,Chat,Agent Mike,2024-08-17 13:00:00,2024-08-18 16:36:18,2024-08-20 12:42:13,27.61,71.7,Yes,1,Negative,Student needs help with technical issue issue.
680,SFS2024680,Aiden Johnson,student680@sfsacademy.edu,Technical Issue,Low,Closed,Phone,Agent Tom,2024-02-02 18:40:00,2024-02-03 09:16:44,2024-02-05 07:16:08,14.61,60.6,Yes,3,Neutral,Student needs help with technical issue issue.
681,SFS2024681,Bob Johnson,student681@sfsacademy.edu,General Inquiry,High,In Progress,Chat,Agent John,2025-02-24 13:33:00,2025-02-24 19:19:05,,5.77,,No,,Neutral,Student needs help with general inquiry issue.
682,SFS2024682,Carol Taylor,student682@sfsacademy.edu,Payment & Billing,High,Open,Chat,Agent Sara,2024-07-12 13:56:00,2024-07-12 14:55:54,,1.0,,No,,Negative,Student needs help with payment & billing issue.
683,SFS2024683,Olivia Robinson,student683@sfsacademy.edu,Account & Login,Low,Pending Student Response,Chat,Agent John,2024-12-12 08:35:00,2024-12-12 22:23:38,,13.81,,No,,Neutral,Student needs help with account & login issue.
684,SFS2024684,David Smith,student684@sfsacademy.edu,Technical Issue,Medium,Open,Phone,Agent Ravi,2024-08-25 14:56:00,2024-08-26 08:04:06,,17.14,,No,,Neutral,Student needs help with technical issue issue.
685,SFS2024685,Frank White,student685@sfsacademy.edu,Payment & Billing,High,Open,Phone,Agent Lisa,2024-10-31 09:37:00,2024-10-31 13:56:52,,4.33,,No,,Negative,Student needs help with payment & billing issue.
686,SFS2024686,Leo Smith,student686@sfsacademy.edu,Exam & Assessment,Low,Closed,Portal,Agent Lisa,2024-03-11 08:03:00,2024-03-11 16:58:01,2024-03-12 23:17:28,8.92,39.24,No,4,Positive,Student needs help with exam & assessment issue.
687,SFS2024687,Uma Jackson,student687@sfsacademy.edu,Technical Issue,Medium,Open,Phone,Agent Nadia,2024-09-22 17:42:00,2024-09-22 23:43:48,,6.03,,No,,Neutral,Student needs help with technical issue issue.
688,SFS2024688,Olivia Johnson,student688@sfsacademy.edu,General Inquiry,Low,Closed,Phone,Agent Tom,2025-02-06 09:21:00,2025-02-07 21:01:46,2025-02-09 13:48:19,35.68,76.46,Yes,1,Negative,Student needs help with general inquiry issue.
689,SFS2024689,Karen Robinson,student689@sfsacademy.edu,Enrollment,Low,Closed,Portal,Agent Ravi,2024-09-10 11:58:00,2024-09-11 02:06:52,2024-09-14 00:54:01,14.15,84.93,Yes,3,Neutral,Student needs help with enrollment issue.
690,SFS2024690,Eve Martin,student690@sfsacademy.edu,Technical Issue,High,Open,Phone,Agent John,2024-04-15 14:11:00,2024-04-15 14:57:23,,0.77,,No,,Neutral,Student needs help with technical issue issue.
691,SFS2024691,Henry Harris,student691@sfsacademy.edu,Technical Issue,Medium,Pending Student Response,Portal,Agent Sara,2024-08-13 11:40:00,2024-08-13 17:45:54,,6.1,,No,,Neutral,Student needs help with technical issue issue.
692,SFS2024692,Victor Anderson,student692@sfsacademy.edu,Enrollment,High,Closed,Portal,Agent Sara,2025-01-03 10:21:00,2025-01-03 18:31:12,2025-01-04 09:10:47,8.17,22.83,Yes,1,Negative,Student needs help with enrollment issue.
693,SFS2024693,Quinn Young,student693@sfsacademy.edu,Enrollment,High,Closed,Chat,Agent Lisa,2024-07-13 18:50:00,2024-07-13 21:31:07,2024-07-14 10:39:39,2.69,15.83,Yes,2,Negative,Student needs help with enrollment issue.
694,SFS2024694,Tina Clark,student694@sfsacademy.edu,Enrollment,Low,In Progress,Chat,Agent Mike,2024-08-10 09:07:00,2024-08-12 01:15:51,,40.15,,No,,Negative,Student needs help with enrollment issue.
695,SFS2024695,Bella Anderson,student695@sfsacademy.edu,Enrollment,Low,Closed,Portal,Agent Lisa,2024-11-21 11:58:00,2024-11-22 07:10:38,2024-11-22 13:14:12,19.21,25.27,No,5,Positive,Student needs help with enrollment issue.
696,SFS2024696,Paul Walker,student696@sfsacademy.edu,General Inquiry,Medium,Pending Student Response,Portal,Agent John,2024-09-17 17:56:00,2024-09-18 08:49:37,,14.89,,No,,Negative,Student needs help with general inquiry issue.
697,SFS2024697,Sam Johnson,student697@sfsacademy.edu,General Inquiry,High,Closed,Chat,Agent Ravi,2024-08-25 10:20:00,2024-08-25 13:16:30,2024-08-25 20:17:21,2.94,9.96,Yes,3,Neutral,Student needs help with general inquiry issue.
698,SFS2024698,Sam Thomas,student698@sfsacademy.edu,Account & Login,Low,Pending Student Response,Phone,Agent Mike,2024-04-16 11:57:00,2024-04-17 12:43:07,,24.77,,No,,Negative,Student needs help with account & login issue.
699,SFS2024699,Olivia Walker,student699@sfsacademy.edu,Library Access,Low,Pending Student Response,Phone,Agent Ravi,2024-07-10 12:35:00,2024-07-11 02:13:35,,13.64,,No,,Neutral,Student needs help with library access issue.
700,SFS2024700,Iris Brown,student700@sfsacademy.edu,Exam & Assessment,Medium,Closed,Phone,Agent Ravi,2024-11-14 13:27:00,2024-11-14 21:40:35,2024-11-14 23:50:17,8.23,10.39,No,4,Positive,Student needs help with exam & assessment issue.
701,SFS2024701,Grace Garcia,student701@sfsacademy.edu,Course Access,High,Closed,Portal,Agent Lisa,2024-07-02 09:18:00,2024-07-02 10:41:43,2024-07-02 12:45:56,1.4,3.47,No,3,Neutral,Student needs help with course access issue.
702,SFS2024702,Alice Martin,student702@sfsacademy.edu,Library Access,Low,Pending Student Response,Portal,Agent Mike,2024-04-10 18:21:00,2024-04-13 03:51:32,,57.51,,No,,Negative,Student needs help with library access issue.
703,SFS2024703,Henry Jackson,student703@sfsacademy.edu,Technical Issue,Critical,In Progress,Portal,Agent Ravi,2024-05-24 13:50:00,2024-05-24 15:58:39,,2.14,,No,,Neutral,Student needs help with technical issue issue.
704,SFS2024704,Yara Clark,student704@sfsacademy.edu,General Inquiry,Medium,Closed,Phone,Agent Ravi,2024-08-30 11:33:00,2024-08-31 10:27:40,2024-09-01 02:10:32,22.91,38.63,Yes,1,Negative,Student needs help with general inquiry issue.
705,SFS2024705,Paul Martinez,student705@sfsacademy.edu,Payment & Billing,High,Open,Phone,Agent Priya,2024-04-17 15:28:00,2024-04-18 00:33:04,,9.08,,No,,Neutral,Student needs help with payment & billing issue.
706,SFS2024706,Diana Anderson,student706@sfsacademy.edu,Library Access,Medium,Pending Student Response,Email,Agent Tom,2024-06-22 11:26:00,2024-06-23 03:59:44,,16.56,,No,,Neutral,Student needs help with library access issue.
707,SFS2024707,Paul Taylor,student707@sfsacademy.edu,Account & Login,Medium,Closed,Portal,Agent Nadia,2024-03-19 13:36:00,2024-03-20 16:56:52,2024-03-20 20:56:32,27.35,31.34,Yes,2,Negative,Student needs help with account & login issue.
708,SFS2024708,Frank Jackson,student708@sfsacademy.edu,Payment & Billing,Medium,Closed,Portal,Agent John,2024-06-17 17:28:00,2024-06-17 18:52:26,2024-06-19 04:15:29,1.41,34.79,Yes,2,Negative,Student needs help with payment & billing issue.
709,SFS2024709,Diana Clark,student709@sfsacademy.edu,Course Access,Low,Closed,Email,Agent Ravi,2024-02-05 14:18:00,2024-02-06 11:51:00,2024-02-06 13:53:58,21.55,23.6,No,4,Positive,Student needs help with course access issue.
710,SFS2024710,Wendy Lee,student710@sfsacademy.edu,Course Access,Low,Closed,Portal,Agent Nadia,2024-07-19 10:07:00,2024-07-19 18:02:08,2024-07-20 14:34:30,7.92,28.46,No,4,Positive,Student needs help with course access issue.
711,SFS2024711,Mia Young,student711@sfsacademy.edu,General Inquiry,Critical,Closed,Portal,Agent Lisa,2024-03-22 17:36:00,2024-03-22 18:06:50,2024-03-22 19:32:31,0.51,1.94,No,3,Neutral,Student needs help with general inquiry issue.
712,SFS2024712,Carlos Lewis,student712@sfsacademy.edu,General Inquiry,Medium,Closed,Chat,Agent Ravi,2025-02-17 11:33:00,2025-02-18 04:21:16,2025-02-19 16:00:25,16.8,52.46,Yes,1,Negative,Student needs help with general inquiry issue.
713,SFS2024713,Olivia Robinson,student713@sfsacademy.edu,Payment & Billing,Medium,Pending Student Response,Portal,Agent Nadia,2024-06-26 12:25:00,2024-06-26 17:59:55,,5.58,,No,,Negative,Student needs help with payment & billing issue.
714,SFS2024714,Diana Brown,student714@sfsacademy.edu,Technical Issue,Medium,Closed,Portal,Agent Mike,2024-12-03 10:44:00,2024-12-03 18:58:52,2024-12-05 01:30:04,8.25,38.77,Yes,1,Negative,Student needs help with technical issue issue.
715,SFS2024715,Noah Lewis,student715@sfsacademy.edu,Course Access,Medium,In Progress,Email,Agent Tom,2024-12-23 11:58:00,2024-12-24 09:50:39,,21.88,,No,,Negative,Student needs help with course access issue.
716,SFS2024716,Bob Smith,student716@sfsacademy.edu,Course Access,Medium,Closed,Chat,Agent Ravi,2024-03-25 12:13:00,2024-03-25 22:26:31,2024-03-26 18:12:40,10.23,29.99,Yes,1,Negative,Student needs help with course access issue.
717,SFS2024717,Olivia Anderson,student717@sfsacademy.edu,General Inquiry,Critical,Closed,Chat,Agent Ravi,2024-05-08 09:45:00,2024-05-08 10:22:46,2024-05-08 13:01:29,0.63,3.27,Yes,1,Negative,Student needs help with general inquiry issue.
718,SFS2024718,Frank Brown,student718@sfsacademy.edu,Course Access,Low,Pending Student Response,Phone,Agent Priya,2024-08-29 12:53:00,2024-08-29 20:28:20,,7.59,,No,,Negative,Student needs help with course access issue.
719,SFS2024719,Bob Walker,student719@sfsacademy.edu,Payment & Billing,Low,Closed,Email,Agent Mike,2024-12-09 08:43:00,2024-12-11 12:11:20,2024-12-13 15:45:27,51.47,103.04,Yes,2,Negative,Student needs help with payment & billing issue.
720,SFS2024720,Yara Robinson,student720@sfsacademy.edu,Library Access,Medium,Open,Email,Agent Ravi,2024-11-24 18:45:00,2024-11-25 12:10:45,,17.43,,No,,Neutral,Student needs help with library access issue.
721,SFS2024721,Karen Jackson,student721@sfsacademy.edu,Enrollment,Low,In Progress,Email,Agent John,2025-01-27 11:59:00,2025-01-28 12:33:41,,24.58,,No,,Neutral,Student needs help with enrollment issue.
722,SFS2024722,Aiden Garcia,student722@sfsacademy.edu,Payment & Billing,Low,Pending Student Response,Email,Agent Priya,2024-12-14 18:04:00,2024-12-15 18:18:07,,24.24,,No,,Neutral,Student needs help with payment & billing issue.
723,SFS2024723,Alice Robinson,student723@sfsacademy.edu,Account & Login,Low,Closed,Email,Agent Nadia,2024-06-14 16:40:00,2024-06-15 06:26:13,2024-06-15 17:29:46,13.77,24.83,No,4,Positive,Student needs help with account & login issue.
724,SFS2024724,Yara Young,student724@sfsacademy.edu,Course Access,Medium,Closed,Phone,Agent Lisa,2024-11-30 13:00:00,2024-11-30 14:44:36,2024-12-02 09:21:36,1.74,44.36,Yes,2,Negative,Student needs help with course access issue.
725,SFS2024725,Victor Anderson,student725@sfsacademy.edu,Payment & Billing,Medium,In Progress,Email,Agent Lisa,2024-09-12 09:45:00,2024-09-13 03:13:34,,17.48,,No,,Negative,Student needs help with payment & billing issue.
726,SFS2024726,Quinn White,student726@sfsacademy.edu,General Inquiry,High,Closed,Phone,Agent John,2024-06-19 10:40:00,2024-06-19 11:19:38,2024-06-20 02:00:31,0.66,15.34,Yes,2,Negative,Student needs help with general inquiry issue.
727,SFS2024727,Bob Anderson,student727@sfsacademy.edu,Course Access,Critical,Closed,Portal,Agent Lisa,2024-09-14 17:45:00,2024-09-14 19:39:07,2024-09-14 22:55:25,1.9,5.17,Yes,2,Negative,Student needs help with course access issue.
728,SFS2024728,Uma Johnson,student728@sfsacademy.edu,Technical Issue,Low,Closed,Chat,Agent Mike,2024-07-10 15:18:00,2024-07-12 10:00:41,2024-07-13 18:14:13,42.71,74.94,Yes,1,Negative,Student needs help with technical issue issue.
729,SFS2024729,Diana White,student729@sfsacademy.edu,Enrollment,High,Pending Student Response,Phone,Agent Tom,2024-09-23 14:41:00,2024-09-23 17:23:16,,2.7,,No,,Neutral,Student needs help with enrollment issue.
730,SFS2024730,Carol Jackson,student730@sfsacademy.edu,Account & Login,High,Closed,Portal,Agent Tom,2025-02-14 18:44:00,2025-02-14 23:15:31,2025-02-15 00:20:58,4.53,5.62,No,5,Positive,Student needs help with account & login issue.
731,SFS2024731,Xander Lewis,student731@sfsacademy.edu,Payment & Billing,Critical,Open,Portal,Agent Mike,2024-01-27 18:09:00,2024-01-27 19:36:50,,1.46,,No,,Negative,Student needs help with payment & billing issue.
732,SFS2024732,Bella Lee,student732@sfsacademy.edu,Enrollment,Low,Closed,Phone,Agent Lisa,2024-06-08 10:46:00,2024-06-09 20:10:49,2024-06-13 17:06:51,33.41,126.35,Yes,1,Negative,Student needs help with enrollment issue.
733,SFS2024733,Mia Clark,student733@sfsacademy.edu,Account & Login,Medium,Closed,Portal,Agent Nadia,2024-02-10 13:25:00,2024-02-11 13:06:41,2024-02-13 03:24:31,23.69,61.99,Yes,1,Negative,Student needs help with account & login issue.
734,SFS2024734,Tina Lee,student734@sfsacademy.edu,Payment & Billing,Medium,Closed,Chat,Agent Lisa,2024-02-12 12:38:00,2024-02-13 02:15:16,2024-02-14 00:34:26,13.62,35.94,Yes,2,Negative,Student needs help with payment & billing issue.
735,SFS2024735,Paul Robinson,student735@sfsacademy.edu,Enrollment,High,Open,Email,Agent Sara,2024-02-06 13:08:00,2024-02-06 21:28:27,,8.34,,No,,Negative,Student needs help with enrollment issue.
736,SFS2024736,Frank Jackson,student736@sfsacademy.edu,Course Access,Medium,Closed,Email,Agent Nadia,2024-07-31 14:47:00,2024-08-01 19:22:13,2024-08-02 02:13:14,28.59,35.44,Yes,3,Neutral,Student needs help with course access issue.
737,SFS2024737,Diana Clark,student737@sfsacademy.edu,Exam & Assessment,High,Pending Student Response,Phone,Agent Ravi,2025-01-25 14:16:00,2025-01-25 21:06:15,,6.84,,No,,Negative,Student needs help with exam & assessment issue.
738,SFS2024738,Victor Anderson,student738@sfsacademy.edu,Exam & Assessment,Medium,In Progress,Portal,Agent Sara,2025-01-11 11:15:00,2025-01-11 19:08:44,,7.9,,No,,Negative,Student needs help with exam & assessment issue.
739,SFS2024739,Mia Allen,student739@sfsacademy.edu,Payment & Billing,Medium,Closed,Email,Agent Sara,2024-05-10 11:38:00,2024-05-11 09:57:06,2024-05-12 17:14:18,22.32,53.61,Yes,3,Neutral,Student needs help with payment & billing issue.
740,SFS2024740,Sam Martin,student740@sfsacademy.edu,Account & Login,Low,Closed,Phone,Agent Lisa,2024-02-11 16:58:00,2024-02-12 22:03:12,2024-02-15 01:42:27,29.09,80.74,Yes,3,Neutral,Student needs help with account & login issue.
741,SFS2024741,Xander Jackson,student741@sfsacademy.edu,Course Access,High,Pending Student Response,Phone,Agent John,2025-01-10 14:48:00,2025-01-10 22:42:34,,7.91,,No,,Negative,Student needs help with course access issue.
742,SFS2024742,Quinn Clark,student742@sfsacademy.edu,General Inquiry,Medium,In Progress,Email,Agent Sara,2025-01-18 14:44:00,2025-01-18 17:12:35,,2.48,,No,,Negative,Student needs help with general inquiry issue.
743,SFS2024743,Olivia Allen,student743@sfsacademy.edu,Payment & Billing,Medium,Open,Portal,Agent Priya,2024-12-01 12:46:00,2024-12-02 03:02:01,,14.27,,No,,Neutral,Student needs help with payment & billing issue.
744,SFS2024744,Bella Thomas,student744@sfsacademy.edu,Enrollment,Low,Pending Student Response,Chat,Agent Lisa,2025-02-20 11:11:00,2025-02-21 12:50:56,,25.67,,No,,Neutral,Student needs help with enrollment issue.
745,SFS2024745,Bob Harris,student745@sfsacademy.edu,Exam & Assessment,Medium,Closed,Portal,Agent Sara,2024-02-10 12:05:00,2024-02-11 02:06:28,2024-02-12 10:43:46,14.02,46.65,Yes,1,Negative,Student needs help with exam & assessment issue.
746,SFS2024746,Diana Lee,student746@sfsacademy.edu,Course Access,Medium,In Progress,Email,Agent Mike,2025-01-19 08:42:00,2025-01-19 19:49:52,,11.13,,No,,Negative,Student needs help with course access issue.
747,SFS2024747,Bob Martinez,student747@sfsacademy.edu,Exam & Assessment,Medium,Closed,Portal,Agent Tom,2024-08-30 13:38:00,2024-08-31 16:45:48,2024-09-02 01:01:19,27.13,59.39,Yes,2,Negative,Student needs help with exam & assessment issue.
748,SFS2024748,Aiden White,student748@sfsacademy.edu,Payment & Billing,Medium,Closed,Email,Agent Sara,2024-06-18 09:00:00,2024-06-19 10:05:34,2024-06-20 00:13:40,25.09,39.23,Yes,2,Negative,Student needs help with payment & billing issue.
749,SFS2024749,Alice Martinez,student749@sfsacademy.edu,Account & Login,Medium,Pending Student Response,Email,Agent Mike,2024-07-07 15:39:00,2024-07-08 20:03:32,,28.41,,No,,Negative,Student needs help with account & login issue.
750,SFS2024750,Victor Taylor,student750@sfsacademy.edu,Account & Login,Medium,Closed,Phone,Agent John,2024-01-24 13:43:00,2024-01-25 02:19:36,2024-01-26 23:06:23,12.61,57.39,Yes,3,Neutral,Student needs help with account & login issue.
751,SFS2024751,Aiden Hall,student751@sfsacademy.edu,Technical Issue,Medium,Pending Student Response,Chat,Agent Priya,2025-01-10 14:18:00,2025-01-11 13:21:00,,23.05,,No,,Negative,Student needs help with technical issue issue.
752,SFS2024752,David Clark,student752@sfsacademy.edu,Enrollment,Medium,Open,Portal,Agent Mike,2024-08-27 10:57:00,2024-08-27 16:16:23,,5.32,,No,,Neutral,Student needs help with enrollment issue.
753,SFS2024753,Victor Taylor,student753@sfsacademy.edu,Account & Login,Critical,Closed,Portal,Agent Lisa,2025-01-01 08:10:00,2025-01-01 10:01:59,2025-01-01 13:01:51,1.87,4.86,Yes,3,Neutral,Student needs help with account & login issue.
754,SFS2024754,Uma Garcia,student754@sfsacademy.edu,Course Access,Medium,Pending Student Response,Portal,Agent Tom,2024-12-06 10:59:00,2024-12-07 13:51:09,,26.87,,No,,Neutral,Student needs help with course access issue.
755,SFS2024755,Karen Allen,student755@sfsacademy.edu,Account & Login,Medium,Closed,Portal,Agent Mike,2024-07-12 14:41:00,2024-07-12 22:30:56,2024-07-13 13:11:29,7.83,22.51,No,3,Neutral,Student needs help with account & login issue.
756,SFS2024756,Bella Robinson,student756@sfsacademy.edu,Account & Login,Medium,Pending Student Response,Phone,Agent Sara,2024-04-06 09:36:00,2024-04-06 11:51:04,,2.25,,No,,Neutral,Student needs help with account & login issue.
757,SFS2024757,Eve Martin,student757@sfsacademy.edu,Payment & Billing,Medium,Closed,Email,Agent Mike,2024-08-04 13:49:00,2024-08-05 01:30:14,2024-08-06 03:48:13,11.69,37.99,Yes,2,Negative,Student needs help with payment & billing issue.
758,SFS2024758,Bella Allen,student758@sfsacademy.edu,Payment & Billing,Medium,Closed,Phone,Agent Sara,2024-04-22 15:43:00,2024-04-23 00:57:29,2024-04-25 00:30:14,9.24,56.79,Yes,1,Negative,Student needs help with payment & billing issue.
759,SFS2024759,Diana White,student759@sfsacademy.edu,Account & Login,Low,Closed,Phone,Agent Sara,2024-09-01 18:53:00,2024-09-02 04:06:09,2024-09-05 01:11:43,9.22,78.31,Yes,3,Neutral,Student needs help with account & login issue.
760,SFS2024760,Alice Hall,student760@sfsacademy.edu,General Inquiry,High,Open,Phone,Agent Nadia,2024-12-24 08:59:00,2024-12-24 18:26:28,,9.46,,No,,Neutral,Student needs help with general inquiry issue.
761,SFS2024761,Jack Jackson,student761@sfsacademy.edu,Account & Login,Medium,In Progress,Email,Agent Nadia,2024-07-19 13:27:00,2024-07-20 04:53:16,,15.44,,No,,Negative,Student needs help with account & login issue.
762,SFS2024762,Paul Martin,student762@sfsacademy.edu,Technical Issue,Low,Closed,Chat,Agent Lisa,2024-12-24 16:25:00,2024-12-26 06:17:46,2024-12-28 14:07:34,37.88,93.71,Yes,2,Negative,Student needs help with technical issue issue.
763,SFS2024763,Mia Clark,student763@sfsacademy.edu,Technical Issue,High,Open,Email,Agent Tom,2024-03-15 11:13:00,2024-03-15 17:53:21,,6.67,,No,,Neutral,Student needs help with technical issue issue.
764,SFS2024764,Noah Anderson,student764@sfsacademy.edu,General Inquiry,Low,Closed,Email,Agent Priya,2024-12-13 10:59:00,2024-12-13 18:11:01,2024-12-15 20:09:00,7.2,57.17,Yes,2,Negative,Student needs help with general inquiry issue.
765,SFS2024765,Zoe Brown,student765@sfsacademy.edu,General Inquiry,Low,Closed,Portal,Agent Lisa,2024-11-17 14:15:00,2024-11-19 04:01:28,2024-11-20 16:41:06,37.77,74.44,Yes,2,Negative,Student needs help with general inquiry issue.
766,SFS2024766,Victor Walker,student766@sfsacademy.edu,General Inquiry,High,Closed,Email,Agent Tom,2025-02-02 15:55:00,2025-02-02 17:30:31,2025-02-02 19:44:53,1.59,3.83,No,4,Positive,Student needs help with general inquiry issue.
767,SFS2024767,Jack Allen,student767@sfsacademy.edu,Library Access,Medium,Closed,Portal,Agent John,2024-04-25 08:37:00,2024-04-25 19:58:57,2024-04-27 19:58:50,11.37,59.36,Yes,3,Neutral,Student needs help with library access issue.
768,SFS2024768,Carol Walker,student768@sfsacademy.edu,Payment & Billing,Low,In Progress,Email,Agent Nadia,2024-03-05 09:20:00,2024-03-06 08:19:08,,22.99,,No,,Negative,Student needs help with payment & billing issue.
769,SFS2024769,Olivia Garcia,student769@sfsacademy.edu,Enrollment,High,Closed,Portal,Agent John,2024-10-26 16:45:00,2024-10-27 01:05:39,2024-10-27 12:31:20,8.34,19.77,Yes,1,Negative,Student needs help with enrollment issue.
770,SFS2024770,Rose Thomas,student770@sfsacademy.edu,Course Access,Medium,Closed,Email,Agent Lisa,2024-03-03 08:08:00,2024-03-03 11:01:40,2024-03-03 17:53:22,2.89,9.76,No,4,Positive,Student needs help with course access issue.
771,SFS2024771,Quinn Martinez,student771@sfsacademy.edu,Library Access,Low,Open,Portal,Agent Ravi,2024-08-04 18:00:00,2024-08-06 03:27:02,,33.45,,No,,Negative,Student needs help with library access issue.
772,SFS2024772,Bella Jackson,student772@sfsacademy.edu,Technical Issue,Low,Open,Email,Agent Mike,2024-11-06 16:32:00,2024-11-07 03:46:20,,11.24,,No,,Negative,Student needs help with technical issue issue.
773,SFS2024773,Frank Robinson,student773@sfsacademy.edu,Payment & Billing,Low,Closed,Email,Agent Nadia,2024-03-09 17:35:00,2024-03-11 01:28:46,2024-03-12 03:14:37,31.9,57.66,Yes,2,Negative,Student needs help with payment & billing issue.
774,SFS2024774,Uma Jackson,student774@sfsacademy.edu,Payment & Billing,Medium,In Progress,Email,Agent Mike,2024-08-21 09:16:00,2024-08-22 03:35:00,,18.32,,No,,Negative,Student needs help with payment & billing issue.
775,SFS2024775,Mia Smith,student775@sfsacademy.edu,Payment & Billing,Medium,Pending Student Response,Portal,Agent Nadia,2024-12-31 13:36:00,2024-12-31 23:03:10,,9.45,,No,,Negative,Student needs help with payment & billing issue.
776,SFS2024776,Iris Anderson,student776@sfsacademy.edu,Account & Login,Low,Closed,Phone,Agent John,2024-11-05 11:04:00,2024-11-07 00:07:14,2024-11-08 11:35:19,37.05,72.52,Yes,2,Negative,Student needs help with account & login issue.
777,SFS2024777,Carlos Martin,student777@sfsacademy.edu,Enrollment,Low,Closed,Email,Agent Nadia,2025-02-12 11:17:00,2025-02-14 08:28:38,2025-02-14 21:12:36,45.19,57.93,Yes,2,Negative,Student needs help with enrollment issue.
778,SFS2024778,Karen Robinson,student778@sfsacademy.edu,Library Access,Medium,Pending Student Response,Email,Agent Lisa,2024-10-28 15:06:00,2024-10-29 16:58:22,,25.87,,No,,Neutral,Student needs help with library access issue.
779,SFS2024779,Victor Anderson,student779@sfsacademy.edu,Account & Login,High,In Progress,Portal,Agent Ravi,2024-04-02 13:51:00,2024-04-02 16:42:26,,2.86,,No,,Neutral,Student needs help with account & login issue.
780,SFS2024780,Olivia Martinez,student780@sfsacademy.edu,Exam & Assessment,High,Open,Chat,Agent Mike,2024-03-14 14:36:00,2024-03-14 21:31:54,,6.93,,No,,Neutral,Student needs help with exam & assessment issue.
781,SFS2024781,Yara Garcia,student781@sfsacademy.edu,Enrollment,Low,In Progress,Email,Agent Lisa,2025-02-12 15:32:00,2025-02-14 22:07:58,,54.6,,No,,Negative,Student needs help with enrollment issue.
782,SFS2024782,Zoe Smith,student782@sfsacademy.edu,Course Access,Low,Closed,Email,Agent Priya,2024-02-16 18:05:00,2024-02-16 23:24:47,2024-02-18 03:34:08,5.33,33.49,No,5,Positive,Student needs help with course access issue.
783,SFS2024783,Diana Smith,student783@sfsacademy.edu,General Inquiry,Critical,Open,Chat,Agent John,2024-08-05 18:32:00,2024-08-05 19:03:35,,0.53,,No,,Neutral,Student needs help with general inquiry issue.
784,SFS2024784,Henry Thomas,student784@sfsacademy.edu,Technical Issue,Medium,Closed,Portal,Agent Ravi,2024-12-31 14:44:00,2025-01-01 10:19:20,2025-01-03 04:46:22,19.59,62.04,Yes,2,Negative,Student needs help with technical issue issue.
785,SFS2024785,Diana White,student785@sfsacademy.edu,Technical Issue,Low,Closed,Chat,Agent Nadia,2024-02-08 13:53:00,2024-02-09 12:01:46,2024-02-11 00:29:29,22.15,58.61,Yes,1,Negative,Student needs help with technical issue issue.
786,SFS2024786,Xander Allen,student786@sfsacademy.edu,Library Access,High,Open,Phone,Agent Ravi,2025-03-01 16:54:00,2025-03-01 19:48:33,,2.91,,No,,Neutral,Student needs help with library access issue.
787,SFS2024787,Tina Lewis,student787@sfsacademy.edu,Technical Issue,Medium,In Progress,Chat,Agent Ravi,2024-07-20 11:59:00,2024-07-20 14:06:37,,2.13,,No,,Neutral,Student needs help with technical issue issue.
788,SFS2024788,Quinn Walker,student788@sfsacademy.edu,Payment & Billing,Low,Closed,Phone,Agent Nadia,2024-06-17 12:22:00,2024-06-17 13:22:22,2024-06-19 07:17:56,1.01,42.93,No,3,Neutral,Student needs help with payment & billing issue.
789,SFS2024789,Leo Clark,student789@sfsacademy.edu,Library Access,Critical,Open,Chat,Agent Mike,2024-03-19 14:07:00,2024-03-19 15:22:04,,1.25,,No,,Negative,Student needs help with library access issue.
790,SFS2024790,Alice Martinez,student790@sfsacademy.edu,General Inquiry,Low,In Progress,Portal,Agent Priya,2024-04-03 16:51:00,2024-04-04 13:32:54,,20.7,,No,,Negative,Student needs help with general inquiry issue.
791,SFS2024791,Victor Jackson,student791@sfsacademy.edu,Account & Login,Low,Open,Phone,Agent Nadia,2024-12-29 11:07:00,2024-12-31 15:03:49,,51.95,,No,,Neutral,Student needs help with account & login issue.
792,SFS2024792,Xander Robinson,student792@sfsacademy.edu,General Inquiry,Low,Closed,Phone,Agent Priya,2024-09-02 18:17:00,2024-09-04 13:40:14,2024-09-07 16:48:09,43.39,118.52,Yes,2,Negative,Student needs help with general inquiry issue.
793,SFS2024793,Noah Young,student793@sfsacademy.edu,Exam & Assessment,High,Open,Portal,Agent Sara,2024-03-08 09:06:00,2024-03-08 10:04:24,,0.97,,No,,Negative,Student needs help with exam & assessment issue.
794,SFS2024794,Iris Taylor,student794@sfsacademy.edu,Course Access,Medium,Closed,Portal,Agent Nadia,2025-01-12 08:27:00,2025-01-13 02:25:42,2025-01-14 13:42:11,17.98,53.25,Yes,1,Negative,Student needs help with course access issue.
795,SFS2024795,Henry Taylor,student795@sfsacademy.edu,Course Access,High,Open,Portal,Agent Priya,2024-05-14 11:42:00,2024-05-14 21:13:55,,9.53,,No,,Neutral,Student needs help with course access issue.
796,SFS2024796,Bella Johnson,student796@sfsacademy.edu,Payment & Billing,Low,Open,Email,Agent Nadia,2024-03-08 14:02:00,2024-03-10 01:44:01,,35.7,,No,,Neutral,Student needs help with payment & billing issue.
797,SFS2024797,Bob Martin,student797@sfsacademy.edu,Enrollment,Medium,Closed,Phone,Agent Mike,2024-07-13 14:33:00,2024-07-14 03:06:28,2024-07-14 06:59:28,12.56,16.44,No,4,Positive,Student needs help with enrollment issue.
798,SFS2024798,Victor Garcia,student798@sfsacademy.edu,Account & Login,Low,Closed,Phone,Agent Mike,2024-02-26 12:23:00,2024-02-28 15:59:38,2024-02-29 10:15:37,51.61,69.88,Yes,1,Negative,Student needs help with account & login issue.
799,SFS2024799,David Smith,student799@sfsacademy.edu,Account & Login,Low,Closed,Phone,Agent Priya,2024-04-18 12:30:00,2024-04-20 19:08:58,2024-04-22 06:41:23,54.65,90.19,Yes,2,Negative,Student needs help with account & login issue.
800,SFS2024800,Carlos Taylor,student800@sfsacademy.edu,Exam & Assessment,High,Closed,Portal,Agent Tom,2024-12-15 16:49:00,2024-12-15 23:14:02,2024-12-16 03:23:03,6.42,10.57,Yes,2,Negative,Student needs help with exam & assessment issue.
801,SFS2024801,Rose Young,student801@sfsacademy.edu,Enrollment,Medium,Open,Chat,Agent Mike,2024-03-07 18:47:00,2024-03-08 21:28:30,,26.69,,No,,Neutral,Student needs help with enrollment issue.
802,SFS2024802,Carlos Hall,student802@sfsacademy.edu,Payment & Billing,Medium,Pending Student Response,Portal,Agent Sara,2024-06-24 12:46:00,2024-06-24 18:41:31,,5.93,,No,,Negative,Student needs help with payment & billing issue.
803,SFS2024803,Frank Young,student803@sfsacademy.edu,Account & Login,Medium,Open,Chat,Agent John,2024-06-26 13:28:00,2024-06-27 01:49:28,,12.36,,No,,Neutral,Student needs help with account & login issue.
804,SFS2024804,Frank Lewis,student804@sfsacademy.edu,Enrollment,Low,Closed,Chat,Agent Nadia,2024-05-20 10:18:00,2024-05-22 01:53:45,2024-05-25 13:34:13,39.6,123.27,Yes,3,Neutral,Student needs help with enrollment issue.
805,SFS2024805,Alice Walker,student805@sfsacademy.edu,Library Access,Medium,Closed,Portal,Agent Mike,2025-01-19 16:24:00,2025-01-19 17:00:06,2025-01-20 20:52:51,0.6,28.48,Yes,2,Negative,Student needs help with library access issue.
806,SFS2024806,Henry Martin,student806@sfsacademy.edu,Enrollment,High,Closed,Phone,Agent Lisa,2024-08-21 16:45:00,2024-08-21 22:16:28,2024-08-22 01:50:28,5.52,9.09,Yes,1,Negative,Student needs help with enrollment issue.
807,SFS2024807,Rose Taylor,student807@sfsacademy.edu,Payment & Billing,Critical,Closed,Email,Agent Lisa,2024-01-21 18:09:00,2024-01-21 19:52:14,2024-01-21 21:37:03,1.72,3.47,Yes,3,Neutral,Student needs help with payment & billing issue.
808,SFS2024808,Carlos Young,student808@sfsacademy.edu,Exam & Assessment,Medium,In Progress,Phone,Agent John,2024-01-01 18:22:00,2024-01-02 15:18:05,,20.93,,No,,Negative,Student needs help with exam & assessment issue.
809,SFS2024809,Rose Allen,student809@sfsacademy.edu,Exam & Assessment,Medium,Open,Phone,Agent Mike,2024-05-30 13:03:00,2024-05-30 18:33:05,,5.5,,No,,Neutral,Student needs help with exam & assessment issue.
810,SFS2024810,Bella Robinson,student810@sfsacademy.edu,Enrollment,Low,Closed,Portal,Agent Ravi,2024-02-24 14:41:00,2024-02-25 09:41:55,2024-02-26 06:04:15,19.02,39.39,No,5,Positive,Student needs help with enrollment issue.
811,SFS2024811,Frank Jackson,student811@sfsacademy.edu,Payment & Billing,High,Closed,Email,Agent Ravi,2024-03-20 15:14:00,2024-03-20 20:14:47,2024-03-21 04:08:14,5.01,12.9,Yes,3,Neutral,Student needs help with payment & billing issue.
812,SFS2024812,Eve Brown,student812@sfsacademy.edu,Library Access,Low,Closed,Portal,Agent Priya,2024-10-18 15:46:00,2024-10-20 14:56:45,2024-10-23 09:14:44,47.18,113.48,Yes,1,Negative,Student needs help with library access issue.
813,SFS2024813,Mia Smith,student813@sfsacademy.edu,Course Access,Critical,In Progress,Email,Agent Priya,2024-08-06 11:29:00,2024-08-06 13:07:46,,1.65,,No,,Negative,Student needs help with course access issue.
814,SFS2024814,Zoe Smith,student814@sfsacademy.edu,Payment & Billing,High,In Progress,Email,Agent Mike,2024-02-26 08:48:00,2024-02-26 11:44:08,,2.94,,No,,Neutral,Student needs help with payment & billing issue.
815,SFS2024815,Frank Martin,student815@sfsacademy.edu,Course Access,High,Closed,Portal,Agent Mike,2025-02-09 09:34:00,2025-02-09 14:26:18,2025-02-09 23:52:52,4.87,14.31,Yes,2,Negative,Student needs help with course access issue.
816,SFS2024816,Quinn Clark,student816@sfsacademy.edu,Library Access,Low,Closed,Email,Agent John,2024-06-18 15:09:00,2024-06-20 14:45:11,2024-06-21 01:31:14,47.6,58.37,Yes,1,Negative,Student needs help with library access issue.
817,SFS2024817,Mia Taylor,student817@sfsacademy.edu,Account & Login,Low,Closed,Phone,Agent Priya,2024-03-13 08:58:00,2024-03-14 22:53:16,2024-03-15 21:20:49,37.92,60.38,Yes,3,Neutral,Student needs help with account & login issue.
818,SFS2024818,Leo Brown,student818@sfsacademy.edu,Library Access,Low,In Progress,Email,Agent Tom,2024-09-08 10:07:00,2024-09-09 21:46:22,,35.66,,No,,Neutral,Student needs help with library access issue.
819,SFS2024819,Jack Martinez,student819@sfsacademy.edu,Payment & Billing,Low,Closed,Portal,Agent Nadia,2024-01-23 17:09:00,2024-01-25 20:38:49,2024-01-28 14:55:38,51.5,117.78,Yes,2,Negative,Student needs help with payment & billing issue.
820,SFS2024820,Eve Garcia,student820@sfsacademy.edu,Library Access,Medium,Closed,Email,Agent John,2024-02-23 12:58:00,2024-02-24 13:51:11,2024-02-26 12:49:17,24.89,71.85,Yes,3,Neutral,Student needs help with library access issue.
821,SFS2024821,Eve Brown,student821@sfsacademy.edu,General Inquiry,High,Pending Student Response,Email,Agent John,2024-03-16 14:28:00,2024-03-16 20:13:30,,5.76,,No,,Negative,Student needs help with general inquiry issue.
822,SFS2024822,Karen Anderson,student822@sfsacademy.edu,General Inquiry,High,Closed,Chat,Agent Nadia,2024-06-14 10:11:00,2024-06-14 16:59:36,2024-06-15 00:12:09,6.81,14.02,Yes,3,Neutral,Student needs help with general inquiry issue.
823,SFS2024823,Sam White,student823@sfsacademy.edu,General Inquiry,Low,Closed,Portal,Agent Ravi,2025-02-14 18:58:00,2025-02-15 17:25:43,2025-02-18 01:37:13,22.46,78.65,Yes,2,Negative,Student needs help with general inquiry issue.
824,SFS2024824,Leo Martinez,student824@sfsacademy.edu,Technical Issue,Medium,Closed,Chat,Agent Tom,2024-12-25 09:15:00,2024-12-26 12:51:01,2024-12-28 09:07:58,27.6,71.88,Yes,1,Negative,Student needs help with technical issue issue.
825,SFS2024825,Xander Anderson,student825@sfsacademy.edu,Account & Login,Medium,Pending Student Response,Portal,Agent Mike,2025-02-02 10:18:00,2025-02-03 10:13:38,,23.93,,No,,Neutral,Student needs help with account & login issue.
826,SFS2024826,Aiden Young,student826@sfsacademy.edu,Account & Login,High,Closed,Email,Agent Tom,2024-03-01 10:24:00,2024-03-01 17:16:57,2024-03-02 04:13:26,6.88,17.82,Yes,1,Negative,Student needs help with account & login issue.
827,SFS2024827,Paul Anderson,student827@sfsacademy.edu,Course Access,Medium,Open,Chat,Agent Sara,2024-03-21 08:09:00,2024-03-21 12:53:13,,4.74,,No,,Neutral,Student needs help with course access issue.
828,SFS2024828,Bob Young,student828@sfsacademy.edu,Exam & Assessment,Critical,Closed,Email,Agent Ravi,2025-01-18 16:44:00,2025-01-18 17:46:41,2025-01-18 19:14:45,1.04,2.51,Yes,3,Neutral,Student needs help with exam & assessment issue.
829,SFS2024829,Noah Thomas,student829@sfsacademy.edu,Account & Login,Low,Closed,Phone,Agent Ravi,2025-01-19 10:32:00,2025-01-21 15:31:00,2025-01-23 16:11:40,52.98,101.66,Yes,3,Neutral,Student needs help with account & login issue.
830,SFS2024830,Aiden Hall,student830@sfsacademy.edu,Enrollment,Medium,In Progress,Email,Agent Nadia,2024-05-19 09:33:00,2024-05-19 16:14:42,,6.7,,No,,Neutral,Student needs help with enrollment issue.
831,SFS2024831,Iris Taylor,student831@sfsacademy.edu,Account & Login,Medium,Closed,Portal,Agent Nadia,2024-11-05 09:52:00,2024-11-05 11:54:49,2024-11-06 06:22:24,2.05,20.51,No,4,Positive,Student needs help with account & login issue.
832,SFS2024832,Carol Jackson,student832@sfsacademy.edu,Technical Issue,Medium,Pending Student Response,Phone,Agent Mike,2024-02-23 09:23:00,2024-02-23 14:29:22,,5.11,,No,,Neutral,Student needs help with technical issue issue.
833,SFS2024833,Sam Lee,student833@sfsacademy.edu,Enrollment,Critical,Open,Portal,Agent Sara,2024-11-01 08:48:00,2024-11-01 09:48:41,,1.01,,No,,Neutral,Student needs help with enrollment issue.
834,SFS2024834,Leo Anderson,student834@sfsacademy.edu,Exam & Assessment,Low,Closed,Chat,Agent Lisa,2024-01-24 08:20:00,2024-01-25 13:23:44,2024-01-26 20:16:13,29.06,59.94,Yes,2,Negative,Student needs help with exam & assessment issue.
835,SFS2024835,Paul Allen,student835@sfsacademy.edu,Course Access,Medium,Pending Student Response,Email,Agent Priya,2024-12-25 18:06:00,2024-12-26 11:13:01,,17.12,,No,,Negative,Student needs help with course access issue.
836,SFS2024836,Frank Walker,student836@sfsacademy.edu,Course Access,Low,Closed,Portal,Agent Mike,2024-01-20 12:10:00,2024-01-22 10:46:24,2024-01-25 01:55:28,46.61,109.76,Yes,3,Neutral,Student needs help with course access issue.
837,SFS2024837,Bob Robinson,student837@sfsacademy.edu,General Inquiry,Medium,Pending Student Response,Phone,Agent Priya,2024-09-21 17:41:00,2024-09-22 02:24:50,,8.73,,No,,Negative,Student needs help with general inquiry issue.
838,SFS2024838,Rose Brown,student838@sfsacademy.edu,General Inquiry,Medium,In Progress,Email,Agent John,2024-05-02 11:39:00,2024-05-02 16:11:10,,4.54,,No,,Negative,Student needs help with general inquiry issue.
839,SFS2024839,Carol Brown,student839@sfsacademy.edu,Payment & Billing,Medium,In Progress,Phone,Agent John,2024-09-12 09:29:00,2024-09-13 02:17:55,,16.82,,No,,Negative,Student needs help with payment & billing issue.
840,SFS2024840,Bob Martinez,student840@sfsacademy.edu,General Inquiry,Critical,In Progress,Email,Agent Priya,2024-04-01 15:16:00,2024-04-01 17:36:46,,2.35,,No,,Negative,Student needs help with general inquiry issue.
841,SFS2024841,Leo Brown,student841@sfsacademy.edu,Payment & Billing,High,In Progress,Phone,Agent Ravi,2024-05-26 14:26:00,2024-05-26 19:35:48,,5.16,,No,,Negative,Student needs help with payment & billing issue.
842,SFS2024842,Eve Taylor,student842@sfsacademy.edu,Technical Issue,Medium,Pending Student Response,Portal,Agent Sara,2024-12-15 14:32:00,2024-12-16 10:50:10,,20.3,,No,,Neutral,Student needs help with technical issue issue.
843,SFS2024843,Olivia Lewis,student843@sfsacademy.edu,Enrollment,Medium,Pending Student Response,Chat,Agent Nadia,2024-05-28 14:10:00,2024-05-29 09:36:13,,19.44,,No,,Negative,Student needs help with enrollment issue.
844,SFS2024844,Mia Garcia,student844@sfsacademy.edu,Payment & Billing,High,Open,Chat,Agent John,2024-11-24 16:57:00,2024-11-25 00:26:26,,7.49,,No,,Neutral,Student needs help with payment & billing issue.
845,SFS2024845,Eve Jackson,student845@sfsacademy.edu,General Inquiry,Critical,Closed,Phone,Agent John,2024-02-03 13:21:00,2024-02-03 14:42:49,2024-02-03 17:20:56,1.36,4.0,Yes,3,Neutral,Student needs help with general inquiry issue.
846,SFS2024846,Bob Jackson,student846@sfsacademy.edu,Technical Issue,Critical,Pending Student Response,Chat,Agent Tom,2024-06-12 17:02:00,2024-06-12 19:23:33,,2.36,,No,,Neutral,Student needs help with technical issue issue.
847,SFS2024847,Olivia Clark,student847@sfsacademy.edu,Course Access,Low,Closed,Email,Agent Priya,2024-01-12 18:27:00,2024-01-13 10:35:23,2024-01-13 19:21:08,16.14,24.9,No,5,Positive,Student needs help with course access issue.
848,SFS2024848,Frank Jackson,student848@sfsacademy.edu,Technical Issue,High,Open,Chat,Agent John,2024-09-25 11:42:00,2024-09-25 15:18:44,,3.61,,No,,Negative,Student needs help with technical issue issue.
849,SFS2024849,Rose Young,student849@sfsacademy.edu,Payment & Billing,Medium,Closed,Phone,Agent Nadia,2024-06-27 14:30:00,2024-06-28 16:49:35,2024-06-29 20:37:53,26.33,54.13,Yes,3,Neutral,Student needs help with payment & billing issue.
850,SFS2024850,Bella Garcia,student850@sfsacademy.edu,Exam & Assessment,Medium,Closed,Email,Agent Tom,2024-04-11 09:46:00,2024-04-11 14:31:33,2024-04-12 13:04:58,4.76,27.32,Yes,1,Negative,Student needs help with exam & assessment issue.
851,SFS2024851,Bob Jackson,student851@sfsacademy.edu,General Inquiry,Low,Pending Student Response,Chat,Agent Priya,2024-02-28 18:26:00,2024-03-01 07:24:55,,36.98,,No,,Neutral,Student needs help with general inquiry issue.
852,SFS2024852,Victor Allen,student852@sfsacademy.edu,Account & Login,Medium,Pending Student Response,Phone,Agent Mike,2025-01-16 11:26:00,2025-01-16 17:52:10,,6.44,,No,,Neutral,Student needs help with account & login issue.
853,SFS2024853,Leo Hall,student853@sfsacademy.edu,Library Access,Medium,Closed,Chat,Agent John,2024-01-08 13:52:00,2024-01-09 08:43:51,2024-01-10 07:09:45,18.86,41.3,Yes,2,Negative,Student needs help with library access issue.
854,SFS2024854,Rose Clark,student854@sfsacademy.edu,General Inquiry,Medium,In Progress,Phone,Agent Nadia,2024-08-06 16:48:00,2024-08-06 22:18:22,,5.51,,No,,Neutral,Student needs help with general inquiry issue.
855,SFS2024855,Tina Clark,student855@sfsacademy.edu,Library Access,Medium,Closed,Email,Agent John,2024-07-14 12:54:00,2024-07-15 12:12:29,2024-07-15 18:05:14,23.31,29.19,Yes,2,Negative,Student needs help with library access issue.
856,SFS2024856,Grace White,student856@sfsacademy.edu,Course Access,High,In Progress,Email,Agent Ravi,2024-02-23 15:47:00,2024-02-23 22:21:34,,6.58,,No,,Negative,Student needs help with course access issue.
857,SFS2024857,Noah Robinson,student857@sfsacademy.edu,General Inquiry,Medium,Open,Phone,Agent John,2025-02-01 15:35:00,2025-02-02 19:28:00,,27.88,,No,,Negative,Student needs help with general inquiry issue.
858,SFS2024858,Bob Smith,student858@sfsacademy.edu,Library Access,Low,Closed,Chat,Agent Lisa,2024-01-04 13:50:00,2024-01-06 04:46:43,2024-01-06 06:10:25,38.95,40.34,No,5,Positive,Student needs help with library access issue.
859,SFS2024859,Henry Hall,student859@sfsacademy.edu,Exam & Assessment,Medium,Pending Student Response,Portal,Agent Tom,2024-01-14 10:50:00,2024-01-15 14:28:39,,27.64,,No,,Negative,Student needs help with exam & assessment issue.
860,SFS2024860,Mia Garcia,student860@sfsacademy.edu,Account & Login,Medium,Pending Student Response,Chat,Agent Priya,2024-07-19 11:39:00,2024-07-20 15:48:32,,28.16,,No,,Neutral,Student needs help with account & login issue.
861,SFS2024861,Aiden Hall,student861@sfsacademy.edu,Payment & Billing,Low,Pending Student Response,Chat,Agent John,2024-09-21 10:27:00,2024-09-23 11:05:13,,48.64,,No,,Negative,Student needs help with payment & billing issue.
862,SFS2024862,Sam Robinson,student862@sfsacademy.edu,Technical Issue,Low,Open,Email,Agent Priya,2024-03-22 13:13:00,2024-03-24 01:00:36,,35.79,,No,,Neutral,Student needs help with technical issue issue.
863,SFS2024863,Xander Robinson,student863@sfsacademy.edu,Payment & Billing,Medium,Pending Student Response,Portal,Agent Mike,2024-01-13 10:29:00,2024-01-13 19:23:10,,8.9,,No,,Neutral,Student needs help with payment & billing issue.
864,SFS2024864,David Anderson,student864@sfsacademy.edu,Payment & Billing,Low,Open,Email,Agent Sara,2025-01-29 12:42:00,2025-01-29 19:32:03,,6.83,,No,,Neutral,Student needs help with payment & billing issue.
865,SFS2024865,Noah Brown,student865@sfsacademy.edu,Exam & Assessment,Low,Open,Chat,Agent Mike,2024-05-24 12:57:00,2024-05-24 19:11:54,,6.25,,No,,Neutral,Student needs help with exam & assessment issue.
866,SFS2024866,Sam Young,student866@sfsacademy.edu,Exam & Assessment,Low,Closed,Portal,Agent Ravi,2024-09-06 18:04:00,2024-09-07 04:50:01,2024-09-07 06:47:48,10.77,12.73,No,3,Neutral,Student needs help with exam & assessment issue.
867,SFS2024867,Alice Walker,student867@sfsacademy.edu,Technical Issue,Critical,Closed,Phone,Agent Priya,2024-01-17 09:21:00,2024-01-17 11:36:37,2024-01-17 13:11:20,2.26,3.84,Yes,1,Negative,Student needs help with technical issue issue.
868,SFS2024868,Xander Anderson,student868@sfsacademy.edu,Enrollment,High,Open,Phone,Agent Sara,2024-09-19 10:13:00,2024-09-19 11:58:39,,1.76,,No,,Neutral,Student needs help with enrollment issue.
869,SFS2024869,Diana Jackson,student869@sfsacademy.edu,Library Access,Low,Open,Chat,Agent Ravi,2024-05-17 12:30:00,2024-05-18 13:53:56,,25.4,,No,,Negative,Student needs help with library access issue.
870,SFS2024870,Frank Jackson,student870@sfsacademy.edu,Library Access,Medium,Pending Student Response,Email,Agent Nadia,2024-05-08 10:12:00,2024-05-09 03:13:02,,17.02,,No,,Negative,Student needs help with library access issue.
871,SFS2024871,Leo Brown,student871@sfsacademy.edu,Library Access,High,Closed,Email,Agent Tom,2025-01-04 15:27:00,2025-01-04 21:28:35,2025-01-05 04:54:57,6.03,13.47,Yes,2,Negative,Student needs help with library access issue.
872,SFS2024872,Noah Thomas,student872@sfsacademy.edu,Account & Login,Low,Closed,Phone,Agent Lisa,2024-08-18 10:56:00,2024-08-19 10:10:35,2024-08-19 22:04:06,23.24,35.14,No,5,Positive,Student needs help with account & login issue.
873,SFS2024873,Grace Lewis,student873@sfsacademy.edu,Payment & Billing,Low,Closed,Email,Agent Tom,2024-07-02 11:04:00,2024-07-02 12:07:00,2024-07-05 06:30:16,1.05,67.44,Yes,3,Neutral,Student needs help with payment & billing issue.
874,SFS2024874,Wendy Young,student874@sfsacademy.edu,Library Access,Low,Open,Portal,Agent Mike,2024-10-17 13:57:00,2024-10-17 20:19:36,,6.38,,No,,Negative,Student needs help with library access issue.
875,SFS2024875,Bob Harris,student875@sfsacademy.edu,Account & Login,Medium,Closed,Phone,Agent Tom,2025-02-17 18:04:00,2025-02-18 00:10:27,2025-02-18 03:30:29,6.11,9.44,No,4,Positive,Student needs help with account & login issue.
876,SFS2024876,Alice Lewis,student876@sfsacademy.edu,Account & Login,Medium,Closed,Email,Agent Mike,2024-08-03 09:07:00,2024-08-03 17:40:59,2024-08-05 00:56:07,8.57,39.82,Yes,3,Neutral,Student needs help with account & login issue.
877,SFS2024877,Aiden Clark,student877@sfsacademy.edu,Technical Issue,Critical,Open,Email,Agent Tom,2024-05-25 10:53:00,2024-05-25 11:30:55,,0.63,,No,,Neutral,Student needs help with technical issue issue.
878,SFS2024878,Olivia Lee,student878@sfsacademy.edu,Course Access,Medium,Closed,Chat,Agent Tom,2025-01-05 12:17:00,2025-01-06 06:06:43,2025-01-07 01:35:54,17.83,37.32,Yes,2,Negative,Student needs help with course access issue.
879,SFS2024879,Bella Clark,student879@sfsacademy.edu,Technical Issue,Medium,Closed,Email,Agent Mike,2024-11-24 09:53:00,2024-11-25 09:44:37,2024-11-25 17:15:51,23.86,31.38,Yes,3,Neutral,Student needs help with technical issue issue.
880,SFS2024880,David Johnson,student880@sfsacademy.edu,Exam & Assessment,Low,In Progress,Email,Agent Sara,2024-04-25 10:05:00,2024-04-26 01:24:41,,15.33,,No,,Neutral,Student needs help with exam & assessment issue.
881,SFS2024881,Karen Anderson,student881@sfsacademy.edu,Account & Login,Medium,Closed,Portal,Agent Lisa,2024-06-04 09:16:00,2024-06-05 11:56:24,2024-06-06 16:21:44,26.67,55.1,Yes,1,Negative,Student needs help with account & login issue.
882,SFS2024882,Iris Garcia,student882@sfsacademy.edu,General Inquiry,High,Pending Student Response,Portal,Agent John,2025-01-20 17:56:00,2025-01-20 23:41:31,,5.76,,No,,Negative,Student needs help with general inquiry issue.
883,SFS2024883,Wendy Brown,student883@sfsacademy.edu,Course Access,Low,Pending Student Response,Portal,Agent Tom,2025-01-30 15:14:00,2025-02-01 05:23:22,,38.16,,No,,Neutral,Student needs help with course access issue.
884,SFS2024884,Yara Walker,student884@sfsacademy.edu,General Inquiry,Low,Closed,Portal,Agent Nadia,2024-02-08 15:03:00,2024-02-09 19:23:40,2024-02-11 04:44:14,28.34,61.69,Yes,3,Neutral,Student needs help with general inquiry issue.
885,SFS2024885,Mia Lewis,student885@sfsacademy.edu,Payment & Billing,Critical,Pending Student Response,Portal,Agent John,2024-09-20 13:48:00,2024-09-20 14:42:56,,0.92,,No,,Negative,Student needs help with payment & billing issue.
886,SFS2024886,Eve Lewis,student886@sfsacademy.edu,Library Access,High,Open,Portal,Agent Nadia,2024-11-13 16:12:00,2024-11-13 22:56:42,,6.75,,No,,Neutral,Student needs help with library access issue.
887,SFS2024887,Diana Hall,student887@sfsacademy.edu,Library Access,Low,Closed,Chat,Agent Sara,2024-02-24 09:15:00,2024-02-25 23:32:37,2024-02-27 19:32:40,38.29,82.29,Yes,1,Negative,Student needs help with library access issue.
888,SFS2024888,Mia Clark,student888@sfsacademy.edu,Account & Login,Low,Closed,Email,Agent Tom,2024-02-13 13:27:00,2024-02-14 15:09:01,2024-02-16 03:16:46,25.7,61.83,Yes,1,Negative,Student needs help with account & login issue.
889,SFS2024889,Henry Taylor,student889@sfsacademy.edu,General Inquiry,Medium,Closed,Email,Agent Nadia,2024-04-09 12:12:00,2024-04-10 07:58:36,2024-04-11 15:21:18,19.78,51.16,Yes,3,Neutral,Student needs help with general inquiry issue.
890,SFS2024890,Mia Robinson,student890@sfsacademy.edu,Course Access,Low,Open,Portal,Agent Lisa,2024-01-28 08:36:00,2024-01-30 11:29:47,,50.9,,No,,Negative,Student needs help with course access issue.
891,SFS2024891,Tina Martin,student891@sfsacademy.edu,General Inquiry,High,Closed,Portal,Agent Mike,2024-02-21 11:46:00,2024-02-21 19:25:00,2024-02-22 01:37:52,7.65,13.86,Yes,1,Negative,Student needs help with general inquiry issue.
892,SFS2024892,Frank Thomas,student892@sfsacademy.edu,General Inquiry,Low,In Progress,Portal,Agent Lisa,2025-01-10 08:06:00,2025-01-10 18:19:13,,10.22,,No,,Neutral,Student needs help with general inquiry issue.
893,SFS2024893,Victor Smith,student893@sfsacademy.edu,Account & Login,Critical,Closed,Email,Agent Tom,2024-06-19 15:09:00,2024-06-19 15:59:14,2024-06-19 17:46:43,0.84,2.63,Yes,1,Negative,Student needs help with account & login issue.
894,SFS2024894,Jack White,student894@sfsacademy.edu,Enrollment,Medium,Closed,Email,Agent Ravi,2024-10-31 13:30:00,2024-10-31 15:16:42,2024-10-31 17:05:45,1.78,3.6,No,5,Positive,Student needs help with enrollment issue.
895,SFS2024895,Rose Harris,student895@sfsacademy.edu,Course Access,High,Pending Student Response,Phone,Agent Lisa,2024-09-25 16:10:00,2024-09-25 20:47:07,,4.62,,No,,Negative,Student needs help with course access issue.
896,SFS2024896,David Harris,student896@sfsacademy.edu,Exam & Assessment,Medium,Open,Phone,Agent Lisa,2024-12-05 15:16:00,2024-12-06 16:59:33,,25.73,,No,,Negative,Student needs help with exam & assessment issue.
897,SFS2024897,Henry Allen,student897@sfsacademy.edu,Account & Login,Medium,Open,Portal,Agent Mike,2024-12-17 16:46:00,2024-12-18 03:22:30,,10.61,,No,,Neutral,Student needs help with account & login issue.
898,SFS2024898,Carlos Walker,student898@sfsacademy.edu,Account & Login,Low,Open,Phone,Agent John,2025-01-14 14:23:00,2025-01-16 16:58:05,,50.58,,No,,Negative,Student needs help with account & login issue.
899,SFS2024899,Sam Walker,student899@sfsacademy.edu,Account & Login,Medium,Pending Student Response,Phone,Agent Nadia,2024-03-30 12:58:00,2024-03-30 22:13:13,,9.25,,No,,Neutral,Student needs help with account & login issue.
900,SFS2024900,Eve Lewis,student900@sfsacademy.edu,General Inquiry,Medium,Closed,Phone,Agent Tom,2024-12-25 13:53:00,2024-12-25 17:30:06,2024-12-25 18:53:36,3.62,5.01,No,5,Positive,Student needs help with general inquiry issue.
901,SFS2024901,Bob Jackson,student901@sfsacademy.edu,Payment & Billing,Critical,Closed,Chat,Agent Lisa,2024-12-14 10:33:00,2024-12-14 11:35:51,2024-12-14 14:59:49,1.05,4.45,Yes,1,Negative,Student needs help with payment & billing issue.
902,SFS2024902,Zoe Walker,student902@sfsacademy.edu,Account & Login,Low,Closed,Email,Agent Tom,2024-05-24 17:07:00,2024-05-24 20:27:57,2024-05-25 10:32:57,3.35,17.43,No,5,Positive,Student needs help with account & login issue.
903,SFS2024903,Jack White,student903@sfsacademy.edu,Payment & Billing,Critical,Pending Student Response,Chat,Agent Mike,2024-12-06 16:09:00,2024-12-06 17:45:42,,1.61,,No,,Neutral,Student needs help with payment & billing issue.
904,SFS2024904,Carlos Harris,student904@sfsacademy.edu,Account & Login,Medium,Pending Student Response,Chat,Agent Nadia,2024-01-17 15:59:00,2024-01-18 19:50:48,,27.86,,No,,Neutral,Student needs help with account & login issue.
905,SFS2024905,Jack Brown,student905@sfsacademy.edu,Exam & Assessment,Low,Closed,Portal,Agent Priya,2024-06-03 17:19:00,2024-06-04 08:05:34,2024-06-06 00:38:33,14.78,55.33,Yes,1,Negative,Student needs help with exam & assessment issue.
906,SFS2024906,Diana Martinez,student906@sfsacademy.edu,Account & Login,Medium,Closed,Email,Agent Nadia,2024-06-01 17:59:00,2024-06-01 22:24:21,2024-06-02 20:10:31,4.42,26.19,Yes,2,Negative,Student needs help with account & login issue.
907,SFS2024907,Carol Anderson,student907@sfsacademy.edu,General Inquiry,Medium,In Progress,Email,Agent Sara,2024-08-27 13:27:00,2024-08-28 17:02:49,,27.6,,No,,Negative,Student needs help with general inquiry issue.
908,SFS2024908,Alice Lewis,student908@sfsacademy.edu,Payment & Billing,Low,Closed,Email,Agent Lisa,2024-11-10 12:50:00,2024-11-12 08:27:46,2024-11-13 22:45:56,43.63,81.93,Yes,2,Negative,Student needs help with payment & billing issue.
909,SFS2024909,Sam Lee,student909@sfsacademy.edu,Library Access,High,Open,Phone,Agent John,2025-02-17 16:29:00,2025-02-17 22:23:30,,5.91,,No,,Negative,Student needs help with library access issue.
910,SFS2024910,Eve White,student910@sfsacademy.edu,Technical Issue,Low,Pending Student Response,Portal,Agent Mike,2024-12-19 13:55:00,2024-12-20 22:30:34,,32.59,,No,,Negative,Student needs help with technical issue issue.
911,SFS2024911,David Walker,student911@sfsacademy.edu,Technical Issue,Low,Closed,Portal,Agent Ravi,2024-12-11 18:54:00,2024-12-12 01:56:59,2024-12-12 02:57:11,7.05,8.05,No,5,Positive,Student needs help with technical issue issue.
912,SFS2024912,Mia Lee,student912@sfsacademy.edu,General Inquiry,Low,Open,Email,Agent Nadia,2024-02-19 11:13:00,2024-02-21 16:35:37,,53.38,,No,,Negative,Student needs help with general inquiry issue.
913,SFS2024913,Xander White,student913@sfsacademy.edu,General Inquiry,High,Closed,Chat,Agent John,2024-04-04 11:53:00,2024-04-04 13:42:51,2024-04-04 15:02:20,1.83,3.16,No,3,Neutral,Student needs help with general inquiry issue.
914,SFS2024914,Victor Harris,student914@sfsacademy.edu,General Inquiry,Medium,Closed,Phone,Agent Lisa,2024-03-28 16:47:00,2024-03-29 12:10:28,2024-03-31 10:15:06,19.39,65.47,Yes,2,Negative,Student needs help with general inquiry issue.
915,SFS2024915,Sam Martin,student915@sfsacademy.edu,Account & Login,High,Closed,Email,Agent Priya,2024-07-19 14:44:00,2024-07-19 17:48:44,2024-07-19 20:36:51,3.08,5.88,No,4,Positive,Student needs help with account & login issue.
916,SFS2024916,Frank Martinez,student916@sfsacademy.edu,Technical Issue,High,Closed,Portal,Agent Tom,2024-01-18 18:41:00,2024-01-18 23:26:28,2024-01-19 11:17:14,4.76,16.6,Yes,1,Negative,Student needs help with technical issue issue.
917,SFS2024917,Uma Allen,student917@sfsacademy.edu,Account & Login,Medium,Pending Student Response,Portal,Agent John,2024-09-13 16:13:00,2024-09-14 11:16:45,,19.06,,No,,Negative,Student needs help with account & login issue.
918,SFS2024918,Mia Lee,student918@sfsacademy.edu,Library Access,High,Open,Email,Agent Nadia,2024-06-22 15:45:00,2024-06-23 00:35:13,,8.84,,No,,Negative,Student needs help with library access issue.
919,SFS2024919,Sam Young,student919@sfsacademy.edu,Library Access,Medium,In Progress,Phone,Agent Priya,2024-11-06 18:11:00,2024-11-07 11:20:52,,17.16,,No,,Negative,Student needs help with library access issue.
920,SFS2024920,Diana Lee,student920@sfsacademy.edu,Payment & Billing,Low,Pending Student Response,Email,Agent Mike,2025-02-28 14:04:00,2025-03-02 04:33:11,,38.49,,No,,Negative,Student needs help with payment & billing issue.
921,SFS2024921,Yara Clark,student921@sfsacademy.edu,Enrollment,High,Pending Student Response,Portal,Agent John,2024-06-14 11:49:00,2024-06-14 18:56:34,,7.13,,No,,Negative,Student needs help with enrollment issue.
922,SFS2024922,Diana Thomas,student922@sfsacademy.edu,Course Access,Low,Open,Phone,Agent Ravi,2024-02-02 08:39:00,2024-02-03 19:46:58,,35.13,,No,,Neutral,Student needs help with course access issue.
923,SFS2024923,Henry Jackson,student923@sfsacademy.edu,Enrollment,Medium,Open,Phone,Agent Mike,2024-06-13 09:44:00,2024-06-14 00:07:53,,14.4,,No,,Negative,Student needs help with enrollment issue.
924,SFS2024924,Grace Johnson,student924@sfsacademy.edu,Enrollment,High,Pending Student Response,Email,Agent John,2025-01-14 10:27:00,2025-01-14 16:40:29,,6.22,,No,,Neutral,Student needs help with enrollment issue.
925,SFS2024925,Grace Jackson,student925@sfsacademy.edu,Course Access,Low,Pending Student Response,Portal,Agent Tom,2025-02-18 10:57:00,2025-02-20 02:24:46,,39.46,,No,,Negative,Student needs help with course access issue.
926,SFS2024926,Carol Anderson,student926@sfsacademy.edu,Payment & Billing,Medium,Closed,Chat,Agent John,2024-10-19 15:32:00,2024-10-20 04:07:54,2024-10-20 22:48:34,12.6,31.28,Yes,1,Negative,Student needs help with payment & billing issue.
927,SFS2024927,Iris Robinson,student927@sfsacademy.edu,Technical Issue,Low,Closed,Email,Agent Tom,2025-02-04 16:19:00,2025-02-05 05:36:29,2025-02-08 23:58:00,13.29,103.65,Yes,3,Neutral,Student needs help with technical issue issue.
928,SFS2024928,Mia Young,student928@sfsacademy.edu,Library Access,High,Open,Portal,Agent John,2024-12-26 13:04:00,2024-12-26 21:19:50,,8.26,,No,,Negative,Student needs help with library access issue.
929,SFS2024929,Yara Johnson,student929@sfsacademy.edu,Library Access,High,Closed,Email,Agent Sara,2024-01-30 16:44:00,2024-01-30 20:18:34,2024-01-31 01:13:21,3.58,8.49,Yes,2,Negative,Student needs help with library access issue.
930,SFS2024930,Wendy Johnson,student930@sfsacademy.edu,Technical Issue,High,Closed,Chat,Agent Mike,2024-03-12 11:35:00,2024-03-12 12:44:48,2024-03-13 03:58:00,1.16,16.38,Yes,3,Neutral,Student needs help with technical issue issue.
931,SFS2024931,Quinn White,student931@sfsacademy.edu,Course Access,Medium,Closed,Portal,Agent Ravi,2024-06-26 09:26:00,2024-06-26 17:35:19,2024-06-26 20:33:01,8.16,11.12,No,3,Neutral,Student needs help with course access issue.
932,SFS2024932,Rose Young,student932@sfsacademy.edu,Enrollment,Medium,Pending Student Response,Email,Agent Sara,2024-11-28 13:27:00,2024-11-28 14:41:44,,1.25,,No,,Neutral,Student needs help with enrollment issue.
933,SFS2024933,Eve Taylor,student933@sfsacademy.edu,Technical Issue,High,Closed,Chat,Agent Nadia,2024-07-13 18:43:00,2024-07-14 01:32:42,2024-07-14 08:59:27,6.83,14.27,Yes,2,Negative,Student needs help with technical issue issue.
934,SFS2024934,Henry White,student934@sfsacademy.edu,Exam & Assessment,Medium,In Progress,Phone,Agent Mike,2024-08-12 09:57:00,2024-08-12 22:48:13,,12.85,,No,,Neutral,Student needs help with exam & assessment issue.
935,SFS2024935,Bob Anderson,student935@sfsacademy.edu,Technical Issue,Low,Pending Student Response,Portal,Agent Sara,2024-02-17 17:00:00,2024-02-19 15:54:02,,46.9,,No,,Neutral,Student needs help with technical issue issue.
936,SFS2024936,Carol Brown,student936@sfsacademy.edu,Enrollment,Low,Closed,Portal,Agent Lisa,2024-08-12 10:18:00,2024-08-13 21:24:34,2024-08-15 19:53:10,35.11,81.59,Yes,1,Negative,Student needs help with enrollment issue.
937,SFS2024937,Yara Hall,student937@sfsacademy.edu,Exam & Assessment,Medium,Pending Student Response,Chat,Agent Mike,2024-05-08 16:13:00,2024-05-09 12:53:54,,20.68,,No,,Negative,Student needs help with exam & assessment issue.
938,SFS2024938,Iris Brown,student938@sfsacademy.edu,Course Access,Medium,Closed,Phone,Agent Sara,2024-05-29 18:15:00,2024-05-30 20:13:55,2024-06-01 06:23:26,25.98,60.14,Yes,2,Negative,Student needs help with course access issue.
939,SFS2024939,Henry Lewis,student939@sfsacademy.edu,Enrollment,Critical,Closed,Phone,Agent John,2024-04-14 10:53:00,2024-04-14 12:45:38,2024-04-14 16:07:28,1.88,5.24,Yes,1,Negative,Student needs help with enrollment issue.
940,SFS2024940,Bob Harris,student940@sfsacademy.edu,Library Access,Low,Pending Student Response,Chat,Agent Lisa,2024-11-28 15:07:00,2024-11-29 08:46:12,,17.65,,No,,Neutral,Student needs help with library access issue.
941,SFS2024941,Bob Martin,student941@sfsacademy.edu,General Inquiry,Low,Closed,Portal,Agent Sara,2024-11-08 14:31:00,2024-11-09 02:45:49,2024-11-09 21:17:03,12.25,30.77,No,4,Positive,Student needs help with general inquiry issue.
942,SFS2024942,Xander Young,student942@sfsacademy.edu,Exam & Assessment,Medium,Open,Portal,Agent Lisa,2024-01-17 16:48:00,2024-01-18 14:43:48,,21.93,,No,,Negative,Student needs help with exam & assessment issue.
943,SFS2024943,Bella Hall,student943@sfsacademy.edu,Technical Issue,High,Pending Student Response,Chat,Agent John,2024-08-10 14:50:00,2024-08-11 00:00:03,,9.17,,No,,Negative,Student needs help with technical issue issue.
944,SFS2024944,Eve Smith,student944@sfsacademy.edu,Library Access,High,Pending Student Response,Chat,Agent Priya,2024-08-25 14:36:00,2024-08-25 19:21:09,,4.75,,No,,Neutral,Student needs help with library access issue.
945,SFS2024945,Iris Young,student945@sfsacademy.edu,Library Access,Low,Closed,Chat,Agent Tom,2024-05-23 18:17:00,2024-05-23 20:59:15,2024-05-25 00:02:36,2.7,29.76,No,4,Positive,Student needs help with library access issue.
946,SFS2024946,Leo Lee,student946@sfsacademy.edu,Library Access,Medium,Closed,Chat,Agent Priya,2024-01-07 09:19:00,2024-01-07 22:54:42,2024-01-08 20:35:14,13.6,35.27,Yes,2,Negative,Student needs help with library access issue.
947,SFS2024947,Zoe Harris,student947@sfsacademy.edu,Course Access,Medium,Closed,Phone,Agent Lisa,2024-11-22 16:13:00,2024-11-23 19:41:41,2024-11-24 17:23:43,27.48,49.18,Yes,1,Negative,Student needs help with course access issue.
948,SFS2024948,Victor Walker,student948@sfsacademy.edu,Technical Issue,Low,Open,Email,Agent Mike,2024-05-12 15:08:00,2024-05-14 05:00:39,,37.88,,No,,Neutral,Student needs help with technical issue issue.
949,SFS2024949,Rose Johnson,student949@sfsacademy.edu,Technical Issue,Low,Pending Student Response,Phone,Agent Lisa,2024-08-13 17:20:00,2024-08-13 18:45:13,,1.42,,No,,Negative,Student needs help with technical issue issue.
950,SFS2024950,Victor Clark,student950@sfsacademy.edu,Course Access,Low,Closed,Portal,Agent John,2024-11-03 11:22:00,2024-11-03 23:31:02,2024-11-06 06:42:07,12.15,67.34,Yes,3,Neutral,Student needs help with course access issue.
951,SFS2024951,Paul Martin,student951@sfsacademy.edu,Exam & Assessment,High,Open,Phone,Agent Tom,2024-02-06 18:27:00,2024-02-07 03:49:24,,9.37,,No,,Negative,Student needs help with exam & assessment issue.
952,SFS2024952,Yara Walker,student952@sfsacademy.edu,Payment & Billing,Medium,Closed,Email,Agent Sara,2024-11-14 08:10:00,2024-11-15 01:54:08,2024-11-16 16:52:48,17.74,56.71,Yes,2,Negative,Student needs help with payment & billing issue.
953,SFS2024953,Diana White,student953@sfsacademy.edu,Technical Issue,Medium,Closed,Chat,Agent Priya,2025-02-05 17:45:00,2025-02-06 15:49:54,2025-02-07 23:20:41,22.08,53.59,Yes,3,Neutral,Student needs help with technical issue issue.
954,SFS2024954,Karen Harris,student954@sfsacademy.edu,Course Access,Medium,Pending Student Response,Chat,Agent Sara,2024-10-16 16:36:00,2024-10-17 11:45:19,,19.16,,No,,Negative,Student needs help with course access issue.
955,SFS2024955,Olivia Clark,student955@sfsacademy.edu,Exam & Assessment,Critical,Closed,Chat,Agent Mike,2024-04-09 17:18:00,2024-04-09 18:23:53,2024-04-09 22:18:55,1.1,5.02,Yes,2,Negative,Student needs help with exam & assessment issue.
956,SFS2024956,Henry Allen,student956@sfsacademy.edu,Exam & Assessment,Medium,Open,Portal,Agent Ravi,2024-07-04 09:22:00,2024-07-04 22:34:20,,13.21,,No,,Negative,Student needs help with exam & assessment issue.
957,SFS2024957,Karen Taylor,student957@sfsacademy.edu,Account & Login,Medium,Pending Student Response,Phone,Agent Priya,2025-02-27 10:59:00,2025-02-28 10:00:21,,23.02,,No,,Negative,Student needs help with account & login issue.
958,SFS2024958,Frank Taylor,student958@sfsacademy.edu,General Inquiry,Medium,Open,Portal,Agent Mike,2024-02-11 14:26:00,2024-02-12 15:44:08,,25.3,,No,,Neutral,Student needs help with general inquiry issue.
959,SFS2024959,Wendy Thomas,student959@sfsacademy.edu,Course Access,Medium,In Progress,Email,Agent Priya,2024-08-02 12:48:00,2024-08-03 12:53:53,,24.1,,No,,Neutral,Student needs help with course access issue.
960,SFS2024960,Wendy Martin,student960@sfsacademy.edu,Account & Login,High,In Progress,Portal,Agent Tom,2024-02-07 10:32:00,2024-02-07 14:41:39,,4.16,,No,,Neutral,Student needs help with account & login issue.
961,SFS2024961,Noah Lewis,student961@sfsacademy.edu,Course Access,High,Closed,Email,Agent Sara,2024-03-01 13:57:00,2024-03-01 21:10:21,2024-03-02 03:29:49,7.22,13.55,Yes,2,Negative,Student needs help with course access issue.
962,SFS2024962,Victor Lewis,student962@sfsacademy.edu,Payment & Billing,High,Pending Student Response,Portal,Agent John,2025-01-14 14:18:00,2025-01-14 22:56:59,,8.65,,No,,Negative,Student needs help with payment & billing issue.
963,SFS2024963,Bob Allen,student963@sfsacademy.edu,Library Access,Low,Pending Student Response,Portal,Agent John,2024-07-13 13:28:00,2024-07-14 06:56:42,,17.48,,No,,Negative,Student needs help with library access issue.
964,SFS2024964,Eve Johnson,student964@sfsacademy.edu,Library Access,Medium,In Progress,Chat,Agent Tom,2024-09-22 16:37:00,2024-09-23 02:07:56,,9.52,,No,,Neutral,Student needs help with library access issue.
965,SFS2024965,Olivia White,student965@sfsacademy.edu,Exam & Assessment,Medium,Closed,Phone,Agent John,2025-02-20 11:27:00,2025-02-20 20:00:34,2025-02-21 02:34:53,8.56,15.13,No,4,Positive,Student needs help with exam & assessment issue.
966,SFS2024966,Yara Thomas,student966@sfsacademy.edu,Course Access,Low,Closed,Phone,Agent Mike,2024-03-27 12:58:00,2024-03-27 21:31:04,2024-03-28 18:10:04,8.55,29.2,No,5,Positive,Student needs help with course access issue.
967,SFS2024967,Leo Jackson,student967@sfsacademy.edu,Enrollment,Low,Pending Student Response,Chat,Agent Sara,2024-01-15 17:57:00,2024-01-17 17:59:09,,48.04,,No,,Neutral,Student needs help with enrollment issue.
968,SFS2024968,Carlos Clark,student968@sfsacademy.edu,General Inquiry,High,Closed,Email,Agent Lisa,2024-05-24 17:27:00,2024-05-25 00:28:04,2024-05-25 15:15:20,7.02,21.81,Yes,1,Negative,Student needs help with general inquiry issue.
969,SFS2024969,Xander Brown,student969@sfsacademy.edu,Course Access,High,In Progress,Email,Agent Tom,2024-09-09 12:05:00,2024-09-09 19:21:22,,7.27,,No,,Neutral,Student needs help with course access issue.
970,SFS2024970,Karen Jackson,student970@sfsacademy.edu,Course Access,Medium,Closed,Email,Agent Tom,2024-06-16 10:32:00,2024-06-16 23:17:52,2024-06-18 20:07:09,12.76,57.59,Yes,3,Neutral,Student needs help with course access issue.
971,SFS2024971,Victor Jackson,student971@sfsacademy.edu,Technical Issue,High,Open,Portal,Agent Mike,2024-10-12 18:53:00,2024-10-13 00:43:08,,5.84,,No,,Neutral,Student needs help with technical issue issue.
972,SFS2024972,Quinn Jackson,student972@sfsacademy.edu,General Inquiry,Medium,Open,Portal,Agent Lisa,2024-05-15 15:09:00,2024-05-15 21:16:10,,6.12,,No,,Neutral,Student needs help with general inquiry issue.
973,SFS2024973,Henry Martinez,student973@sfsacademy.edu,Payment & Billing,Medium,Closed,Chat,Agent Sara,2024-01-02 14:04:00,2024-01-03 10:02:11,2024-01-04 15:51:55,19.97,49.8,Yes,2,Negative,Student needs help with payment & billing issue.
974,SFS2024974,Tina Martinez,student974@sfsacademy.edu,Enrollment,Critical,Pending Student Response,Chat,Agent Lisa,2024-09-04 16:42:00,2024-09-04 18:07:53,,1.43,,No,,Negative,Student needs help with enrollment issue.
975,SFS2024975,David Thomas,student975@sfsacademy.edu,Library Access,Low,Open,Chat,Agent Nadia,2024-10-05 15:18:00,2024-10-06 10:22:48,,19.08,,No,,Negative,Student needs help with library access issue.
976,SFS2024976,Iris Walker,student976@sfsacademy.edu,Payment & Billing,Low,Closed,Chat,Agent Ravi,2024-08-25 13:42:00,2024-08-27 00:31:13,2024-08-29 18:48:23,34.82,101.11,Yes,1,Negative,Student needs help with payment & billing issue.
977,SFS2024977,Bob Harris,student977@sfsacademy.edu,Exam & Assessment,Medium,Closed,Chat,Agent Nadia,2024-04-20 14:03:00,2024-04-21 13:26:44,2024-04-22 10:25:47,23.4,44.38,Yes,1,Negative,Student needs help with exam & assessment issue.
978,SFS2024978,Rose Jackson,student978@sfsacademy.edu,General Inquiry,Medium,Open,Portal,Agent Nadia,2024-09-05 11:21:00,2024-09-06 04:03:06,,16.7,,No,,Neutral,Student needs help with general inquiry issue.
979,SFS2024979,Yara Garcia,student979@sfsacademy.edu,Exam & Assessment,Critical,Closed,Email,Agent Priya,2025-02-03 18:07:00,2025-02-03 20:25:19,2025-02-03 21:29:07,2.31,3.37,Yes,2,Negative,Student needs help with exam & assessment issue.
980,SFS2024980,Jack Thomas,student980@sfsacademy.edu,Exam & Assessment,Medium,Closed,Portal,Agent Mike,2024-06-29 16:04:00,2024-06-30 16:17:10,2024-07-01 11:52:33,24.22,43.81,Yes,3,Neutral,Student needs help with exam & assessment issue.
981,SFS2024981,Quinn Robinson,student981@sfsacademy.edu,Technical Issue,Low,Pending Student Response,Email,Agent Sara,2024-07-10 13:26:00,2024-07-12 09:03:02,,43.62,,No,,Neutral,Student needs help with technical issue issue.
982,SFS2024982,Uma Robinson,student982@sfsacademy.edu,Enrollment,Low,Closed,Email,Agent Mike,2025-02-09 15:02:00,2025-02-10 07:05:26,2025-02-10 19:50:12,16.06,28.8,No,5,Positive,Student needs help with enrollment issue.
983,SFS2024983,David Allen,student983@sfsacademy.edu,Account & Login,Low,Open,Email,Agent Sara,2024-03-08 12:55:00,2024-03-10 07:49:19,,42.91,,No,,Neutral,Student needs help with account & login issue.
984,SFS2024984,Grace Taylor,student984@sfsacademy.edu,Exam & Assessment,High,Pending Student Response,Email,Agent Nadia,2025-02-09 14:12:00,2025-02-09 17:26:58,,3.25,,No,,Negative,Student needs help with exam & assessment issue.
985,SFS2024985,Rose Walker,student985@sfsacademy.edu,Course Access,Medium,Closed,Chat,Agent Mike,2024-05-15 18:36:00,2024-05-16 10:58:34,2024-05-17 10:41:37,16.38,40.09,Yes,3,Neutral,Student needs help with course access issue.
986,SFS2024986,Mia White,student986@sfsacademy.edu,Exam & Assessment,Critical,Pending Student Response,Chat,Agent John,2024-05-05 14:01:00,2024-05-05 14:56:32,,0.93,,No,,Neutral,Student needs help with exam & assessment issue.
987,SFS2024987,Paul Allen,student987@sfsacademy.edu,Exam & Assessment,Medium,Closed,Email,Agent Priya,2024-08-16 13:30:00,2024-08-16 16:41:58,2024-08-17 01:39:16,3.2,12.15,No,5,Positive,Student needs help with exam & assessment issue.
988,SFS2024988,Xander Garcia,student988@sfsacademy.edu,Enrollment,Medium,Pending Student Response,Chat,Agent Sara,2024-05-07 09:09:00,2024-05-07 16:46:56,,7.63,,No,,Negative,Student needs help with enrollment issue.
989,SFS2024989,Karen White,student989@sfsacademy.edu,Technical Issue,Medium,Closed,Portal,Agent Lisa,2024-03-18 08:20:00,2024-03-19 06:12:03,2024-03-20 20:33:05,21.87,60.22,Yes,2,Negative,Student needs help with technical issue issue.
990,SFS2024990,Frank Walker,student990@sfsacademy.edu,Course Access,Medium,Closed,Chat,Agent John,2024-06-13 15:45:00,2024-06-14 12:02:20,2024-06-15 06:41:46,20.29,38.95,Yes,3,Neutral,Student needs help with course access issue.
991,SFS2024991,Eve Hall,student991@sfsacademy.edu,Course Access,Low,Pending Student Response,Chat,Agent Sara,2025-01-18 09:10:00,2025-01-19 13:56:30,,28.78,,No,,Negative,Student needs help with course access issue.
992,SFS2024992,Eve Martin,student992@sfsacademy.edu,Library Access,Low,Closed,Phone,Agent Lisa,2024-08-02 14:00:00,2024-08-04 01:37:20,2024-08-05 13:55:38,35.62,71.93,Yes,2,Negative,Student needs help with library access issue.
993,SFS2024993,Diana Anderson,student993@sfsacademy.edu,Exam & Assessment,High,In Progress,Chat,Agent Lisa,2024-09-24 18:13:00,2024-09-24 22:55:43,,4.71,,No,,Negative,Student needs help with exam & assessment issue.
994,SFS2024994,Jack Jackson,student994@sfsacademy.edu,Account & Login,High,Open,Portal,Agent Priya,2024-03-25 16:45:00,2024-03-25 21:31:53,,4.78,,No,,Neutral,Student needs help with account & login issue.
995,SFS2024995,Leo Smith,student995@sfsacademy.edu,General Inquiry,Medium,Open,Email,Agent Priya,2024-04-12 09:34:00,2024-04-12 19:59:04,,10.42,,No,,Neutral,Student needs help with general inquiry issue.
996,SFS2024996,Carol Allen,student996@sfsacademy.edu,Library Access,High,Pending Student Response,Chat,Agent Tom,2024-04-08 12:18:00,2024-04-08 21:18:07,,9.0,,No,,Neutral,Student needs help with library access issue.
997,SFS2024997,Zoe Young,student997@sfsacademy.edu,Course Access,Low,Open,Chat,Agent Priya,2024-03-19 09:46:00,2024-03-20 05:07:07,,19.35,,No,,Negative,Student needs help with course access issue.
998,SFS2024998,Bella Smith,student998@sfsacademy.edu,Enrollment,Low,Pending Student Response,Portal,Agent John,2024-12-08 15:13:00,2024-12-08 23:54:03,,8.68,,No,,Negative,Student needs help with enrollment issue.
999,SFS2024999,Henry Hall,student999@sfsacademy.edu,General Inquiry,Critical,Open,Chat,Agent Nadia,2024-06-14 09:57:00,2024-06-14 11:04:17,,1.12,,No,,Neutral,Student needs help with general inquiry issue.
1000,SFS2025000,Uma Harris,student1000@sfsacademy.edu,Library Access,Medium,Closed,Email,Agent Tom,2024-07-20 14:49:00,2024-07-21 16:18:49,2024-07-23 08:53:47,25.5,66.08,Yes,3,Neutral,Student needs help with library access issue.
1001,SFS2025001,Bella Lewis,student1001@sfsacademy.edu,Library Access,Medium,Closed,Chat,Agent John,2024-12-30 10:53:00,2024-12-31 05:50:15,2024-12-31 15:12:14,18.95,28.32,Yes,3,Neutral,Student needs help with library access issue.
1002,SFS2025002,Olivia Martinez,student1002@sfsacademy.edu,Enrollment,High,Closed,Phone,Agent Nadia,2025-01-29 18:22:00,2025-01-29 20:29:44,2025-01-30 08:42:36,2.13,14.34,Yes,1,Negative,Student needs help with enrollment issue.
1003,SFS2025003,Paul Robinson,student1003@sfsacademy.edu,Exam & Assessment,Medium,Closed,Email,Agent Lisa,2024-09-26 11:00:00,2024-09-27 04:40:18,2024-09-27 07:14:51,17.67,20.25,No,4,Positive,Student needs help with exam & assessment issue.
1004,SFS2025004,Xander Hall,student1004@sfsacademy.edu,Technical Issue,Medium,In Progress,Chat,Agent Ravi,2024-01-23 12:17:00,2024-01-24 02:39:31,,14.38,,No,,Negative,Student needs help with technical issue issue.
1005,SFS2025005,Olivia Johnson,student1005@sfsacademy.edu,Payment & Billing,Medium,Closed,Portal,Agent Priya,2025-02-17 09:02:00,2025-02-17 11:52:38,2025-02-19 04:04:41,2.84,43.04,Yes,1,Negative,Student needs help with payment & billing issue.
1006,SFS2025006,Carlos Thomas,student1006@sfsacademy.edu,Enrollment,Medium,In Progress,Phone,Agent Sara,2024-06-09 09:54:00,2024-06-10 10:05:41,,24.19,,No,,Negative,Student needs help with enrollment issue.
1007,SFS2025007,Iris Brown,student1007@sfsacademy.edu,Account & Login,Low,Closed,Email,Agent Sara,2024-10-27 13:33:00,2024-10-28 01:04:00,2024-10-31 02:23:22,11.52,84.84,Yes,1,Negative,Student needs help with account & login issue.
1008,SFS2025008,David Garcia,student1008@sfsacademy.edu,Account & Login,Low,Open,Email,Agent Priya,2024-03-29 15:02:00,2024-03-30 09:18:02,,18.27,,No,,Negative,Student needs help with account & login issue.
1009,SFS2025009,Karen Allen,student1009@sfsacademy.edu,General Inquiry,Medium,Closed,Email,Agent John,2024-08-26 17:53:00,2024-08-27 20:21:46,2024-08-28 05:56:26,26.48,36.06,Yes,1,Negative,Student needs help with general inquiry issue.
1010,SFS2025010,Jack Jackson,student1010@sfsacademy.edu,Exam & Assessment,Low,Open,Email,Agent Ravi,2024-11-16 08:49:00,2024-11-18 11:24:16,,50.59,,No,,Neutral,Student needs help with exam & assessment issue.
1011,SFS2025011,Henry Jackson,student1011@sfsacademy.edu,Payment & Billing,Low,Pending Student Response,Portal,Agent Lisa,2025-01-17 10:19:00,2025-01-18 19:04:49,,32.76,,No,,Negative,Student needs help with payment & billing issue.
1012,SFS2025012,Uma Walker,student1012@sfsacademy.edu,General Inquiry,Critical,Closed,Email,Agent Lisa,2024-05-19 11:11:00,2024-05-19 12:36:50,2024-05-19 15:21:00,1.43,4.17,Yes,2,Negative,Student needs help with general inquiry issue.
1013,SFS2025013,Leo Martin,student1013@sfsacademy.edu,Account & Login,High,Open,Portal,Agent Priya,2024-08-18 18:43:00,2024-08-19 04:15:35,,9.54,,No,,Negative,Student needs help with account & login issue.
1014,SFS2025014,David Walker,student1014@sfsacademy.edu,Library Access,Critical,Closed,Portal,Agent John,2024-04-16 13:44:00,2024-04-16 14:43:26,2024-04-16 17:07:37,0.99,3.39,Yes,1,Negative,Student needs help with library access issue.
1015,SFS2025015,David Martinez,student1015@sfsacademy.edu,Exam & Assessment,Medium,Closed,Chat,Agent Tom,2024-12-03 18:11:00,2024-12-04 13:18:48,2024-12-06 08:40:23,19.13,62.49,Yes,2,Negative,Student needs help with exam & assessment issue.
1016,SFS2025016,Alice Lewis,student1016@sfsacademy.edu,Course Access,Medium,Closed,Phone,Agent Priya,2024-01-05 10:26:00,2024-01-05 19:36:03,2024-01-06 18:32:32,9.17,32.11,Yes,1,Negative,Student needs help with course access issue.
1017,SFS2025017,Victor Robinson,student1017@sfsacademy.edu,Account & Login,Medium,Closed,Portal,Agent Ravi,2025-02-18 17:29:00,2025-02-19 01:07:52,2025-02-19 19:40:20,7.65,26.19,Yes,2,Negative,Student needs help with account & login issue.
1018,SFS2025018,Sam Smith,student1018@sfsacademy.edu,Course Access,High,Pending Student Response,Chat,Agent Nadia,2024-06-02 08:59:00,2024-06-02 16:31:38,,7.54,,No,,Negative,Student needs help with course access issue.
1019,SFS2025019,Carol Martin,student1019@sfsacademy.edu,Enrollment,Critical,Pending Student Response,Portal,Agent Priya,2024-03-24 16:10:00,2024-03-24 17:55:37,,1.76,,No,,Neutral,Student needs help with enrollment issue.
1020,SFS2025020,Frank White,student1020@sfsacademy.edu,General Inquiry,Medium,Closed,Portal,Agent Sara,2025-02-09 10:51:00,2025-02-09 17:01:17,2025-02-10 02:06:31,6.17,15.26,No,4,Positive,Student needs help with general inquiry issue.
1021,SFS2025021,Paul Hall,student1021@sfsacademy.edu,Exam & Assessment,High,Open,Chat,Agent Sara,2024-04-14 14:05:00,2024-04-14 16:01:59,,1.95,,No,,Neutral,Student needs help with exam & assessment issue.
1022,SFS2025022,Yara Anderson,student1022@sfsacademy.edu,Account & Login,Low,Closed,Portal,Agent Ravi,2024-12-17 14:44:00,2024-12-19 10:48:13,2024-12-19 20:54:25,44.07,54.17,Yes,1,Negative,Student needs help with account & login issue.
1023,SFS2025023,Alice White,student1023@sfsacademy.edu,Account & Login,Low,Closed,Email,Agent Nadia,2024-07-23 13:57:00,2024-07-24 10:15:22,2024-07-27 02:53:39,20.31,84.94,Yes,3,Neutral,Student needs help with account & login issue.
1024,SFS2025024,Grace Martin,student1024@sfsacademy.edu,Technical Issue,Low,Closed,Email,Agent Nadia,2024-11-07 10:49:00,2024-11-09 00:10:44,2024-11-09 14:17:48,37.36,51.48,Yes,1,Negative,Student needs help with technical issue issue.
1025,SFS2025025,Bob Harris,student1025@sfsacademy.edu,Payment & Billing,Medium,Open,Phone,Agent Lisa,2024-08-10 09:21:00,2024-08-10 20:47:48,,11.45,,No,,Negative,Student needs help with payment & billing issue.
1026,SFS2025026,Mia Smith,student1026@sfsacademy.edu,Course Access,Medium,Closed,Email,Agent Ravi,2024-08-03 10:10:00,2024-08-03 20:27:59,2024-08-05 07:54:07,10.3,45.74,Yes,2,Negative,Student needs help with course access issue.
1027,SFS2025027,Bob Martin,student1027@sfsacademy.edu,General Inquiry,Medium,Closed,Chat,Agent Sara,2024-03-23 13:08:00,2024-03-24 08:08:10,2024-03-25 16:38:07,19.0,51.5,Yes,2,Negative,Student needs help with general inquiry issue.
1028,SFS2025028,David Thomas,student1028@sfsacademy.edu,General Inquiry,Medium,Closed,Chat,Agent Tom,2024-08-05 12:47:00,2024-08-06 09:26:00,2024-08-08 02:06:34,20.65,61.33,Yes,3,Neutral,Student needs help with general inquiry issue.
1029,SFS2025029,Quinn Young,student1029@sfsacademy.edu,Payment & Billing,Medium,Closed,Phone,Agent Sara,2024-08-05 16:48:00,2024-08-06 20:08:02,2024-08-08 06:23:22,27.33,61.59,Yes,1,Negative,Student needs help with payment & billing issue.
1030,SFS2025030,Iris Clark,student1030@sfsacademy.edu,Course Access,Low,Closed,Chat,Agent Ravi,2025-01-07 15:27:00,2025-01-08 12:54:41,2025-01-12 02:22:56,21.46,106.93,Yes,2,Negative,Student needs help with course access issue.
1031,SFS2025031,Olivia Garcia,student1031@sfsacademy.edu,Library Access,High,Open,Phone,Agent Priya,2024-06-21 18:18:00,2024-06-21 22:02:51,,3.75,,No,,Neutral,Student needs help with library access issue.
1032,SFS2025032,Eve Lee,student1032@sfsacademy.edu,Technical Issue,Medium,Closed,Portal,Agent Nadia,2024-06-01 18:02:00,2024-06-01 23:29:32,2024-06-03 01:38:12,5.46,31.6,Yes,1,Negative,Student needs help with technical issue issue.
1033,SFS2025033,Xander Taylor,student1033@sfsacademy.edu,Enrollment,Critical,Closed,Email,Agent Ravi,2024-08-08 12:22:00,2024-08-08 13:00:43,2024-08-08 15:07:49,0.65,2.76,Yes,1,Negative,Student needs help with enrollment issue.
1034,SFS2025034,Xander Brown,student1034@sfsacademy.edu,Library Access,Low,In Progress,Chat,Agent Nadia,2024-07-14 16:46:00,2024-07-14 18:32:41,,1.78,,No,,Negative,Student needs help with library access issue.
1035,SFS2025035,Noah Harris,student1035@sfsacademy.edu,Library Access,Low,Closed,Email,Agent Mike,2024-08-09 09:50:00,2024-08-10 07:42:08,2024-08-12 05:37:46,21.87,67.8,Yes,3,Neutral,Student needs help with library access issue.
1036,SFS2025036,Grace Smith,student1036@sfsacademy.edu,Account & Login,Medium,Open,Phone,Agent Priya,2025-01-17 10:17:00,2025-01-17 18:30:00,,8.22,,No,,Negative,Student needs help with account & login issue.
1037,SFS2025037,Tina Martin,student1037@sfsacademy.edu,Exam & Assessment,Low,Closed,Portal,Agent John,2025-02-04 14:42:00,2025-02-05 04:02:14,2025-02-08 00:23:35,13.34,81.69,Yes,1,Negative,Student needs help with exam & assessment issue.
1038,SFS2025038,Leo Lewis,student1038@sfsacademy.edu,Exam & Assessment,Medium,Closed,Chat,Agent Nadia,2025-01-07 17:52:00,2025-01-08 20:40:55,2025-01-08 22:16:21,26.82,28.41,Yes,2,Negative,Student needs help with exam & assessment issue.
1039,SFS2025039,Carol Lee,student1039@sfsacademy.edu,Payment & Billing,High,Closed,Phone,Agent Nadia,2024-03-18 15:54:00,2024-03-18 20:04:00,2024-03-19 06:58:37,4.17,15.08,Yes,2,Negative,Student needs help with payment & billing issue.
1040,SFS2025040,Victor Lewis,student1040@sfsacademy.edu,Exam & Assessment,Low,In Progress,Phone,Agent Lisa,2024-10-14 13:05:00,2024-10-16 08:27:26,,43.37,,No,,Negative,Student needs help with exam & assessment issue.
1041,SFS2025041,Henry Robinson,student1041@sfsacademy.edu,Account & Login,Medium,Closed,Email,Agent Nadia,2024-01-16 10:39:00,2024-01-17 08:24:51,2024-01-17 22:45:25,21.76,36.11,Yes,3,Neutral,Student needs help with account & login issue.
1042,SFS2025042,Sam Martin,student1042@sfsacademy.edu,Course Access,Medium,Pending Student Response,Portal,Agent Nadia,2024-10-02 10:24:00,2024-10-02 16:52:47,,6.48,,No,,Neutral,Student needs help with course access issue.
1043,SFS2025043,Carlos Young,student1043@sfsacademy.edu,Account & Login,High,Pending Student Response,Phone,Agent Nadia,2024-04-01 10:49:00,2024-04-01 18:09:11,,7.34,,No,,Negative,Student needs help with account & login issue.
1044,SFS2025044,Yara Lewis,student1044@sfsacademy.edu,Exam & Assessment,Medium,Open,Portal,Agent Nadia,2024-05-22 13:49:00,2024-05-23 14:37:40,,24.81,,No,,Negative,Student needs help with exam & assessment issue.
1045,SFS2025045,Victor Taylor,student1045@sfsacademy.edu,Library Access,Critical,Open,Phone,Agent Sara,2024-05-26 15:10:00,2024-05-26 17:06:58,,1.95,,No,,Neutral,Student needs help with library access issue.
1046,SFS2025046,Tina Allen,student1046@sfsacademy.edu,Enrollment,Medium,Closed,Portal,Agent Sara,2024-07-15 17:41:00,2024-07-15 22:06:17,2024-07-17 04:14:28,4.42,34.56,Yes,3,Neutral,Student needs help with enrollment issue.
1047,SFS2025047,Mia Hall,student1047@sfsacademy.edu,General Inquiry,Medium,Closed,Phone,Agent John,2025-01-09 14:01:00,2025-01-09 15:09:34,2025-01-10 20:25:21,1.14,30.41,Yes,3,Neutral,Student needs help with general inquiry issue.
1048,SFS2025048,Jack Brown,student1048@sfsacademy.edu,Enrollment,Critical,Closed,Chat,Agent Priya,2024-09-18 11:54:00,2024-09-18 14:10:50,2024-09-18 17:56:41,2.28,6.04,Yes,2,Negative,Student needs help with enrollment issue.
1049,SFS2025049,Tina Garcia,student1049@sfsacademy.edu,General Inquiry,Medium,Closed,Portal,Agent Mike,2024-01-16 11:36:00,2024-01-17 15:37:49,2024-01-18 16:08:25,28.03,52.54,Yes,1,Negative,Student needs help with general inquiry issue.
1050,SFS2025050,Zoe Clark,student1050@sfsacademy.edu,Technical Issue,High,Open,Chat,Agent Nadia,2024-03-22 11:29:00,2024-03-22 19:49:44,,8.35,,No,,Neutral,Student needs help with technical issue issue.
1051,SFS2025051,Aiden Johnson,student1051@sfsacademy.edu,Technical Issue,High,Closed,Chat,Agent Ravi,2024-05-13 16:07:00,2024-05-14 00:08:57,2024-05-14 02:02:45,8.03,9.93,Yes,3,Neutral,Student needs help with technical issue issue.
1052,SFS2025052,Sam Taylor,student1052@sfsacademy.edu,General Inquiry,Critical,Closed,Email,Agent Nadia,2024-07-05 14:45:00,2024-07-05 15:26:48,2024-07-05 18:59:17,0.7,4.24,Yes,3,Neutral,Student needs help with general inquiry issue.
1053,SFS2025053,Olivia Lee,student1053@sfsacademy.edu,Enrollment,Medium,Closed,Portal,Agent Ravi,2025-01-04 10:23:00,2025-01-04 18:22:08,2025-01-05 10:52:48,7.99,24.5,Yes,2,Negative,Student needs help with enrollment issue.
1054,SFS2025054,Yara Anderson,student1054@sfsacademy.edu,General Inquiry,Low,Closed,Chat,Agent Tom,2025-01-20 11:48:00,2025-01-22 04:14:41,2025-01-24 11:13:36,40.44,95.43,Yes,2,Negative,Student needs help with general inquiry issue.
1055,SFS2025055,Sam Martin,student1055@sfsacademy.edu,Exam & Assessment,Low,Pending Student Response,Phone,Agent Lisa,2024-03-16 16:18:00,2024-03-18 22:44:51,,54.45,,No,,Neutral,Student needs help with exam & assessment issue.
1056,SFS2025056,Uma White,student1056@sfsacademy.edu,Payment & Billing,Low,Pending Student Response,Phone,Agent Priya,2024-08-31 15:43:00,2024-09-02 17:16:26,,49.56,,No,,Negative,Student needs help with payment & billing issue.
1057,SFS2025057,Uma Anderson,student1057@sfsacademy.edu,Library Access,Medium,Closed,Chat,Agent Tom,2024-01-15 11:37:00,2024-01-16 01:36:54,2024-01-17 20:54:54,14.0,57.3,Yes,3,Neutral,Student needs help with library access issue.
1058,SFS2025058,Carol Garcia,student1058@sfsacademy.edu,General Inquiry,Medium,Closed,Chat,Agent Priya,2024-10-27 16:20:00,2024-10-27 21:47:48,2024-10-29 16:57:43,5.46,48.63,Yes,1,Negative,Student needs help with general inquiry issue.
1059,SFS2025059,Alice Walker,student1059@sfsacademy.edu,Course Access,Low,Closed,Phone,Agent Mike,2024-04-25 12:13:00,2024-04-26 17:11:51,2024-04-29 00:17:28,28.98,84.07,Yes,2,Negative,Student needs help with course access issue.
1060,SFS2025060,Rose Brown,student1060@sfsacademy.edu,Course Access,Medium,Closed,Email,Agent Tom,2024-04-26 11:23:00,2024-04-26 19:33:57,2024-04-28 17:45:49,8.18,54.38,Yes,3,Neutral,Student needs help with course access issue.
1061,SFS2025061,Tina Harris,student1061@sfsacademy.edu,Library Access,Medium,Closed,Portal,Agent Priya,2025-02-12 08:28:00,2025-02-12 15:25:43,2025-02-14 02:08:44,6.96,41.68,Yes,1,Negative,Student needs help with library access issue.
1062,SFS2025062,Henry Allen,student1062@sfsacademy.edu,Course Access,High,Pending Student Response,Phone,Agent Priya,2024-10-09 12:05:00,2024-10-09 13:08:13,,1.05,,No,,Neutral,Student needs help with course access issue.
1063,SFS2025063,Grace Taylor,student1063@sfsacademy.edu,Technical Issue,Medium,Closed,Email,Agent Tom,2025-01-24 17:30:00,2025-01-24 23:33:31,2025-01-25 06:01:47,6.06,12.53,No,3,Neutral,Student needs help with technical issue issue.
1064,SFS2025064,Sam Young,student1064@sfsacademy.edu,Technical Issue,Medium,Closed,Email,Agent Nadia,2024-10-04 17:13:00,2024-10-05 14:05:31,2024-10-06 11:53:46,20.88,42.68,Yes,2,Negative,Student needs help with technical issue issue.
1065,SFS2025065,Uma Martin,student1065@sfsacademy.edu,Library Access,Low,Closed,Portal,Agent Ravi,2025-01-21 15:00:00,2025-01-22 10:15:55,2025-01-24 09:10:36,19.27,66.18,Yes,1,Negative,Student needs help with library access issue.
1066,SFS2025066,Karen Walker,student1066@sfsacademy.edu,Library Access,Medium,Closed,Email,Agent Ravi,2024-05-15 16:15:00,2024-05-16 20:24:20,2024-05-18 17:51:12,28.16,73.6,Yes,2,Negative,Student needs help with library access issue.
1067,SFS2025067,Grace Taylor,student1067@sfsacademy.edu,Library Access,Low,Pending Student Response,Chat,Agent John,2024-08-28 15:10:00,2024-08-29 11:13:10,,20.05,,No,,Neutral,Student needs help with library access issue.
1068,SFS2025068,Karen Thomas,student1068@sfsacademy.edu,General Inquiry,Medium,Closed,Phone,Agent John,2025-01-25 11:13:00,2025-01-26 13:57:58,2025-01-27 00:51:00,26.75,37.63,Yes,2,Negative,Student needs help with general inquiry issue.
1069,SFS2025069,Yara Harris,student1069@sfsacademy.edu,Payment & Billing,Low,Open,Chat,Agent Tom,2024-04-08 14:50:00,2024-04-10 04:38:51,,37.81,,No,,Negative,Student needs help with payment & billing issue.
1070,SFS2025070,Aiden Garcia,student1070@sfsacademy.edu,Exam & Assessment,Critical,Pending Student Response,Phone,Agent Priya,2024-04-27 12:30:00,2024-04-27 13:38:02,,1.13,,No,,Negative,Student needs help with exam & assessment issue.
1071,SFS2025071,Uma Anderson,student1071@sfsacademy.edu,Technical Issue,Medium,Pending Student Response,Email,Agent Nadia,2024-08-18 12:27:00,2024-08-19 16:21:49,,27.91,,No,,Negative,Student needs help with technical issue issue.
1072,SFS2025072,Rose Hall,student1072@sfsacademy.edu,Library Access,High,Closed,Phone,Agent Lisa,2024-08-21 12:01:00,2024-08-21 12:43:55,2024-08-21 20:08:40,0.72,8.13,Yes,2,Negative,Student needs help with library access issue.
1073,SFS2025073,Xander Allen,student1073@sfsacademy.edu,Library Access,Low,Closed,Email,Agent John,2025-01-13 11:51:00,2025-01-14 02:13:59,2025-01-15 10:09:14,14.38,46.3,No,4,Positive,Student needs help with library access issue.
1074,SFS2025074,Bob Garcia,student1074@sfsacademy.edu,General Inquiry,Medium,Closed,Phone,Agent Mike,2024-08-28 08:49:00,2024-08-29 13:14:48,2024-08-30 17:47:38,28.43,56.98,Yes,1,Negative,Student needs help with general inquiry issue.
1075,SFS2025075,Eve Anderson,student1075@sfsacademy.edu,General Inquiry,Medium,Closed,Email,Agent Priya,2024-05-21 16:23:00,2024-05-22 02:04:04,2024-05-23 15:30:15,9.68,47.12,Yes,2,Negative,Student needs help with general inquiry issue.
1076,SFS2025076,Wendy Smith,student1076@sfsacademy.edu,Enrollment,Low,Open,Phone,Agent Tom,2024-10-28 12:36:00,2024-10-29 20:53:09,,32.29,,No,,Negative,Student needs help with enrollment issue.
1077,SFS2025077,Frank Garcia,student1077@sfsacademy.edu,Exam & Assessment,High,Pending Student Response,Chat,Agent Tom,2024-03-12 09:55:00,2024-03-12 17:13:00,,7.3,,No,,Neutral,Student needs help with exam & assessment issue.
1078,SFS2025078,Noah Robinson,student1078@sfsacademy.edu,Library Access,Medium,Open,Email,Agent Lisa,2024-08-27 11:29:00,2024-08-27 15:57:10,,4.47,,No,,Negative,Student needs help with library access issue.
1079,SFS2025079,Karen Hall,student1079@sfsacademy.edu,Exam & Assessment,Low,Closed,Chat,Agent Sara,2025-02-16 15:51:00,2025-02-19 01:12:06,2025-02-22 21:22:54,57.35,149.53,Yes,3,Neutral,Student needs help with exam & assessment issue.
1080,SFS2025080,Sam Lewis,student1080@sfsacademy.edu,Course Access,Medium,Open,Email,Agent John,2024-09-08 12:36:00,2024-09-09 04:08:55,,15.55,,No,,Neutral,Student needs help with course access issue.
1081,SFS2025081,Uma Garcia,student1081@sfsacademy.edu,Account & Login,High,Pending Student Response,Chat,Agent Lisa,2024-11-08 18:12:00,2024-11-08 22:48:24,,4.61,,No,,Neutral,Student needs help with account & login issue.
1082,SFS2025082,Alice Smith,student1082@sfsacademy.edu,Account & Login,Medium,Closed,Chat,Agent Sara,2024-02-07 10:41:00,2024-02-08 03:26:54,2024-02-08 04:44:49,16.77,18.06,No,5,Positive,Student needs help with account & login issue.
1083,SFS2025083,Carlos Allen,student1083@sfsacademy.edu,Exam & Assessment,Low,Pending Student Response,Portal,Agent Ravi,2024-04-25 13:27:00,2024-04-27 09:54:46,,44.46,,No,,Negative,Student needs help with exam & assessment issue.
1084,SFS2025084,Karen Garcia,student1084@sfsacademy.edu,Course Access,Low,Closed,Email,Agent Sara,2024-03-19 11:49:00,2024-03-21 08:49:26,2024-03-23 13:07:52,45.01,97.31,Yes,3,Neutral,Student needs help with course access issue.
1085,SFS2025085,Eve Lewis,student1085@sfsacademy.edu,Library Access,Low,Open,Portal,Agent Mike,2024-04-27 18:13:00,2024-04-29 14:49:03,,44.6,,No,,Neutral,Student needs help with library access issue.
1086,SFS2025086,Grace Jackson,student1086@sfsacademy.edu,Enrollment,Medium,Pending Student Response,Email,Agent Nadia,2024-03-04 14:01:00,2024-03-05 03:09:41,,13.14,,No,,Negative,Student needs help with enrollment issue.
1087,SFS2025087,Paul Young,student1087@sfsacademy.edu,Payment & Billing,High,Open,Portal,Agent John,2025-01-29 14:37:00,2025-01-29 22:00:06,,7.39,,No,,Neutral,Student needs help with payment & billing issue.
1088,SFS2025088,Alice Smith,student1088@sfsacademy.edu,Exam & Assessment,Low,In Progress,Phone,Agent Ravi,2024-07-02 13:26:00,2024-07-03 18:58:55,,29.55,,No,,Negative,Student needs help with exam & assessment issue.
1089,SFS2025089,Henry Brown,student1089@sfsacademy.edu,Exam & Assessment,Critical,Open,Email,Agent Lisa,2024-07-13 14:25:00,2024-07-13 15:44:29,,1.32,,No,,Negative,Student needs help with exam & assessment issue.
1090,SFS2025090,Eve Walker,student1090@sfsacademy.edu,Library Access,Medium,Closed,Email,Agent Tom,2024-11-29 18:51:00,2024-11-29 23:19:58,2024-11-30 12:02:08,4.48,17.19,No,4,Positive,Student needs help with library access issue.
1091,SFS2025091,Noah Thomas,student1091@sfsacademy.edu,Enrollment,Medium,Open,Phone,Agent Lisa,2024-03-20 10:44:00,2024-03-21 04:42:36,,17.98,,No,,Neutral,Student needs help with enrollment issue.
1092,SFS2025092,Paul Jackson,student1092@sfsacademy.edu,Payment & Billing,High,Pending Student Response,Email,Agent Tom,2024-03-30 16:09:00,2024-03-30 23:48:27,,7.66,,No,,Neutral,Student needs help with payment & billing issue.
1093,SFS2025093,Bob Anderson,student1093@sfsacademy.edu,Exam & Assessment,Medium,Pending Student Response,Email,Agent Sara,2024-06-05 14:40:00,2024-06-06 00:33:01,,9.88,,No,,Negative,Student needs help with exam & assessment issue.
1094,SFS2025094,Carol Taylor,student1094@sfsacademy.edu,Payment & Billing,Medium,Closed,Email,Agent Priya,2024-07-27 08:34:00,2024-07-27 09:29:21,2024-07-29 04:39:26,0.92,44.09,Yes,1,Negative,Student needs help with payment & billing issue.
1095,SFS2025095,Karen Hall,student1095@sfsacademy.edu,Payment & Billing,High,Closed,Phone,Agent Sara,2024-08-31 15:26:00,2024-08-31 20:16:01,2024-09-01 10:45:37,4.83,19.33,Yes,1,Negative,Student needs help with payment & billing issue.
1096,SFS2025096,Victor Brown,student1096@sfsacademy.edu,Enrollment,High,Closed,Portal,Agent Priya,2024-07-06 17:42:00,2024-07-06 22:53:02,2024-07-07 11:57:56,5.18,18.27,Yes,1,Negative,Student needs help with enrollment issue.
1097,SFS2025097,Karen Lewis,student1097@sfsacademy.edu,Course Access,Medium,Pending Student Response,Portal,Agent Mike,2025-01-15 09:45:00,2025-01-15 17:20:38,,7.59,,No,,Negative,Student needs help with course access issue.
1098,SFS2025098,Sam Johnson,student1098@sfsacademy.edu,Library Access,Medium,In Progress,Phone,Agent Priya,2024-12-08 17:33:00,2024-12-09 05:59:35,,12.44,,No,,Neutral,Student needs help with library access issue.
1099,SFS2025099,Frank Robinson,student1099@sfsacademy.edu,Payment & Billing,Low,Open,Portal,Agent Sara,2025-01-17 14:40:00,2025-01-19 03:24:14,,36.74,,No,,Neutral,Student needs help with payment & billing issue.
1100,SFS2025100,Tina Harris,student1100@sfsacademy.edu,Enrollment,Medium,Pending Student Response,Chat,Agent Nadia,2024-06-14 08:36:00,2024-06-15 13:11:36,,28.59,,No,,Negative,Student needs help with enrollment issue.
1101,SFS2025101,Rose Lewis,student1101@sfsacademy.edu,Exam & Assessment,High,Closed,Portal,Agent Tom,2024-10-06 15:07:00,2024-10-06 17:56:23,2024-10-07 07:02:40,2.82,15.93,Yes,2,Negative,Student needs help with exam & assessment issue.
1102,SFS2025102,Rose Anderson,student1102@sfsacademy.edu,Library Access,High,Pending Student Response,Phone,Agent John,2024-12-05 09:42:00,2024-12-05 14:04:52,,4.38,,No,,Neutral,Student needs help with library access issue.
1103,SFS2025103,Rose Brown,student1103@sfsacademy.edu,Library Access,High,Open,Phone,Agent Priya,2024-02-18 11:29:00,2024-02-18 14:46:38,,3.29,,No,,Negative,Student needs help with library access issue.
1104,SFS2025104,Xander Martinez,student1104@sfsacademy.edu,Enrollment,High,Pending Student Response,Portal,Agent Priya,2024-09-15 10:25:00,2024-09-15 17:58:38,,7.56,,No,,Neutral,Student needs help with enrollment issue.
1105,SFS2025105,Leo Thomas,student1105@sfsacademy.edu,Technical Issue,Low,Pending Student Response,Portal,Agent Tom,2024-09-26 17:49:00,2024-09-28 09:55:35,,40.11,,No,,Neutral,Student needs help with technical issue issue.
1106,SFS2025106,Bob Robinson,student1106@sfsacademy.edu,Enrollment,Medium,Pending Student Response,Chat,Agent Priya,2024-02-21 18:10:00,2024-02-22 18:57:23,,24.79,,No,,Negative,Student needs help with enrollment issue.
1107,SFS2025107,Iris Hall,student1107@sfsacademy.edu,General Inquiry,Medium,Closed,Phone,Agent Ravi,2024-05-31 14:57:00,2024-05-31 19:18:07,2024-06-02 16:23:41,4.35,49.44,Yes,1,Negative,Student needs help with general inquiry issue.
1108,SFS2025108,Zoe White,student1108@sfsacademy.edu,Course Access,Critical,Closed,Chat,Agent Sara,2024-12-08 12:13:00,2024-12-08 12:58:59,2024-12-08 15:25:33,0.77,3.21,Yes,1,Negative,Student needs help with course access issue.
1109,SFS2025109,Mia Taylor,student1109@sfsacademy.edu,Enrollment,Medium,Closed,Email,Agent Tom,2024-07-19 10:41:00,2024-07-19 17:35:15,2024-07-21 15:11:35,6.9,52.51,Yes,1,Negative,Student needs help with enrollment issue.
1110,SFS2025110,Yara Young,student1110@sfsacademy.edu,Library Access,Low,Closed,Email,Agent Tom,2025-01-06 17:43:00,2025-01-08 06:34:31,2025-01-10 09:02:03,36.86,87.32,Yes,2,Negative,Student needs help with library access issue.
1111,SFS2025111,Carlos Harris,student1111@sfsacademy.edu,General Inquiry,Medium,Pending Student Response,Email,Agent Priya,2024-08-29 11:42:00,2024-08-30 13:06:37,,25.41,,No,,Negative,Student needs help with general inquiry issue.
1112,SFS2025112,Yara Martin,student1112@sfsacademy.edu,General Inquiry,High,Open,Portal,Agent Nadia,2024-01-21 14:53:00,2024-01-21 23:21:25,,8.47,,No,,Negative,Student needs help with general inquiry issue.
1113,SFS2025113,Noah Johnson,student1113@sfsacademy.edu,Exam & Assessment,Low,Pending Student Response,Chat,Agent Mike,2024-04-25 16:06:00,2024-04-27 16:22:33,,48.28,,No,,Negative,Student needs help with exam & assessment issue.
1114,SFS2025114,Leo Brown,student1114@sfsacademy.edu,Library Access,High,Pending Student Response,Phone,Agent Lisa,2024-11-22 09:55:00,2024-11-22 14:14:07,,4.32,,No,,Negative,Student needs help with library access issue.
1115,SFS2025115,Wendy Lee,student1115@sfsacademy.edu,General Inquiry,High,Closed,Chat,Agent Mike,2024-01-07 09:45:00,2024-01-07 16:18:25,2024-01-07 18:52:00,6.56,9.12,Yes,3,Neutral,Student needs help with general inquiry issue.
1116,SFS2025116,Sam Taylor,student1116@sfsacademy.edu,Account & Login,Medium,Closed,Email,Agent Sara,2024-10-14 17:53:00,2024-10-15 11:05:24,2024-10-17 01:23:21,17.21,55.51,Yes,3,Neutral,Student needs help with account & login issue.
1117,SFS2025117,Bella Lewis,student1117@sfsacademy.edu,Account & Login,Medium,Pending Student Response,Email,Agent Nadia,2024-03-01 11:23:00,2024-03-01 21:42:43,,10.33,,No,,Negative,Student needs help with account & login issue.
1118,SFS2025118,Uma Garcia,student1118@sfsacademy.edu,Account & Login,Critical,Pending Student Response,Portal,Agent Sara,2024-10-20 16:02:00,2024-10-20 17:36:37,,1.58,,No,,Neutral,Student needs help with account & login issue.
1119,SFS2025119,Leo White,student1119@sfsacademy.edu,General Inquiry,Medium,Open,Phone,Agent Lisa,2024-02-20 12:58:00,2024-02-21 12:37:35,,23.66,,No,,Negative,Student needs help with general inquiry issue.
1120,SFS2025120,Xander Robinson,student1120@sfsacademy.edu,Library Access,Low,Closed,Portal,Agent Priya,2024-05-21 15:50:00,2024-05-23 00:13:20,2024-05-26 11:15:11,32.39,115.42,Yes,2,Negative,Student needs help with library access issue.
1121,SFS2025121,Karen Martin,student1121@sfsacademy.edu,Course Access,High,Pending Student Response,Phone,Agent Tom,2025-01-20 13:49:00,2025-01-20 19:55:33,,6.11,,No,,Neutral,Student needs help with course access issue.
1122,SFS2025122,Zoe Lewis,student1122@sfsacademy.edu,Payment & Billing,Medium,Closed,Portal,Agent Nadia,2024-02-21 09:40:00,2024-02-21 17:39:25,2024-02-23 03:54:17,7.99,42.24,Yes,2,Negative,Student needs help with payment & billing issue.
1123,SFS2025123,Grace Brown,student1123@sfsacademy.edu,Library Access,Medium,Open,Portal,Agent Lisa,2024-07-04 10:10:00,2024-07-04 21:55:45,,11.76,,No,,Neutral,Student needs help with library access issue.
1124,SFS2025124,David Martin,student1124@sfsacademy.edu,Library Access,High,Closed,Phone,Agent Priya,2024-02-16 17:58:00,2024-02-16 23:18:55,2024-02-17 06:16:00,5.35,12.3,Yes,3,Neutral,Student needs help with library access issue.
1125,SFS2025125,Aiden White,student1125@sfsacademy.edu,Technical Issue,Medium,Closed,Portal,Agent Mike,2024-11-10 17:05:00,2024-11-11 12:28:27,2024-11-12 02:20:32,19.39,33.26,Yes,2,Negative,Student needs help with technical issue issue.
1126,SFS2025126,Olivia Clark,student1126@sfsacademy.edu,Technical Issue,Medium,Closed,Portal,Agent Lisa,2024-05-05 11:28:00,2024-05-06 15:15:52,2024-05-08 08:34:06,27.8,69.1,Yes,2,Negative,Student needs help with technical issue issue.
1127,SFS2025127,Zoe Harris,student1127@sfsacademy.edu,Account & Login,Low,Open,Phone,Agent Nadia,2024-10-11 16:36:00,2024-10-13 09:27:18,,40.86,,No,,Negative,Student needs help with account & login issue.
1128,SFS2025128,Karen White,student1128@sfsacademy.edu,Exam & Assessment,Critical,In Progress,Email,Agent Tom,2024-08-08 13:23:00,2024-08-08 15:42:13,,2.32,,No,,Neutral,Student needs help with exam & assessment issue.
1129,SFS2025129,Xander Martinez,student1129@sfsacademy.edu,General Inquiry,Low,In Progress,Email,Agent Tom,2025-02-11 16:37:00,2025-02-13 15:12:39,,46.59,,No,,Neutral,Student needs help with general inquiry issue.
1130,SFS2025130,Frank Smith,student1130@sfsacademy.edu,Library Access,High,Closed,Chat,Agent Sara,2025-01-02 18:35:00,2025-01-03 00:42:52,2025-01-03 09:10:17,6.13,14.59,Yes,2,Negative,Student needs help with library access issue.
1131,SFS2025131,Xander Harris,student1131@sfsacademy.edu,General Inquiry,Medium,Pending Student Response,Email,Agent Priya,2024-10-13 15:35:00,2024-10-14 11:23:02,,19.8,,No,,Neutral,Student needs help with general inquiry issue.
1132,SFS2025132,Victor Lewis,student1132@sfsacademy.edu,General Inquiry,High,Pending Student Response,Portal,Agent Nadia,2024-10-18 12:57:00,2024-10-18 22:25:28,,9.47,,No,,Neutral,Student needs help with general inquiry issue.
1133,SFS2025133,Yara Martinez,student1133@sfsacademy.edu,Account & Login,Medium,Closed,Phone,Agent Priya,2024-06-07 16:44:00,2024-06-08 17:38:55,2024-06-10 16:16:49,24.92,71.55,Yes,1,Negative,Student needs help with account & login issue.
1134,SFS2025134,Frank Thomas,student1134@sfsacademy.edu,Account & Login,Critical,Closed,Portal,Agent Priya,2024-10-27 09:49:00,2024-10-27 10:47:21,2024-10-27 13:35:38,0.97,3.78,Yes,3,Neutral,Student needs help with account & login issue.
1135,SFS2025135,Zoe Clark,student1135@sfsacademy.edu,Course Access,Medium,Open,Chat,Agent John,2024-01-16 18:59:00,2024-01-17 11:43:39,,16.74,,No,,Negative,Student needs help with course access issue.
1136,SFS2025136,Paul Brown,student1136@sfsacademy.edu,Library Access,High,Open,Portal,Agent Tom,2024-07-14 15:08:00,2024-07-14 22:04:09,,6.94,,No,,Negative,Student needs help with library access issue.
1137,SFS2025137,Tina Johnson,student1137@sfsacademy.edu,Course Access,Low,Closed,Chat,Agent Tom,2024-04-04 12:25:00,2024-04-06 07:50:43,2024-04-08 10:36:45,43.43,94.2,Yes,1,Negative,Student needs help with course access issue.
1138,SFS2025138,Zoe Allen,student1138@sfsacademy.edu,Technical Issue,Medium,Open,Phone,Agent Sara,2024-10-12 08:43:00,2024-10-12 20:06:18,,11.39,,No,,Neutral,Student needs help with technical issue issue.
1139,SFS2025139,Bella Anderson,student1139@sfsacademy.edu,General Inquiry,Low,Open,Portal,Agent Priya,2024-10-15 13:54:00,2024-10-17 22:07:00,,56.22,,No,,Neutral,Student needs help with general inquiry issue.
1140,SFS2025140,Zoe Taylor,student1140@sfsacademy.edu,Payment & Billing,Low,Closed,Chat,Agent Priya,2024-11-03 13:36:00,2024-11-03 15:49:57,2024-11-03 20:30:57,2.23,6.92,No,4,Positive,Student needs help with payment & billing issue.
1141,SFS2025141,Diana Garcia,student1141@sfsacademy.edu,Payment & Billing,Low,Closed,Email,Agent Priya,2025-02-17 12:59:00,2025-02-18 17:53:57,2025-02-21 04:13:55,28.92,87.25,Yes,3,Neutral,Student needs help with payment & billing issue.
1142,SFS2025142,Henry Lee,student1142@sfsacademy.edu,Course Access,High,Pending Student Response,Phone,Agent John,2024-08-20 18:35:00,2024-08-20 21:19:26,,2.74,,No,,Neutral,Student needs help with course access issue.
1143,SFS2025143,Diana Walker,student1143@sfsacademy.edu,General Inquiry,Medium,In Progress,Email,Agent John,2024-04-06 14:02:00,2024-04-07 09:18:38,,19.28,,No,,Negative,Student needs help with general inquiry issue.
1144,SFS2025144,Uma Clark,student1144@sfsacademy.edu,Enrollment,Medium,Closed,Phone,Agent Lisa,2024-10-15 17:44:00,2024-10-15 22:04:02,2024-10-17 10:57:10,4.33,41.22,Yes,1,Negative,Student needs help with enrollment issue.
1145,SFS2025145,Paul Martin,student1145@sfsacademy.edu,Course Access,Low,Open,Chat,Agent Tom,2024-07-25 14:24:00,2024-07-27 01:42:42,,35.31,,No,,Negative,Student needs help with course access issue.
1146,SFS2025146,Uma Garcia,student1146@sfsacademy.edu,Enrollment,Low,Pending Student Response,Phone,Agent John,2025-01-29 18:44:00,2025-01-31 22:10:18,,51.44,,No,,Neutral,Student needs help with enrollment issue.
1147,SFS2025147,Aiden Clark,student1147@sfsacademy.edu,Account & Login,Low,In Progress,Phone,Agent Mike,2025-01-13 08:34:00,2025-01-15 16:07:18,,55.56,,No,,Neutral,Student needs help with account & login issue.
1148,SFS2025148,Karen Brown,student1148@sfsacademy.edu,Technical Issue,High,Closed,Email,Agent Mike,2025-01-13 16:33:00,2025-01-13 21:12:38,2025-01-14 00:59:47,4.66,8.45,Yes,1,Negative,Student needs help with technical issue issue.
1149,SFS2025149,Alice White,student1149@sfsacademy.edu,Technical Issue,Low,Closed,Chat,Agent Sara,2024-12-31 11:31:00,2024-12-31 23:46:51,2025-01-03 18:16:22,12.26,78.76,Yes,3,Neutral,Student needs help with technical issue issue.
1150,SFS2025150,Tina Harris,student1150@sfsacademy.edu,Exam & Assessment,Critical,Pending Student Response,Email,Agent Nadia,2024-12-03 13:11:00,2024-12-03 13:58:46,,0.8,,No,,Neutral,Student needs help with exam & assessment issue.
1151,SFS2025151,Noah Clark,student1151@sfsacademy.edu,Library Access,High,In Progress,Phone,Agent Mike,2024-08-04 18:36:00,2024-08-04 22:49:25,,4.22,,No,,Neutral,Student needs help with library access issue.
1152,SFS2025152,Bob Lewis,student1152@sfsacademy.edu,General Inquiry,Critical,Pending Student Response,Email,Agent Lisa,2024-07-12 12:53:00,2024-07-12 14:34:25,,1.69,,No,,Negative,Student needs help with general inquiry issue.
1153,SFS2025153,Xander Harris,student1153@sfsacademy.edu,Course Access,Low,Closed,Chat,Agent Priya,2024-03-06 18:44:00,2024-03-06 23:01:49,2024-03-09 03:02:23,4.3,56.31,Yes,1,Negative,Student needs help with course access issue.
1154,SFS2025154,Carol Hall,student1154@sfsacademy.edu,Library Access,Medium,Closed,Email,Agent John,2024-12-14 14:18:00,2024-12-15 01:58:33,2024-12-16 20:35:56,11.68,54.3,Yes,1,Negative,Student needs help with library access issue.
1155,SFS2025155,Frank Brown,student1155@sfsacademy.edu,General Inquiry,Medium,Open,Email,Agent John,2024-09-11 11:08:00,2024-09-11 18:06:14,,6.97,,No,,Negative,Student needs help with general inquiry issue.
1156,SFS2025156,Yara Jackson,student1156@sfsacademy.edu,Payment & Billing,Medium,Closed,Email,Agent Ravi,2025-01-25 09:15:00,2025-01-26 04:30:33,2025-01-27 05:10:46,19.26,43.93,Yes,3,Neutral,Student needs help with payment & billing issue.
1157,SFS2025157,Carlos Johnson,student1157@sfsacademy.edu,Exam & Assessment,Medium,In Progress,Portal,Agent Lisa,2025-01-06 13:02:00,2025-01-06 23:26:29,,10.41,,No,,Neutral,Student needs help with exam & assessment issue.
1158,SFS2025158,Olivia Brown,student1158@sfsacademy.edu,Enrollment,Critical,Closed,Portal,Agent Priya,2024-07-19 14:09:00,2024-07-19 15:17:17,2024-07-19 18:27:06,1.14,4.3,Yes,1,Negative,Student needs help with enrollment issue.
1159,SFS2025159,Quinn Hall,student1159@sfsacademy.edu,Exam & Assessment,Low,Open,Email,Agent Sara,2024-05-05 17:33:00,2024-05-07 09:08:59,,39.6,,No,,Negative,Student needs help with exam & assessment issue.
1160,SFS2025160,Alice Robinson,student1160@sfsacademy.edu,Exam & Assessment,Low,In Progress,Portal,Agent Sara,2024-01-09 17:46:00,2024-01-11 21:44:36,,51.98,,No,,Neutral,Student needs help with exam & assessment issue.
1161,SFS2025161,Alice Lee,student1161@sfsacademy.edu,Course Access,High,Pending Student Response,Email,Agent Mike,2024-01-02 17:03:00,2024-01-02 22:40:44,,5.63,,No,,Neutral,Student needs help with course access issue.
1162,SFS2025162,Olivia Lee,student1162@sfsacademy.edu,General Inquiry,Low,Closed,Chat,Agent Mike,2024-10-19 18:24:00,2024-10-21 05:52:47,2024-10-22 15:40:07,35.48,69.27,Yes,3,Neutral,Student needs help with general inquiry issue.
1163,SFS2025163,Alice Clark,student1163@sfsacademy.edu,Library Access,High,Closed,Chat,Agent Priya,2024-03-19 15:34:00,2024-03-20 01:09:31,2024-03-20 15:23:16,9.59,23.82,Yes,2,Negative,Student needs help with library access issue.
1164,SFS2025164,Noah Clark,student1164@sfsacademy.edu,Enrollment,Low,Closed,Portal,Agent Nadia,2025-02-16 12:09:00,2025-02-18 12:37:18,2025-02-19 23:09:04,48.47,83.0,Yes,3,Neutral,Student needs help with enrollment issue.
1165,SFS2025165,Wendy Jackson,student1165@sfsacademy.edu,Exam & Assessment,Critical,Closed,Chat,Agent Tom,2024-08-23 15:28:00,2024-08-23 16:13:10,2024-08-23 18:48:33,0.75,3.34,Yes,1,Negative,Student needs help with exam & assessment issue.
1166,SFS2025166,Grace Robinson,student1166@sfsacademy.edu,Exam & Assessment,High,Pending Student Response,Chat,Agent Ravi,2024-10-18 11:55:00,2024-10-18 15:49:38,,3.91,,No,,Negative,Student needs help with exam & assessment issue.
1167,SFS2025167,Mia Walker,student1167@sfsacademy.edu,Account & Login,Medium,Closed,Portal,Agent Sara,2024-03-13 15:06:00,2024-03-13 21:44:46,2024-03-15 00:40:32,6.65,33.58,Yes,1,Negative,Student needs help with account & login issue.
1168,SFS2025168,Eve Clark,student1168@sfsacademy.edu,Payment & Billing,Low,Closed,Portal,Agent Lisa,2024-08-09 10:28:00,2024-08-10 23:34:52,2024-08-13 07:12:46,37.11,92.75,Yes,3,Neutral,Student needs help with payment & billing issue.
1169,SFS2025169,Carol Smith,student1169@sfsacademy.edu,General Inquiry,High,Open,Email,Agent Tom,2024-06-11 15:15:00,2024-06-11 21:54:11,,6.65,,No,,Neutral,Student needs help with general inquiry issue.
1170,SFS2025170,Tina Garcia,student1170@sfsacademy.edu,Exam & Assessment,High,Closed,Portal,Agent Mike,2024-01-05 08:21:00,2024-01-05 17:34:02,2024-01-05 23:10:50,9.22,14.83,Yes,1,Negative,Student needs help with exam & assessment issue.
1171,SFS2025171,Frank Clark,student1171@sfsacademy.edu,Library Access,Medium,Open,Portal,Agent John,2024-10-25 15:30:00,2024-10-26 17:29:35,,25.99,,No,,Neutral,Student needs help with library access issue.
1172,SFS2025172,Diana Lewis,student1172@sfsacademy.edu,General Inquiry,Medium,Open,Portal,Agent Lisa,2024-03-01 16:58:00,2024-03-02 21:05:27,,28.12,,No,,Neutral,Student needs help with general inquiry issue.
1173,SFS2025173,Olivia Allen,student1173@sfsacademy.edu,General Inquiry,High,Closed,Email,Agent Priya,2024-02-19 08:08:00,2024-02-19 13:58:03,2024-02-20 05:47:02,5.83,21.65,Yes,2,Negative,Student needs help with general inquiry issue.
1174,SFS2025174,Frank Anderson,student1174@sfsacademy.edu,Exam & Assessment,High,In Progress,Email,Agent Tom,2024-10-19 10:28:00,2024-10-19 19:02:01,,8.57,,No,,Neutral,Student needs help with exam & assessment issue.
1175,SFS2025175,Leo Young,student1175@sfsacademy.edu,Enrollment,Medium,Open,Phone,Agent Tom,2024-11-15 12:43:00,2024-11-16 09:20:58,,20.63,,No,,Neutral,Student needs help with enrollment issue.
1176,SFS2025176,Diana Smith,student1176@sfsacademy.edu,Payment & Billing,Medium,Closed,Phone,Agent Tom,2025-02-13 15:01:00,2025-02-13 20:57:03,2025-02-14 11:07:20,5.93,20.11,No,4,Positive,Student needs help with payment & billing issue.
1177,SFS2025177,Yara Lewis,student1177@sfsacademy.edu,Library Access,Low,Closed,Chat,Agent Lisa,2024-09-07 13:57:00,2024-09-09 23:19:49,2024-09-11 08:23:40,57.38,90.44,Yes,1,Negative,Student needs help with library access issue.
1178,SFS2025178,Mia Robinson,student1178@sfsacademy.edu,Technical Issue,Medium,Open,Phone,Agent Sara,2024-12-03 09:21:00,2024-12-03 20:37:22,,11.27,,No,,Negative,Student needs help with technical issue issue.
1179,SFS2025179,Grace Lee,student1179@sfsacademy.edu,Account & Login,Medium,Closed,Phone,Agent Nadia,2024-01-19 18:17:00,2024-01-19 22:31:42,2024-01-20 15:48:06,4.25,21.52,No,4,Positive,Student needs help with account & login issue.
1180,SFS2025180,Zoe Taylor,student1180@sfsacademy.edu,Course Access,Critical,In Progress,Email,Agent Tom,2024-05-24 12:05:00,2024-05-24 12:37:37,,0.54,,No,,Neutral,Student needs help with course access issue.
1181,SFS2025181,Xander Garcia,student1181@sfsacademy.edu,Enrollment,Medium,Open,Email,Agent John,2024-05-04 09:11:00,2024-05-04 09:57:22,,0.77,,No,,Neutral,Student needs help with enrollment issue.
1182,SFS2025182,Wendy Anderson,student1182@sfsacademy.edu,General Inquiry,Medium,In Progress,Email,Agent Tom,2024-11-12 09:09:00,2024-11-13 02:59:08,,17.84,,No,,Neutral,Student needs help with general inquiry issue.
1183,SFS2025183,Mia Garcia,student1183@sfsacademy.edu,Technical Issue,Low,In Progress,Portal,Agent Nadia,2024-04-12 09:11:00,2024-04-12 21:41:12,,12.5,,No,,Neutral,Student needs help with technical issue issue.
1184,SFS2025184,Olivia Thomas,student1184@sfsacademy.edu,General Inquiry,Medium,Open,Chat,Agent Priya,2024-11-16 16:12:00,2024-11-17 00:51:07,,8.65,,No,,Neutral,Student needs help with general inquiry issue.
1185,SFS2025185,Grace Thomas,student1185@sfsacademy.edu,Payment & Billing,Low,Open,Email,Agent Mike,2024-09-16 08:05:00,2024-09-18 00:43:01,,40.63,,No,,Neutral,Student needs help with payment & billing issue.
1186,SFS2025186,Aiden Martinez,student1186@sfsacademy.edu,Library Access,Medium,Pending Student Response,Phone,Agent Nadia,2024-06-13 11:10:00,2024-06-13 17:50:36,,6.68,,No,,Negative,Student needs help with library access issue.
1187,SFS2025187,Paul Martinez,student1187@sfsacademy.edu,Library Access,Low,Pending Student Response,Portal,Agent Lisa,2025-01-11 11:33:00,2025-01-11 15:44:30,,4.19,,No,,Neutral,Student needs help with library access issue.
1188,SFS2025188,Wendy Young,student1188@sfsacademy.edu,General Inquiry,High,Closed,Email,Agent Sara,2025-01-10 08:39:00,2025-01-10 12:02:50,2025-01-11 00:37:05,3.4,15.97,Yes,3,Neutral,Student needs help with general inquiry issue.
1189,SFS2025189,Yara Lee,student1189@sfsacademy.edu,General Inquiry,Low,Pending Student Response,Chat,Agent Tom,2024-12-13 09:36:00,2024-12-14 07:15:08,,21.65,,No,,Negative,Student needs help with general inquiry issue.
1190,SFS2025190,Bella Robinson,student1190@sfsacademy.edu,Technical Issue,Low,Closed,Chat,Agent Tom,2024-06-09 16:47:00,2024-06-10 19:49:54,2024-06-12 16:41:15,27.05,71.9,Yes,3,Neutral,Student needs help with technical issue issue.
1191,SFS2025191,Mia Anderson,student1191@sfsacademy.edu,Account & Login,Low,Pending Student Response,Email,Agent Nadia,2024-08-25 15:28:00,2024-08-27 17:50:08,,50.37,,No,,Negative,Student needs help with account & login issue.
1192,SFS2025192,Mia Lee,student1192@sfsacademy.edu,Payment & Billing,Medium,Pending Student Response,Portal,Agent Priya,2024-07-23 13:00:00,2024-07-23 19:38:27,,6.64,,No,,Neutral,Student needs help with payment & billing issue.
1193,SFS2025193,Noah Clark,student1193@sfsacademy.edu,Payment & Billing,Low,Closed,Phone,Agent Lisa,2024-03-17 12:21:00,2024-03-18 01:51:14,2024-03-20 01:04:28,13.5,60.72,Yes,3,Neutral,Student needs help with payment & billing issue.
1194,SFS2025194,Henry Walker,student1194@sfsacademy.edu,Course Access,Low,In Progress,Chat,Agent Tom,2024-03-22 15:42:00,2024-03-24 02:54:22,,35.21,,No,,Neutral,Student needs help with course access issue.
1195,SFS2025195,Tina Taylor,student1195@sfsacademy.edu,Payment & Billing,Medium,In Progress,Phone,Agent Tom,2024-09-10 11:26:00,2024-09-11 07:17:31,,19.86,,No,,Negative,Student needs help with payment & billing issue.
1196,SFS2025196,Leo Clark,student1196@sfsacademy.edu,Payment & Billing,Low,Pending Student Response,Chat,Agent Tom,2024-11-02 10:33:00,2024-11-02 14:39:15,,4.1,,No,,Negative,Student needs help with payment & billing issue.
1197,SFS2025197,Wendy Jackson,student1197@sfsacademy.edu,Exam & Assessment,Medium,In Progress,Phone,Agent Ravi,2024-05-06 11:20:00,2024-05-07 03:32:22,,16.21,,No,,Negative,Student needs help with exam & assessment issue.
1198,SFS2025198,Carlos Smith,student1198@sfsacademy.edu,Enrollment,Medium,In Progress,Portal,Agent Mike,2024-03-06 13:50:00,2024-03-07 04:09:37,,14.33,,No,,Negative,Student needs help with enrollment issue.
1199,SFS2025199,Carol Lewis,student1199@sfsacademy.edu,Exam & Assessment,Low,Pending Student Response,Chat,Agent John,2024-06-09 16:56:00,2024-06-10 19:51:10,,26.92,,No,,Negative,Student needs help with exam & assessment issue.
1200,SFS2025200,Karen Martinez,student1200@sfsacademy.edu,Exam & Assessment,High,Pending Student Response,Chat,Agent Sara,2024-07-18 11:50:00,2024-07-18 14:34:38,,2.74,,No,,Neutral,Student needs help with exam & assessment issue.
1201,SFS2025201,Aiden Jackson,student1201@sfsacademy.edu,Exam & Assessment,Medium,Pending Student Response,Phone,Agent Ravi,2025-02-26 17:30:00,2025-02-27 11:06:54,,17.62,,No,,Neutral,Student needs help with exam & assessment issue.
1202,SFS2025202,Wendy Smith,student1202@sfsacademy.edu,Enrollment,Low,Open,Portal,Agent Lisa,2024-11-01 17:07:00,2024-11-03 14:45:58,,45.65,,No,,Negative,Student needs help with enrollment issue.
1203,SFS2025203,Olivia Robinson,student1203@sfsacademy.edu,Account & Login,Low,Open,Phone,Agent John,2024-06-01 12:13:00,2024-06-02 15:15:52,,27.05,,No,,Neutral,Student needs help with account & login issue.
1204,SFS2025204,Sam Anderson,student1204@sfsacademy.edu,Library Access,Medium,Closed,Phone,Agent Ravi,2024-10-11 10:38:00,2024-10-11 16:43:49,2024-10-12 22:14:16,6.1,35.6,Yes,1,Negative,Student needs help with library access issue.
1205,SFS2025205,Uma Clark,student1205@sfsacademy.edu,General Inquiry,Low,Closed,Portal,Agent Tom,2024-06-14 08:07:00,2024-06-15 02:37:06,2024-06-18 00:03:58,18.5,87.95,Yes,2,Negative,Student needs help with general inquiry issue.
1206,SFS2025206,Bob Anderson,student1206@sfsacademy.edu,Technical Issue,Low,Closed,Phone,Agent Lisa,2024-11-26 13:25:00,2024-11-27 22:12:48,2024-11-30 05:13:25,32.8,87.81,Yes,3,Neutral,Student needs help with technical issue issue.
1207,SFS2025207,Karen Brown,student1207@sfsacademy.edu,Payment & Billing,Low,Open,Email,Agent Mike,2024-09-11 09:59:00,2024-09-13 05:34:27,,43.59,,No,,Negative,Student needs help with payment & billing issue.
1208,SFS2025208,Grace Lewis,student1208@sfsacademy.edu,Technical Issue,Low,Closed,Chat,Agent Nadia,2024-07-30 13:48:00,2024-08-01 05:57:39,2024-08-03 11:01:48,40.16,93.23,Yes,1,Negative,Student needs help with technical issue issue.
1209,SFS2025209,Bob Johnson,student1209@sfsacademy.edu,Enrollment,Critical,Closed,Email,Agent Sara,2024-03-22 09:48:00,2024-03-22 10:23:58,2024-03-22 13:55:42,0.6,4.13,Yes,1,Negative,Student needs help with enrollment issue.
1210,SFS2025210,Alice Walker,student1210@sfsacademy.edu,Exam & Assessment,Critical,Open,Chat,Agent Tom,2024-04-22 11:09:00,2024-04-22 13:05:10,,1.94,,No,,Negative,Student needs help with exam & assessment issue.
1211,SFS2025211,Grace White,student1211@sfsacademy.edu,Account & Login,Low,Pending Student Response,Email,Agent John,2025-01-26 12:31:00,2025-01-27 00:26:37,,11.93,,No,,Neutral,Student needs help with account & login issue.
1212,SFS2025212,Diana Young,student1212@sfsacademy.edu,Exam & Assessment,Medium,Open,Chat,Agent Priya,2024-10-25 15:00:00,2024-10-25 21:31:17,,6.52,,No,,Neutral,Student needs help with exam & assessment issue.
1213,SFS2025213,Uma Martin,student1213@sfsacademy.edu,Enrollment,Medium,Closed,Phone,Agent Lisa,2024-05-24 12:35:00,2024-05-24 18:37:25,2024-05-26 13:49:34,6.04,49.24,Yes,2,Negative,Student needs help with enrollment issue.
1214,SFS2025214,Diana Jackson,student1214@sfsacademy.edu,Account & Login,Medium,Closed,Portal,Agent Mike,2024-08-19 08:28:00,2024-08-19 12:09:21,2024-08-20 07:21:58,3.69,22.9,No,3,Neutral,Student needs help with account & login issue.
1215,SFS2025215,Sam Harris,student1215@sfsacademy.edu,Enrollment,High,Pending Student Response,Phone,Agent Lisa,2024-04-12 17:47:00,2024-04-12 22:30:13,,4.72,,No,,Neutral,Student needs help with enrollment issue.
1216,SFS2025216,Olivia Robinson,student1216@sfsacademy.edu,Payment & Billing,Medium,Closed,Portal,Agent Tom,2024-04-21 16:01:00,2024-04-22 06:39:18,2024-04-23 17:29:32,14.64,49.48,Yes,3,Neutral,Student needs help with payment & billing issue.
1217,SFS2025217,Tina Johnson,student1217@sfsacademy.edu,Library Access,Medium,Closed,Email,Agent Mike,2024-11-04 10:58:00,2024-11-05 04:54:35,2024-11-06 23:28:38,17.94,60.51,Yes,3,Neutral,Student needs help with library access issue.
1218,SFS2025218,Xander Martinez,student1218@sfsacademy.edu,Payment & Billing,Low,Closed,Email,Agent John,2024-01-06 12:59:00,2024-01-07 10:29:56,2024-01-10 00:50:50,21.52,83.86,Yes,3,Neutral,Student needs help with payment & billing issue.
1219,SFS2025219,Zoe Jackson,student1219@sfsacademy.edu,Technical Issue,Medium,Closed,Phone,Agent John,2024-02-08 12:26:00,2024-02-08 16:56:50,2024-02-09 15:25:22,4.51,26.99,Yes,3,Neutral,Student needs help with technical issue issue.
1220,SFS2025220,Olivia Allen,student1220@sfsacademy.edu,General Inquiry,Critical,Pending Student Response,Email,Agent Priya,2024-03-02 18:47:00,2024-03-02 19:29:50,,0.71,,No,,Neutral,Student needs help with general inquiry issue.
1221,SFS2025221,Victor Robinson,student1221@sfsacademy.edu,General Inquiry,Low,Pending Student Response,Portal,Agent John,2024-12-21 16:17:00,2024-12-22 05:05:13,,12.8,,No,,Negative,Student needs help with general inquiry issue.
1222,SFS2025222,Wendy Martin,student1222@sfsacademy.edu,Payment & Billing,Medium,Closed,Email,Agent Sara,2024-01-16 08:31:00,2024-01-17 03:35:55,2024-01-19 01:41:30,19.08,65.18,Yes,3,Neutral,Student needs help with payment & billing issue.
1223,SFS2025223,Uma Johnson,student1223@sfsacademy.edu,Library Access,High,Open,Portal,Agent Mike,2025-01-03 15:12:00,2025-01-03 21:58:33,,6.78,,No,,Neutral,Student needs help with library access issue.
1224,SFS2025224,Paul Hall,student1224@sfsacademy.edu,Enrollment,Critical,Closed,Phone,Agent Sara,2024-10-15 14:35:00,2024-10-15 15:46:29,2024-10-15 18:34:08,1.19,3.99,Yes,2,Negative,Student needs help with enrollment issue.
1225,SFS2025225,Leo Lewis,student1225@sfsacademy.edu,Payment & Billing,Critical,Pending Student Response,Phone,Agent Tom,2024-03-24 13:42:00,2024-03-24 14:58:23,,1.27,,No,,Negative,Student needs help with payment & billing issue.
1226,SFS2025226,Tina Harris,student1226@sfsacademy.edu,General Inquiry,High,Pending Student Response,Phone,Agent Nadia,2024-06-26 12:09:00,2024-06-26 21:23:55,,9.25,,No,,Neutral,Student needs help with general inquiry issue.
1227,SFS2025227,Tina Garcia,student1227@sfsacademy.edu,Payment & Billing,Medium,Closed,Phone,Agent Sara,2024-03-11 13:59:00,2024-03-12 04:48:47,2024-03-13 22:13:10,14.83,56.24,Yes,2,Negative,Student needs help with payment & billing issue.
1228,SFS2025228,Carlos Taylor,student1228@sfsacademy.edu,Payment & Billing,High,Pending Student Response,Chat,Agent Mike,2024-10-03 18:53:00,2024-10-03 20:07:37,,1.24,,No,,Negative,Student needs help with payment & billing issue.
1229,SFS2025229,Karen Martinez,student1229@sfsacademy.edu,Library Access,Medium,Closed,Portal,Agent Priya,2024-09-13 16:02:00,2024-09-14 11:53:27,2024-09-16 01:54:49,19.86,57.88,Yes,2,Negative,Student needs help with library access issue.
1230,SFS2025230,Wendy Jackson,student1230@sfsacademy.edu,Exam & Assessment,Medium,Closed,Email,Agent Nadia,2024-10-07 14:33:00,2024-10-07 21:26:26,2024-10-09 04:42:14,6.89,38.15,Yes,1,Negative,Student needs help with exam & assessment issue.
1231,SFS2025231,Yara Robinson,student1231@sfsacademy.edu,Course Access,High,Closed,Portal,Agent Ravi,2025-01-01 08:57:00,2025-01-01 17:47:03,2025-01-02 05:12:29,8.83,20.26,Yes,2,Negative,Student needs help with course access issue.
1232,SFS2025232,Grace Thomas,student1232@sfsacademy.edu,Enrollment,Medium,In Progress,Email,Agent Sara,2024-06-04 11:34:00,2024-06-04 12:56:48,,1.38,,No,,Neutral,Student needs help with enrollment issue.
1233,SFS2025233,Karen Robinson,student1233@sfsacademy.edu,Course Access,Low,Closed,Phone,Agent Nadia,2025-02-27 18:04:00,2025-03-01 08:20:35,2025-03-01 10:20:49,38.28,40.28,No,4,Positive,Student needs help with course access issue.
1234,SFS2025234,Iris Lee,student1234@sfsacademy.edu,General Inquiry,Medium,Closed,Chat,Agent Sara,2024-07-10 11:19:00,2024-07-11 15:27:58,2024-07-12 15:57:57,28.15,52.65,Yes,2,Negative,Student needs help with general inquiry issue.
1235,SFS2025235,Yara Brown,student1235@sfsacademy.edu,Exam & Assessment,Medium,Open,Email,Agent Ravi,2025-02-12 14:48:00,2025-02-13 02:03:11,,11.25,,No,,Negative,Student needs help with exam & assessment issue.
1236,SFS2025236,Bob Garcia,student1236@sfsacademy.edu,Course Access,Low,Closed,Chat,Agent Ravi,2024-08-31 12:34:00,2024-09-02 07:50:15,2024-09-03 07:46:06,43.27,67.2,Yes,3,Neutral,Student needs help with course access issue.
1237,SFS2025237,Alice Walker,student1237@sfsacademy.edu,Account & Login,High,Closed,Email,Agent John,2024-06-07 16:49:00,2024-06-07 23:32:22,2024-06-08 09:26:27,6.72,16.62,Yes,2,Negative,Student needs help with account & login issue.
1238,SFS2025238,Carlos Lewis,student1238@sfsacademy.edu,Account & Login,Low,Closed,Phone,Agent Sara,2024-08-15 09:32:00,2024-08-16 19:28:28,2024-08-19 14:48:18,33.94,101.27,Yes,2,Negative,Student needs help with account & login issue.
1239,SFS2025239,Yara Thomas,student1239@sfsacademy.edu,Course Access,Low,Closed,Email,Agent Priya,2024-05-30 10:02:00,2024-05-30 21:54:11,2024-06-01 21:05:48,11.87,59.06,Yes,1,Negative,Student needs help with course access issue.
1240,SFS2025240,Frank Anderson,student1240@sfsacademy.edu,General Inquiry,Medium,Closed,Chat,Agent Mike,2025-01-30 14:02:00,2025-01-31 13:24:41,2025-02-02 10:58:10,23.38,68.94,Yes,1,Negative,Student needs help with general inquiry issue.
1241,SFS2025241,Iris Clark,student1241@sfsacademy.edu,Account & Login,Low,Closed,Phone,Agent Sara,2024-03-08 17:36:00,2024-03-10 06:20:56,2024-03-10 17:27:00,36.75,47.85,No,4,Positive,Student needs help with account & login issue.
1242,SFS2025242,Eve Taylor,student1242@sfsacademy.edu,Exam & Assessment,Low,Closed,Chat,Agent Ravi,2024-10-12 14:04:00,2024-10-13 19:31:22,2024-10-14 19:37:47,29.46,53.56,Yes,3,Neutral,Student needs help with exam & assessment issue.
1243,SFS2025243,Sam Clark,student1243@sfsacademy.edu,General Inquiry,Medium,Closed,Phone,Agent Tom,2024-01-13 10:05:00,2024-01-14 00:06:26,2024-01-15 22:44:16,14.02,60.65,Yes,2,Negative,Student needs help with general inquiry issue.
1244,SFS2025244,David Walker,student1244@sfsacademy.edu,Payment & Billing,Low,Open,Email,Agent Nadia,2024-02-29 16:02:00,2024-03-01 13:45:59,,21.73,,No,,Neutral,Student needs help with payment & billing issue.
1245,SFS2025245,Paul Lee,student1245@sfsacademy.edu,Payment & Billing,Medium,Closed,Portal,Agent Tom,2024-12-06 12:37:00,2024-12-07 13:28:16,2024-12-09 04:07:43,24.85,63.51,Yes,1,Negative,Student needs help with payment & billing issue.
1246,SFS2025246,Paul Walker,student1246@sfsacademy.edu,Course Access,Low,Closed,Portal,Agent Priya,2024-09-02 11:06:00,2024-09-04 12:34:58,2024-09-05 03:23:46,49.48,64.3,Yes,3,Neutral,Student needs help with course access issue.
1247,SFS2025247,Bob Garcia,student1247@sfsacademy.edu,Exam & Assessment,Low,Pending Student Response,Phone,Agent Mike,2024-02-07 17:10:00,2024-02-08 16:52:17,,23.7,,No,,Negative,Student needs help with exam & assessment issue.
1248,SFS2025248,Xander Anderson,student1248@sfsacademy.edu,Exam & Assessment,Low,Pending Student Response,Chat,Agent Nadia,2025-02-03 14:01:00,2025-02-05 01:08:39,,35.13,,No,,Neutral,Student needs help with exam & assessment issue.
1249,SFS2025249,Noah Brown,student1249@sfsacademy.edu,Payment & Billing,Medium,Closed,Phone,Agent Mike,2024-09-02 17:50:00,2024-09-03 08:24:07,2024-09-03 12:55:47,14.57,19.1,No,4,Positive,Student needs help with payment & billing issue.
1250,SFS2025250,Uma Garcia,student1250@sfsacademy.edu,Technical Issue,High,Open,Phone,Agent Tom,2024-10-14 09:45:00,2024-10-14 13:49:43,,4.08,,No,,Negative,Student needs help with technical issue issue.
1251,SFS2025251,Rose Young,student1251@sfsacademy.edu,General Inquiry,Medium,Closed,Chat,Agent Ravi,2024-06-04 16:38:00,2024-06-05 14:34:05,2024-06-07 07:01:30,21.93,62.39,Yes,2,Negative,Student needs help with general inquiry issue.
1252,SFS2025252,Uma Harris,student1252@sfsacademy.edu,Course Access,Medium,Closed,Phone,Agent Ravi,2024-11-02 18:50:00,2024-11-03 10:24:35,2024-11-04 16:22:44,15.58,45.55,Yes,1,Negative,Student needs help with course access issue.
1253,SFS2025253,Quinn Clark,student1253@sfsacademy.edu,Exam & Assessment,Medium,Closed,Portal,Agent Mike,2024-05-18 12:38:00,2024-05-18 22:59:46,2024-05-19 14:23:40,10.36,25.76,Yes,3,Neutral,Student needs help with exam & assessment issue.
1254,SFS2025254,Karen Jackson,student1254@sfsacademy.edu,Payment & Billing,Medium,Closed,Portal,Agent Lisa,2024-05-22 12:38:00,2024-05-23 08:34:42,2024-05-24 02:34:05,19.95,37.93,Yes,2,Negative,Student needs help with payment & billing issue.
1255,SFS2025255,Frank Lee,student1255@sfsacademy.edu,Library Access,Medium,Open,Portal,Agent Mike,2025-02-12 15:37:00,2025-02-13 09:02:37,,17.43,,No,,Negative,Student needs help with library access issue.
1256,SFS2025256,Mia Hall,student1256@sfsacademy.edu,General Inquiry,Medium,Closed,Portal,Agent Tom,2024-07-10 11:25:00,2024-07-10 19:07:31,2024-07-10 23:30:42,7.71,12.1,No,3,Neutral,Student needs help with general inquiry issue.
1257,SFS2025257,Grace Harris,student1257@sfsacademy.edu,General Inquiry,Low,In Progress,Phone,Agent Ravi,2024-07-20 08:04:00,2024-07-21 13:45:05,,29.68,,No,,Negative,Student needs help with general inquiry issue.
1258,SFS2025258,Yara Johnson,student1258@sfsacademy.edu,General Inquiry,Critical,Closed,Chat,Agent Nadia,2024-01-27 14:40:00,2024-01-27 15:45:41,2024-01-27 17:10:50,1.09,2.51,Yes,1,Negative,Student needs help with general inquiry issue.
1259,SFS2025259,Alice Taylor,student1259@sfsacademy.edu,Payment & Billing,Low,Closed,Chat,Agent John,2024-01-22 09:17:00,2024-01-22 21:28:57,2024-01-26 11:09:26,12.2,97.87,Yes,2,Negative,Student needs help with payment & billing issue.
1260,SFS2025260,Alice Hall,student1260@sfsacademy.edu,Enrollment,Low,Closed,Phone,Agent Mike,2024-06-21 17:46:00,2024-06-23 23:14:49,2024-06-25 09:50:03,53.48,88.07,Yes,1,Negative,Student needs help with enrollment issue.
1261,SFS2025261,Sam Young,student1261@sfsacademy.edu,Account & Login,Low,Pending Student Response,Email,Agent Mike,2024-10-26 13:48:00,2024-10-28 20:48:01,,55.0,,No,,Neutral,Student needs help with account & login issue.
1262,SFS2025262,Diana White,student1262@sfsacademy.edu,Enrollment,Low,Pending Student Response,Chat,Agent Mike,2024-05-18 15:07:00,2024-05-20 02:25:30,,35.31,,No,,Neutral,Student needs help with enrollment issue.
1263,SFS2025263,Olivia Lewis,student1263@sfsacademy.edu,Account & Login,Low,Closed,Portal,Agent Ravi,2024-05-23 09:00:00,2024-05-23 22:45:27,2024-05-27 08:14:57,13.76,95.25,Yes,2,Negative,Student needs help with account & login issue.
1264,SFS2025264,Alice Lee,student1264@sfsacademy.edu,Library Access,Medium,Closed,Chat,Agent Mike,2024-03-17 14:54:00,2024-03-18 03:45:25,2024-03-19 21:53:20,12.86,54.99,Yes,2,Negative,Student needs help with library access issue.
1265,SFS2025265,Zoe Robinson,student1265@sfsacademy.edu,Exam & Assessment,High,Closed,Email,Agent Priya,2024-09-16 17:24:00,2024-09-16 23:22:07,2024-09-17 10:51:09,5.97,17.45,Yes,2,Negative,Student needs help with exam & assessment issue.
1266,SFS2025266,Diana Allen,student1266@sfsacademy.edu,Library Access,Medium,Closed,Chat,Agent Mike,2024-04-16 11:20:00,2024-04-17 04:49:32,2024-04-18 03:54:07,17.49,40.57,Yes,1,Negative,Student needs help with library access issue.
1267,SFS2025267,Paul Clark,student1267@sfsacademy.edu,Technical Issue,Low,Pending Student Response,Phone,Agent Nadia,2024-05-04 18:44:00,2024-05-05 15:45:43,,21.03,,No,,Neutral,Student needs help with technical issue issue.
1268,SFS2025268,Frank White,student1268@sfsacademy.edu,Exam & Assessment,Medium,Closed,Phone,Agent Mike,2025-01-05 15:58:00,2025-01-06 02:50:28,2025-01-08 02:42:17,10.87,58.74,Yes,2,Negative,Student needs help with exam & assessment issue.
1269,SFS2025269,Carol Thomas,student1269@sfsacademy.edu,Technical Issue,Medium,Pending Student Response,Phone,Agent Nadia,2024-10-26 18:33:00,2024-10-26 20:24:28,,1.86,,No,,Neutral,Student needs help with technical issue issue.
1270,SFS2025270,Diana Thomas,student1270@sfsacademy.edu,Library Access,Medium,Closed,Portal,Agent Ravi,2024-02-17 17:44:00,2024-02-18 02:31:46,2024-02-19 19:52:44,8.8,50.15,Yes,1,Negative,Student needs help with library access issue.
1271,SFS2025271,Noah Thomas,student1271@sfsacademy.edu,Course Access,Low,Open,Portal,Agent Sara,2024-04-27 14:19:00,2024-04-28 07:16:31,,16.96,,No,,Negative,Student needs help with course access issue.
1272,SFS2025272,Yara Lewis,student1272@sfsacademy.edu,Course Access,Critical,Closed,Email,Agent John,2024-04-30 08:51:00,2024-04-30 09:51:40,2024-04-30 13:12:38,1.01,4.36,Yes,2,Negative,Student needs help with course access issue.
1273,SFS2025273,Aiden Smith,student1273@sfsacademy.edu,Payment & Billing,Low,Closed,Email,Agent Mike,2024-10-10 13:46:00,2024-10-11 08:51:05,2024-10-12 02:10:18,19.08,36.41,No,4,Positive,Student needs help with payment & billing issue.
1274,SFS2025274,Bella Young,student1274@sfsacademy.edu,Technical Issue,Low,Open,Portal,Agent Ravi,2024-09-13 16:57:00,2024-09-15 17:47:14,,48.84,,No,,Neutral,Student needs help with technical issue issue.
1275,SFS2025275,Mia Anderson,student1275@sfsacademy.edu,Payment & Billing,Low,Closed,Portal,Agent John,2024-07-07 17:50:00,2024-07-08 03:35:18,2024-07-10 14:09:34,9.76,68.33,Yes,1,Negative,Student needs help with payment & billing issue.
1276,SFS2025276,Tina Allen,student1276@sfsacademy.edu,Account & Login,Medium,Closed,Chat,Agent Nadia,2024-01-01 12:29:00,2024-01-02 16:12:39,2024-01-04 13:32:43,27.73,73.06,Yes,2,Negative,Student needs help with account & login issue.
1277,SFS2025277,Carol Young,student1277@sfsacademy.edu,Payment & Billing,Low,In Progress,Portal,Agent Ravi,2025-01-02 14:48:00,2025-01-04 13:15:22,,46.46,,No,,Neutral,Student needs help with payment & billing issue.
1278,SFS2025278,Grace Clark,student1278@sfsacademy.edu,Account & Login,Medium,Closed,Phone,Agent Lisa,2024-07-07 12:07:00,2024-07-07 13:17:32,2024-07-08 13:11:30,1.18,25.08,Yes,3,Neutral,Student needs help with account & login issue.
1279,SFS2025279,Carlos White,student1279@sfsacademy.edu,Payment & Billing,Low,Pending Student Response,Chat,Agent Lisa,2025-01-31 18:48:00,2025-02-01 09:15:37,,14.46,,No,,Neutral,Student needs help with payment & billing issue.
1280,SFS2025280,Henry Anderson,student1280@sfsacademy.edu,Exam & Assessment,Medium,Pending Student Response,Chat,Agent Mike,2024-08-12 12:31:00,2024-08-12 16:42:26,,4.19,,No,,Neutral,Student needs help with exam & assessment issue.
1281,SFS2025281,Paul Johnson,student1281@sfsacademy.edu,Account & Login,Medium,Closed,Email,Agent Nadia,2024-11-23 09:18:00,2024-11-24 02:43:48,2024-11-24 20:24:16,17.43,35.1,Yes,2,Negative,Student needs help with account & login issue.
1282,SFS2025282,Alice Walker,student1282@sfsacademy.edu,Payment & Billing,Medium,Closed,Email,Agent Sara,2024-09-02 09:22:00,2024-09-02 13:59:48,2024-09-04 00:25:07,4.63,39.05,Yes,1,Negative,Student needs help with payment & billing issue.
1283,SFS2025283,Quinn Allen,student1283@sfsacademy.edu,Exam & Assessment,Medium,Closed,Phone,Agent Ravi,2024-04-21 18:33:00,2024-04-22 12:38:46,2024-04-23 03:02:15,18.1,32.49,Yes,1,Negative,Student needs help with exam & assessment issue.
1284,SFS2025284,Karen Lewis,student1284@sfsacademy.edu,Technical Issue,Medium,Pending Student Response,Portal,Agent John,2024-03-04 15:48:00,2024-03-05 18:42:08,,26.9,,No,,Negative,Student needs help with technical issue issue.
1285,SFS2025285,Bob Johnson,student1285@sfsacademy.edu,Enrollment,Low,Pending Student Response,Chat,Agent John,2025-01-09 18:17:00,2025-01-10 10:31:45,,16.25,,No,,Neutral,Student needs help with enrollment issue.
1286,SFS2025286,Alice Brown,student1286@sfsacademy.edu,Account & Login,Low,Closed,Chat,Agent Priya,2024-06-04 08:08:00,2024-06-05 15:52:12,2024-06-06 17:06:33,31.74,56.98,Yes,3,Neutral,Student needs help with account & login issue.
1287,SFS2025287,David Brown,student1287@sfsacademy.edu,Enrollment,High,Pending Student Response,Portal,Agent Ravi,2024-03-24 08:16:00,2024-03-24 17:10:57,,8.92,,No,,Negative,Student needs help with enrollment issue.
1288,SFS2025288,Xander Garcia,student1288@sfsacademy.edu,Exam & Assessment,High,Closed,Phone,Agent Ravi,2024-12-08 15:51:00,2024-12-08 21:36:03,2024-12-09 06:49:11,5.75,14.97,Yes,3,Neutral,Student needs help with exam & assessment issue.
1289,SFS2025289,Quinn Martin,student1289@sfsacademy.edu,Library Access,Medium,Closed,Portal,Agent Mike,2024-11-19 18:20:00,2024-11-20 17:53:45,2024-11-21 15:17:16,23.56,44.95,Yes,1,Negative,Student needs help with library access issue.
1290,SFS2025290,Henry Lewis,student1290@sfsacademy.edu,Library Access,Critical,Closed,Portal,Agent John,2024-09-12 14:03:00,2024-09-12 15:36:16,2024-09-12 19:08:16,1.55,5.09,Yes,1,Negative,Student needs help with library access issue.
1291,SFS2025291,Diana Brown,student1291@sfsacademy.edu,Account & Login,Medium,Closed,Phone,Agent Nadia,2024-03-19 09:44:00,2024-03-19 18:41:50,2024-03-20 07:05:40,8.96,21.36,No,5,Positive,Student needs help with account & login issue.
1292,SFS2025292,David Martin,student1292@sfsacademy.edu,Account & Login,High,Closed,Chat,Agent Priya,2025-01-31 13:59:00,2025-01-31 18:47:21,2025-01-31 20:14:53,4.81,6.26,No,5,Positive,Student needs help with account & login issue.
1293,SFS2025293,Jack White,student1293@sfsacademy.edu,Account & Login,Critical,In Progress,Chat,Agent Mike,2024-04-30 15:56:00,2024-04-30 17:15:01,,1.32,,No,,Neutral,Student needs help with account & login issue.
1294,SFS2025294,Rose Clark,student1294@sfsacademy.edu,Account & Login,Low,Closed,Email,Agent John,2024-11-08 10:21:00,2024-11-08 15:32:15,2024-11-11 20:10:33,5.19,81.83,Yes,1,Negative,Student needs help with account & login issue.
1295,SFS2025295,Eve Martin,student1295@sfsacademy.edu,Payment & Billing,Critical,Pending Student Response,Email,Agent Sara,2024-09-09 09:59:00,2024-09-09 11:22:43,,1.4,,No,,Neutral,Student needs help with payment & billing issue.
1296,SFS2025296,Sam Brown,student1296@sfsacademy.edu,Course Access,Critical,Closed,Portal,Agent Sara,2024-07-06 18:43:00,2024-07-06 20:54:47,2024-07-06 22:54:12,2.2,4.19,Yes,1,Negative,Student needs help with course access issue.
1297,SFS2025297,Tina Walker,student1297@sfsacademy.edu,Payment & Billing,High,Open,Chat,Agent Nadia,2024-01-21 17:00:00,2024-01-21 18:28:42,,1.48,,No,,Negative,Student needs help with payment & billing issue.
1298,SFS2025298,Mia Garcia,student1298@sfsacademy.edu,Library Access,Low,Closed,Email,Agent Priya,2024-02-06 17:18:00,2024-02-07 22:08:43,2024-02-08 20:24:20,28.85,51.11,Yes,1,Negative,Student needs help with library access issue.
1299,SFS2025299,Bella Martin,student1299@sfsacademy.edu,Library Access,Medium,Closed,Chat,Agent Lisa,2024-12-06 10:44:00,2024-12-06 23:03:42,2024-12-08 19:47:42,12.33,57.06,Yes,3,Neutral,Student needs help with library access issue.
1300,SFS2025300,Eve Taylor,student1300@sfsacademy.edu,Payment & Billing,Low,Open,Email,Agent Sara,2024-12-07 13:13:00,2024-12-07 17:04:16,,3.85,,No,,Neutral,Student needs help with payment & billing issue.
1301,SFS2025301,Uma Hall,student1301@sfsacademy.edu,Exam & Assessment,High,Closed,Portal,Agent Tom,2024-08-17 10:09:00,2024-08-17 17:11:22,2024-08-18 00:43:10,7.04,14.57,Yes,1,Negative,Student needs help with exam & assessment issue.
1302,SFS2025302,Bob Harris,student1302@sfsacademy.edu,General Inquiry,Critical,Closed,Phone,Agent Sara,2025-01-08 17:19:00,2025-01-08 18:06:50,2025-01-08 19:41:18,0.8,2.37,Yes,1,Negative,Student needs help with general inquiry issue.
1303,SFS2025303,Noah Garcia,student1303@sfsacademy.edu,Account & Login,Medium,Closed,Chat,Agent Tom,2024-07-18 10:52:00,2024-07-18 15:07:40,2024-07-19 07:29:33,4.26,20.63,No,5,Positive,Student needs help with account & login issue.
1304,SFS2025304,Eve Johnson,student1304@sfsacademy.edu,Payment & Billing,Medium,Open,Chat,Agent Lisa,2025-01-19 17:55:00,2025-01-19 21:03:16,,3.14,,No,,Negative,Student needs help with payment & billing issue.
1305,SFS2025305,Uma Martinez,student1305@sfsacademy.edu,Enrollment,Medium,In Progress,Chat,Agent Priya,2024-03-12 11:32:00,2024-03-12 13:07:17,,1.59,,No,,Neutral,Student needs help with enrollment issue.
1306,SFS2025306,Xander Walker,student1306@sfsacademy.edu,Course Access,Medium,Closed,Portal,Agent Ravi,2024-12-30 13:51:00,2024-12-30 20:19:22,2024-12-31 12:57:05,6.47,23.1,No,5,Positive,Student needs help with course access issue.
1307,SFS2025307,Rose Lewis,student1307@sfsacademy.edu,Enrollment,High,In Progress,Email,Agent Nadia,2024-05-20 16:25:00,2024-05-20 21:03:24,,4.64,,No,,Negative,Student needs help with enrollment issue.
1308,SFS2025308,Henry Garcia,student1308@sfsacademy.edu,Course Access,Low,Closed,Chat,Agent Ravi,2024-01-23 12:21:00,2024-01-25 17:53:55,2024-01-29 09:44:19,53.55,141.39,Yes,2,Negative,Student needs help with course access issue.
1309,SFS2025309,Quinn White,student1309@sfsacademy.edu,Technical Issue,Low,Pending Student Response,Phone,Agent Mike,2024-10-29 11:28:00,2024-10-30 10:30:37,,23.04,,No,,Neutral,Student needs help with technical issue issue.
1310,SFS2025310,Rose Clark,student1310@sfsacademy.edu,Account & Login,Medium,Closed,Email,Agent Sara,2024-01-21 11:52:00,2024-01-22 11:04:27,2024-01-23 00:56:06,23.21,37.07,Yes,3,Neutral,Student needs help with account & login issue.
1311,SFS2025311,Rose Hall,student1311@sfsacademy.edu,Library Access,Critical,Pending Student Response,Chat,Agent Sara,2024-01-09 16:55:00,2024-01-09 19:17:43,,2.38,,No,,Neutral,Student needs help with library access issue.
1312,SFS2025312,Carol Garcia,student1312@sfsacademy.edu,Exam & Assessment,Low,In Progress,Portal,Agent Priya,2024-05-27 09:54:00,2024-05-27 11:12:41,,1.31,,No,,Negative,Student needs help with exam & assessment issue.
1313,SFS2025313,Frank Clark,student1313@sfsacademy.edu,Library Access,Low,Open,Phone,Agent Priya,2024-11-27 11:30:00,2024-11-29 02:21:37,,38.86,,No,,Negative,Student needs help with library access issue.
1314,SFS2025314,Bella Smith,student1314@sfsacademy.edu,Library Access,Low,In Progress,Email,Agent John,2024-04-14 10:23:00,2024-04-16 19:00:07,,56.62,,No,,Neutral,Student needs help with library access issue.
1315,SFS2025315,David Walker,student1315@sfsacademy.edu,Library Access,High,Pending Student Response,Email,Agent Priya,2024-05-02 09:49:00,2024-05-02 17:16:38,,7.46,,No,,Negative,Student needs help with library access issue.
1316,SFS2025316,Grace Hall,student1316@sfsacademy.edu,Library Access,Medium,Closed,Phone,Agent John,2025-01-27 16:29:00,2025-01-28 15:18:43,2025-01-29 08:54:51,22.83,40.43,Yes,2,Negative,Student needs help with library access issue.
1317,SFS2025317,Quinn Hall,student1317@sfsacademy.edu,Course Access,Critical,Pending Student Response,Portal,Agent John,2024-05-08 08:58:00,2024-05-08 09:44:37,,0.78,,No,,Neutral,Student needs help with course access issue.
1318,SFS2025318,Grace Thomas,student1318@sfsacademy.edu,Exam & Assessment,High,Closed,Chat,Agent Nadia,2024-04-09 15:59:00,2024-04-09 17:25:32,2024-04-10 02:06:43,1.44,10.13,Yes,3,Neutral,Student needs help with exam & assessment issue.
1319,SFS2025319,Leo Jackson,student1319@sfsacademy.edu,Course Access,Medium,Closed,Chat,Agent Mike,2024-04-07 17:40:00,2024-04-08 09:56:33,2024-04-09 08:27:42,16.28,38.8,Yes,2,Negative,Student needs help with course access issue.
1320,SFS2025320,Bella Lewis,student1320@sfsacademy.edu,Technical Issue,Low,Closed,Phone,Agent Tom,2024-01-22 08:28:00,2024-01-23 08:41:37,2024-01-26 17:15:28,24.23,104.79,Yes,3,Neutral,Student needs help with technical issue issue.
1321,SFS2025321,Karen Taylor,student1321@sfsacademy.edu,Course Access,Low,Closed,Chat,Agent Priya,2024-02-13 10:53:00,2024-02-14 15:36:37,2024-02-18 15:14:36,28.73,124.36,Yes,3,Neutral,Student needs help with course access issue.
1322,SFS2025322,Victor Anderson,student1322@sfsacademy.edu,Library Access,High,Closed,Phone,Agent Nadia,2024-11-15 08:50:00,2024-11-15 09:41:15,2024-11-15 12:17:10,0.85,3.45,No,5,Positive,Student needs help with library access issue.
1323,SFS2025323,Carol Lee,student1323@sfsacademy.edu,Exam & Assessment,Medium,Open,Email,Agent Nadia,2024-12-22 12:52:00,2024-12-23 16:57:46,,28.1,,No,,Negative,Student needs help with exam & assessment issue.
1324,SFS2025324,Leo Taylor,student1324@sfsacademy.edu,Exam & Assessment,Low,In Progress,Email,Agent Priya,2024-06-06 12:26:00,2024-06-08 14:34:55,,50.15,,No,,Neutral,Student needs help with exam & assessment issue.
1325,SFS2025325,Jack Hall,student1325@sfsacademy.edu,Payment & Billing,Medium,Pending Student Response,Email,Agent Mike,2024-02-18 12:49:00,2024-02-18 19:52:07,,7.05,,No,,Negative,Student needs help with payment & billing issue.
1326,SFS2025326,Jack Clark,student1326@sfsacademy.edu,Library Access,High,Pending Student Response,Email,Agent Lisa,2025-01-21 16:58:00,2025-01-22 01:36:50,,8.65,,No,,Neutral,Student needs help with library access issue.
1327,SFS2025327,Bob Lee,student1327@sfsacademy.edu,Course Access,Low,Open,Email,Agent John,2024-02-17 18:21:00,2024-02-18 00:56:59,,6.6,,No,,Negative,Student needs help with course access issue.
1328,SFS2025328,Bella Taylor,student1328@sfsacademy.edu,Enrollment,Medium,Closed,Phone,Agent John,2025-02-18 13:25:00,2025-02-18 18:40:54,2025-02-20 02:09:38,5.27,36.74,Yes,2,Negative,Student needs help with enrollment issue.
1329,SFS2025329,Sam Jackson,student1329@sfsacademy.edu,Payment & Billing,Low,Pending Student Response,Chat,Agent Mike,2024-11-18 08:30:00,2024-11-18 09:18:06,,0.8,,No,,Negative,Student needs help with payment & billing issue.
1330,SFS2025330,Diana Allen,student1330@sfsacademy.edu,Account & Login,Low,Closed,Phone,Agent Mike,2024-09-09 16:15:00,2024-09-10 12:24:27,2024-09-12 03:50:13,20.16,59.59,Yes,2,Negative,Student needs help with account & login issue.
1331,SFS2025331,Mia Allen,student1331@sfsacademy.edu,Account & Login,Medium,Pending Student Response,Chat,Agent Lisa,2024-05-27 12:15:00,2024-05-27 12:47:27,,0.54,,No,,Neutral,Student needs help with account & login issue.
1332,SFS2025332,Henry Johnson,student1332@sfsacademy.edu,Course Access,Low,Open,Portal,Agent Mike,2024-04-07 12:44:00,2024-04-09 05:50:07,,41.1,,No,,Neutral,Student needs help with course access issue.
1333,SFS2025333,Aiden Smith,student1333@sfsacademy.edu,Library Access,Medium,In Progress,Email,Agent John,2025-01-09 09:43:00,2025-01-10 04:39:50,,18.95,,No,,Neutral,Student needs help with library access issue.
1334,SFS2025334,Victor Walker,student1334@sfsacademy.edu,Course Access,Low,Open,Phone,Agent Tom,2024-07-30 09:21:00,2024-08-01 17:39:03,,56.3,,No,,Negative,Student needs help with course access issue.
1335,SFS2025335,Paul Lee,student1335@sfsacademy.edu,Payment & Billing,Medium,Pending Student Response,Chat,Agent Mike,2024-12-14 12:28:00,2024-12-14 22:57:41,,10.49,,No,,Neutral,Student needs help with payment & billing issue.
1336,SFS2025336,David Martin,student1336@sfsacademy.edu,Payment & Billing,Low,Closed,Email,Agent Sara,2024-05-20 14:03:00,2024-05-22 09:16:45,2024-05-24 12:05:09,43.23,94.04,Yes,1,Negative,Student needs help with payment & billing issue.
1337,SFS2025337,Olivia Jackson,student1337@sfsacademy.edu,General Inquiry,Low,Pending Student Response,Chat,Agent John,2024-03-13 12:17:00,2024-03-14 08:38:42,,20.36,,No,,Neutral,Student needs help with general inquiry issue.
1338,SFS2025338,Uma Lee,student1338@sfsacademy.edu,Payment & Billing,Medium,Closed,Portal,Agent Ravi,2024-12-18 12:53:00,2024-12-19 01:46:56,2024-12-19 09:03:22,12.9,20.17,No,5,Positive,Student needs help with payment & billing issue.
1339,SFS2025339,Iris Walker,student1339@sfsacademy.edu,Course Access,Medium,In Progress,Phone,Agent Lisa,2024-07-15 11:35:00,2024-07-16 02:51:24,,15.27,,No,,Neutral,Student needs help with course access issue.
1340,SFS2025340,Yara Hall,student1340@sfsacademy.edu,Course Access,Medium,Open,Phone,Agent Mike,2025-02-13 12:47:00,2025-02-13 20:25:03,,7.63,,No,,Neutral,Student needs help with course access issue.
1341,SFS2025341,Yara Hall,student1341@sfsacademy.edu,General Inquiry,Critical,In Progress,Portal,Agent Sara,2024-11-10 17:51:00,2024-11-10 20:10:16,,2.32,,No,,Negative,Student needs help with general inquiry issue.
1342,SFS2025342,Sam Jackson,student1342@sfsacademy.edu,Course Access,Low,Open,Chat,Agent Lisa,2024-08-02 17:21:00,2024-08-03 08:11:30,,14.84,,No,,Negative,Student needs help with course access issue.
1343,SFS2025343,Bob Garcia,student1343@sfsacademy.edu,Exam & Assessment,High,Closed,Chat,Agent John,2024-11-17 14:42:00,2024-11-17 19:29:37,2024-11-17 23:26:16,4.79,8.74,Yes,1,Negative,Student needs help with exam & assessment issue.
1344,SFS2025344,Henry Clark,student1344@sfsacademy.edu,Enrollment,Low,Closed,Email,Agent Nadia,2024-07-01 15:48:00,2024-07-03 07:41:00,2024-07-03 18:29:12,39.88,50.69,Yes,3,Neutral,Student needs help with enrollment issue.
1345,SFS2025345,Xander Jackson,student1345@sfsacademy.edu,Course Access,Medium,In Progress,Chat,Agent John,2024-01-23 11:29:00,2024-01-24 08:18:53,,20.83,,No,,Neutral,Student needs help with course access issue.
1346,SFS2025346,Carlos Jackson,student1346@sfsacademy.edu,Account & Login,Low,Open,Phone,Agent John,2024-04-21 13:06:00,2024-04-23 02:18:59,,37.22,,No,,Negative,Student needs help with account & login issue.
1347,SFS2025347,Rose Thomas,student1347@sfsacademy.edu,Library Access,Low,Open,Email,Agent Mike,2024-02-17 13:59:00,2024-02-18 17:39:49,,27.68,,No,,Negative,Student needs help with library access issue.
1348,SFS2025348,Diana Allen,student1348@sfsacademy.edu,Enrollment,High,Pending Student Response,Phone,Agent Nadia,2024-12-02 08:59:00,2024-12-02 10:23:39,,1.41,,No,,Neutral,Student needs help with enrollment issue.
1349,SFS2025349,Victor Harris,student1349@sfsacademy.edu,General Inquiry,Medium,In Progress,Email,Agent Priya,2024-05-22 08:27:00,2024-05-23 05:51:39,,21.41,,No,,Neutral,Student needs help with general inquiry issue.
1350,SFS2025350,Olivia Johnson,student1350@sfsacademy.edu,Payment & Billing,Low,Pending Student Response,Portal,Agent Mike,2024-04-08 10:52:00,2024-04-08 22:39:07,,11.79,,No,,Negative,Student needs help with payment & billing issue.
1351,SFS2025351,Eve Brown,student1351@sfsacademy.edu,Enrollment,Medium,Open,Phone,Agent Tom,2024-12-04 15:14:00,2024-12-05 15:21:23,,24.12,,No,,Negative,Student needs help with enrollment issue.
1352,SFS2025352,Noah Taylor,student1352@sfsacademy.edu,Payment & Billing,Low,Closed,Email,Agent Nadia,2024-03-22 15:24:00,2024-03-22 20:44:37,2024-03-23 12:42:33,5.34,21.31,No,3,Neutral,Student needs help with payment & billing issue.
1353,SFS2025353,Grace Lewis,student1353@sfsacademy.edu,Exam & Assessment,High,Closed,Portal,Agent Ravi,2024-08-10 11:44:00,2024-08-10 19:46:30,2024-08-11 05:41:21,8.04,17.96,Yes,2,Negative,Student needs help with exam & assessment issue.
1354,SFS2025354,Grace Robinson,student1354@sfsacademy.edu,Exam & Assessment,High,Closed,Portal,Agent Lisa,2024-08-05 10:39:00,2024-08-05 19:34:42,2024-08-06 08:33:11,8.93,21.9,Yes,3,Neutral,Student needs help with exam & assessment issue.
1355,SFS2025355,Rose Lee,student1355@sfsacademy.edu,Course Access,Medium,In Progress,Email,Agent Priya,2024-05-31 14:49:00,2024-05-31 21:49:05,,7.0,,No,,Neutral,Student needs help with course access issue.
1356,SFS2025356,Diana Johnson,student1356@sfsacademy.edu,Technical Issue,High,Pending Student Response,Portal,Agent Priya,2024-07-21 18:37:00,2024-07-22 02:23:13,,7.77,,No,,Neutral,Student needs help with technical issue issue.
1357,SFS2025357,Frank Johnson,student1357@sfsacademy.edu,Course Access,High,Closed,Email,Agent Tom,2024-09-17 17:34:00,2024-09-17 20:25:46,2024-09-18 02:24:38,2.86,8.84,Yes,1,Negative,Student needs help with course access issue.
1358,SFS2025358,Noah Hall,student1358@sfsacademy.edu,Enrollment,High,Open,Portal,Agent John,2024-08-06 15:54:00,2024-08-06 22:05:09,,6.19,,No,,Neutral,Student needs help with enrollment issue.
1359,SFS2025359,Wendy Smith,student1359@sfsacademy.edu,Exam & Assessment,Low,Closed,Email,Agent Sara,2024-02-11 13:29:00,2024-02-13 09:41:31,2024-02-16 12:47:48,44.21,119.31,Yes,3,Neutral,Student needs help with exam & assessment issue.
1360,SFS2025360,Olivia Hall,student1360@sfsacademy.edu,Course Access,Medium,Pending Student Response,Portal,Agent John,2025-02-18 08:05:00,2025-02-18 22:11:21,,14.11,,No,,Neutral,Student needs help with course access issue.
1361,SFS2025361,Zoe Walker,student1361@sfsacademy.edu,Technical Issue,High,Pending Student Response,Phone,Agent Priya,2024-11-27 13:03:00,2024-11-27 16:23:48,,3.35,,No,,Neutral,Student needs help with technical issue issue.
1362,SFS2025362,Eve Thomas,student1362@sfsacademy.edu,Payment & Billing,Low,Open,Phone,Agent Ravi,2024-11-26 12:48:00,2024-11-27 17:20:38,,28.54,,No,,Neutral,Student needs help with payment & billing issue.
1363,SFS2025363,Alice Johnson,student1363@sfsacademy.edu,Account & Login,Medium,Open,Email,Agent Ravi,2025-02-26 12:32:00,2025-02-27 03:23:07,,14.85,,No,,Negative,Student needs help with account & login issue.
1364,SFS2025364,Quinn Anderson,student1364@sfsacademy.edu,Account & Login,Medium,Pending Student Response,Phone,Agent Tom,2024-11-02 08:00:00,2024-11-02 11:00:35,,3.01,,No,,Negative,Student needs help with account & login issue.
1365,SFS2025365,Frank Allen,student1365@sfsacademy.edu,Library Access,Low,Closed,Phone,Agent Mike,2024-07-26 14:36:00,2024-07-27 12:12:08,2024-07-27 17:51:25,21.6,27.26,No,4,Positive,Student needs help with library access issue.
1366,SFS2025366,Olivia Young,student1366@sfsacademy.edu,Technical Issue,High,Closed,Portal,Agent Nadia,2024-07-11 08:35:00,2024-07-11 11:16:15,2024-07-11 21:18:08,2.69,12.72,Yes,2,Negative,Student needs help with technical issue issue.
1367,SFS2025367,Bella Robinson,student1367@sfsacademy.edu,Payment & Billing,Medium,Closed,Email,Agent Priya,2024-06-30 08:49:00,2024-06-30 11:02:05,2024-07-02 01:43:42,2.22,40.91,Yes,3,Neutral,Student needs help with payment & billing issue.
1368,SFS2025368,Rose Lee,student1368@sfsacademy.edu,Technical Issue,High,In Progress,Phone,Agent Lisa,2024-05-09 16:07:00,2024-05-10 01:22:20,,9.26,,No,,Neutral,Student needs help with technical issue issue.
1369,SFS2025369,Victor Brown,student1369@sfsacademy.edu,Enrollment,Low,Pending Student Response,Chat,Agent John,2024-09-12 11:33:00,2024-09-13 03:20:28,,15.79,,No,,Neutral,Student needs help with enrollment issue.
1370,SFS2025370,Carlos Clark,student1370@sfsacademy.edu,Library Access,Medium,Pending Student Response,Phone,Agent Nadia,2024-03-13 14:39:00,2024-03-13 19:38:17,,4.99,,No,,Neutral,Student needs help with library access issue.
1371,SFS2025371,Carol Lewis,student1371@sfsacademy.edu,Account & Login,High,Pending Student Response,Email,Agent Mike,2025-01-22 10:23:00,2025-01-22 13:42:02,,3.32,,No,,Negative,Student needs help with account & login issue.
1372,SFS2025372,Mia White,student1372@sfsacademy.edu,Payment & Billing,Critical,Closed,Phone,Agent Tom,2024-01-21 14:18:00,2024-01-21 16:14:22,2024-01-21 19:50:18,1.94,5.54,Yes,1,Negative,Student needs help with payment & billing issue.
1373,SFS2025373,Zoe Harris,student1373@sfsacademy.edu,Library Access,Medium,Closed,Email,Agent Mike,2025-01-04 18:23:00,2025-01-05 13:48:23,2025-01-06 12:53:19,19.42,42.51,Yes,2,Negative,Student needs help with library access issue.
1374,SFS2025374,Frank Harris,student1374@sfsacademy.edu,Technical Issue,Critical,Closed,Email,Agent Mike,2024-05-28 16:36:00,2024-05-28 17:47:59,2024-05-28 20:28:05,1.2,3.87,Yes,2,Negative,Student needs help with technical issue issue.
1375,SFS2025375,Henry Jackson,student1375@sfsacademy.edu,Exam & Assessment,Medium,Closed,Phone,Agent Sara,2024-06-18 10:29:00,2024-06-19 06:25:13,2024-06-19 10:07:26,19.94,23.64,No,5,Positive,Student needs help with exam & assessment issue.
1376,SFS2025376,Zoe Anderson,student1376@sfsacademy.edu,Library Access,High,Open,Email,Agent Tom,2024-04-20 11:48:00,2024-04-20 15:53:31,,4.09,,No,,Neutral,Student needs help with library access issue.
1377,SFS2025377,Uma Jackson,student1377@sfsacademy.edu,General Inquiry,Low,Closed,Email,Agent John,2025-02-16 09:05:00,2025-02-17 20:12:43,2025-02-18 16:04:50,35.13,55.0,Yes,2,Negative,Student needs help with general inquiry issue.
1378,SFS2025378,Diana Young,student1378@sfsacademy.edu,Enrollment,Medium,Closed,Chat,Agent Sara,2024-09-09 11:08:00,2024-09-10 11:49:28,2024-09-11 22:49:21,24.69,59.69,Yes,3,Neutral,Student needs help with enrollment issue.
1379,SFS2025379,Xander Walker,student1379@sfsacademy.edu,Account & Login,High,Closed,Chat,Agent John,2025-01-24 16:31:00,2025-01-25 01:45:33,2025-01-25 15:38:06,9.24,23.12,Yes,3,Neutral,Student needs help with account & login issue.
1380,SFS2025380,Rose Anderson,student1380@sfsacademy.edu,Technical Issue,Low,Pending Student Response,Phone,Agent John,2024-01-05 08:58:00,2024-01-07 05:55:35,,44.96,,No,,Neutral,Student needs help with technical issue issue.
1381,SFS2025381,David Clark,student1381@sfsacademy.edu,Exam & Assessment,Low,Closed,Chat,Agent Ravi,2024-11-01 16:59:00,2024-11-02 08:33:04,2024-11-03 12:29:52,15.57,43.51,No,5,Positive,Student needs help with exam & assessment issue.
1382,SFS2025382,Bella Walker,student1382@sfsacademy.edu,Exam & Assessment,Low,Closed,Email,Agent Priya,2024-01-02 17:43:00,2024-01-02 22:34:14,2024-01-05 08:55:16,4.85,63.2,Yes,3,Neutral,Student needs help with exam & assessment issue.
1383,SFS2025383,Noah Jackson,student1383@sfsacademy.edu,Enrollment,Low,Closed,Chat,Agent Nadia,2024-11-23 17:18:00,2024-11-24 13:22:56,2024-11-24 16:53:17,20.08,23.59,No,3,Neutral,Student needs help with enrollment issue.
1384,SFS2025384,Iris Johnson,student1384@sfsacademy.edu,Course Access,Medium,Closed,Chat,Agent Mike,2024-03-28 10:13:00,2024-03-28 18:29:59,2024-03-29 11:22:16,8.28,25.15,Yes,1,Negative,Student needs help with course access issue.
1385,SFS2025385,Mia Clark,student1385@sfsacademy.edu,Technical Issue,Medium,Closed,Email,Agent Tom,2024-12-22 12:08:00,2024-12-23 10:39:04,2024-12-24 03:30:48,22.52,39.38,Yes,2,Negative,Student needs help with technical issue issue.
1386,SFS2025386,Bella Johnson,student1386@sfsacademy.edu,Payment & Billing,Medium,Open,Email,Agent Nadia,2024-08-10 08:33:00,2024-08-11 11:37:09,,27.07,,No,,Neutral,Student needs help with payment & billing issue.
1387,SFS2025387,Carol Garcia,student1387@sfsacademy.edu,Course Access,Medium,Pending Student Response,Chat,Agent Sara,2024-09-23 11:23:00,2024-09-23 16:14:28,,4.86,,No,,Negative,Student needs help with course access issue.
1388,SFS2025388,Quinn Hall,student1388@sfsacademy.edu,Library Access,Critical,Pending Student Response,Phone,Agent Tom,2025-01-16 11:06:00,2025-01-16 11:41:56,,0.6,,No,,Negative,Student needs help with library access issue.
1389,SFS2025389,Jack Johnson,student1389@sfsacademy.edu,General Inquiry,Low,Closed,Portal,Agent Nadia,2024-04-03 14:36:00,2024-04-05 02:34:09,2024-04-09 01:02:30,35.97,130.44,Yes,3,Neutral,Student needs help with general inquiry issue.
1390,SFS2025390,Bella Hall,student1390@sfsacademy.edu,General Inquiry,High,Open,Phone,Agent Mike,2024-02-29 11:19:00,2024-02-29 14:31:56,,3.22,,No,,Negative,Student needs help with general inquiry issue.
1391,SFS2025391,Alice Young,student1391@sfsacademy.edu,Exam & Assessment,Medium,Closed,Email,Agent John,2025-01-12 16:08:00,2025-01-12 19:32:00,2025-01-13 13:56:59,3.4,21.82,No,5,Positive,Student needs help with exam & assessment issue.
1392,SFS2025392,Olivia Harris,student1392@sfsacademy.edu,Course Access,Medium,Closed,Phone,Agent Lisa,2025-02-24 08:32:00,2025-02-25 01:16:48,2025-02-26 22:13:23,16.75,61.69,Yes,3,Neutral,Student needs help with course access issue.
1393,SFS2025393,Carol Walker,student1393@sfsacademy.edu,Account & Login,High,Pending Student Response,Phone,Agent Nadia,2024-10-25 10:25:00,2024-10-25 18:28:20,,8.06,,No,,Negative,Student needs help with account & login issue.
1394,SFS2025394,Carlos Martin,student1394@sfsacademy.edu,Enrollment,High,Closed,Phone,Agent Priya,2024-05-31 10:34:00,2024-05-31 16:12:40,2024-05-31 21:37:38,5.64,11.06,Yes,3,Neutral,Student needs help with enrollment issue.
1395,SFS2025395,Jack Anderson,student1395@sfsacademy.edu,Payment & Billing,Critical,Open,Email,Agent Mike,2024-10-18 17:50:00,2024-10-18 18:41:05,,0.85,,No,,Neutral,Student needs help with payment & billing issue.
1396,SFS2025396,Eve Robinson,student1396@sfsacademy.edu,Technical Issue,Medium,In Progress,Email,Agent Nadia,2025-02-01 14:25:00,2025-02-02 18:56:03,,28.52,,No,,Negative,Student needs help with technical issue issue.
1397,SFS2025397,Rose White,student1397@sfsacademy.edu,Technical Issue,High,In Progress,Portal,Agent Ravi,2024-11-23 09:29:00,2024-11-23 16:48:06,,7.32,,No,,Negative,Student needs help with technical issue issue.
1398,SFS2025398,Aiden Martin,student1398@sfsacademy.edu,Exam & Assessment,Medium,Closed,Portal,Agent Mike,2024-09-23 17:14:00,2024-09-24 12:20:01,2024-09-25 15:42:28,19.1,46.47,Yes,1,Negative,Student needs help with exam & assessment issue.
1399,SFS2025399,Eve Robinson,student1399@sfsacademy.edu,Course Access,Medium,Closed,Chat,Agent Priya,2025-02-27 08:57:00,2025-02-27 19:06:35,2025-02-28 21:55:29,10.16,36.97,Yes,3,Neutral,Student needs help with course access issue.
1400,SFS2025400,Diana Jackson,student1400@sfsacademy.edu,Library Access,Medium,Closed,Chat,Agent John,2024-10-29 13:34:00,2024-10-30 06:16:48,2024-10-30 23:28:54,16.71,33.92,Yes,2,Negative,Student needs help with library access issue.
1401,SFS2025401,Iris Jackson,student1401@sfsacademy.edu,Payment & Billing,High,Open,Phone,Agent Mike,2024-01-08 16:30:00,2024-01-08 22:12:02,,5.7,,No,,Neutral,Student needs help with payment & billing issue.
1402,SFS2025402,Yara White,student1402@sfsacademy.edu,Library Access,Medium,Closed,Email,Agent Lisa,2025-02-01 12:25:00,2025-02-02 13:06:10,2025-02-04 05:13:54,24.69,64.82,Yes,1,Negative,Student needs help with library access issue.
1403,SFS2025403,Mia Walker,student1403@sfsacademy.edu,Account & Login,High,Closed,Email,Agent Nadia,2024-01-01 08:42:00,2024-01-01 18:17:09,2024-01-01 21:02:15,9.59,12.34,Yes,3,Neutral,Student needs help with account & login issue.
1404,SFS2025404,Quinn Johnson,student1404@sfsacademy.edu,Exam & Assessment,Medium,Pending Student Response,Email,Agent Sara,2024-04-13 09:05:00,2024-04-14 12:20:11,,27.25,,No,,Negative,Student needs help with exam & assessment issue.
1405,SFS2025405,Quinn Jackson,student1405@sfsacademy.edu,Course Access,Low,Closed,Email,Agent Tom,2024-11-09 18:17:00,2024-11-10 20:39:26,2024-11-13 23:09:16,26.37,100.87,Yes,3,Neutral,Student needs help with course access issue.
1406,SFS2025406,Olivia Lewis,student1406@sfsacademy.edu,Exam & Assessment,Medium,Open,Phone,Agent Mike,2024-10-25 15:41:00,2024-10-25 23:49:39,,8.14,,No,,Negative,Student needs help with exam & assessment issue.
1407,SFS2025407,Victor Anderson,student1407@sfsacademy.edu,General Inquiry,Low,Pending Student Response,Chat,Agent Priya,2024-11-02 12:25:00,2024-11-04 08:28:55,,44.07,,No,,Negative,Student needs help with general inquiry issue.
1408,SFS2025408,Sam Young,student1408@sfsacademy.edu,General Inquiry,Low,Pending Student Response,Chat,Agent Ravi,2024-11-01 10:22:00,2024-11-03 15:34:30,,53.21,,No,,Neutral,Student needs help with general inquiry issue.
1409,SFS2025409,Eve Garcia,student1409@sfsacademy.edu,Library Access,Medium,Closed,Portal,Agent John,2024-02-04 12:01:00,2024-02-04 18:07:56,2024-02-05 16:27:51,6.12,28.45,Yes,1,Negative,Student needs help with library access issue.
1410,SFS2025410,Bella Thomas,student1410@sfsacademy.edu,Course Access,Medium,In Progress,Email,Agent Ravi,2024-07-02 10:12:00,2024-07-02 23:50:18,,13.64,,No,,Neutral,Student needs help with course access issue.
1411,SFS2025411,Eve Lewis,student1411@sfsacademy.edu,Course Access,Medium,Open,Chat,Agent Mike,2024-12-13 09:05:00,2024-12-13 16:19:04,,7.23,,No,,Negative,Student needs help with course access issue.
1412,SFS2025412,Iris Allen,student1412@sfsacademy.edu,Enrollment,Critical,Closed,Chat,Agent Mike,2024-09-10 16:36:00,2024-09-10 17:14:28,2024-09-10 20:14:41,0.64,3.64,Yes,1,Negative,Student needs help with enrollment issue.
1413,SFS2025413,Noah Harris,student1413@sfsacademy.edu,Account & Login,Medium,Open,Email,Agent Lisa,2024-01-26 10:55:00,2024-01-27 14:57:17,,28.04,,No,,Neutral,Student needs help with account & login issue.
1414,SFS2025414,Xander Lee,student1414@sfsacademy.edu,Course Access,Medium,Closed,Chat,Agent Nadia,2024-05-25 08:15:00,2024-05-25 23:52:02,2024-05-27 20:28:06,15.62,60.22,Yes,3,Neutral,Student needs help with course access issue.
1415,SFS2025415,David Jackson,student1415@sfsacademy.edu,Payment & Billing,Critical,Open,Chat,Agent John,2024-12-07 16:10:00,2024-12-07 18:21:56,,2.2,,No,,Neutral,Student needs help with payment & billing issue.
1416,SFS2025416,Bella White,student1416@sfsacademy.edu,Exam & Assessment,Critical,Open,Chat,Agent Ravi,2024-05-13 16:59:00,2024-05-13 17:55:39,,0.94,,No,,Negative,Student needs help with exam & assessment issue.
1417,SFS2025417,Sam Lewis,student1417@sfsacademy.edu,Payment & Billing,High,Pending Student Response,Chat,Agent Tom,2025-02-25 16:15:00,2025-02-25 17:00:55,,0.77,,No,,Neutral,Student needs help with payment & billing issue.
1418,SFS2025418,Paul White,student1418@sfsacademy.edu,Account & Login,High,Closed,Email,Agent Nadia,2025-01-13 08:31:00,2025-01-13 13:08:39,2025-01-14 00:38:45,4.63,16.13,Yes,2,Negative,Student needs help with account & login issue.
1419,SFS2025419,Carol Thomas,student1419@sfsacademy.edu,Technical Issue,High,Pending Student Response,Email,Agent Tom,2024-07-26 16:49:00,2024-07-26 20:44:21,,3.92,,No,,Neutral,Student needs help with technical issue issue.
1420,SFS2025420,Diana Taylor,student1420@sfsacademy.edu,Course Access,Medium,Closed,Phone,Agent Nadia,2024-04-02 11:40:00,2024-04-02 12:35:11,2024-04-03 05:20:01,0.92,17.67,No,5,Positive,Student needs help with course access issue.
1421,SFS2025421,Olivia Young,student1421@sfsacademy.edu,Payment & Billing,Medium,Pending Student Response,Portal,Agent John,2024-12-17 12:25:00,2024-12-17 22:10:54,,9.77,,No,,Negative,Student needs help with payment & billing issue.
1422,SFS2025422,Eve Johnson,student1422@sfsacademy.edu,Enrollment,Medium,Closed,Phone,Agent Nadia,2024-01-21 16:37:00,2024-01-22 15:17:07,2024-01-24 09:05:06,22.67,64.47,Yes,3,Neutral,Student needs help with enrollment issue.
1423,SFS2025423,Bella Young,student1423@sfsacademy.edu,Account & Login,Medium,Closed,Phone,Agent Lisa,2024-06-18 08:38:00,2024-06-19 03:28:56,2024-06-19 18:29:40,18.85,33.86,Yes,2,Negative,Student needs help with account & login issue.
1424,SFS2025424,Wendy Lewis,student1424@sfsacademy.edu,Exam & Assessment,Low,Open,Chat,Agent Ravi,2024-09-19 16:40:00,2024-09-22 00:07:17,,55.45,,No,,Neutral,Student needs help with exam & assessment issue.
1425,SFS2025425,Alice Young,student1425@sfsacademy.edu,Account & Login,Low,Pending Student Response,Chat,Agent Ravi,2024-02-16 13:59:00,2024-02-17 17:45:15,,27.77,,No,,Neutral,Student needs help with account & login issue.
1426,SFS2025426,Mia Hall,student1426@sfsacademy.edu,Course Access,High,In Progress,Chat,Agent Ravi,2024-08-19 12:24:00,2024-08-19 18:27:17,,6.05,,No,,Negative,Student needs help with course access issue.
1427,SFS2025427,Bob Hall,student1427@sfsacademy.edu,Payment & Billing,Critical,Closed,Phone,Agent Priya,2024-03-17 17:36:00,2024-03-17 19:04:50,2024-03-17 20:40:08,1.48,3.07,Yes,3,Neutral,Student needs help with payment & billing issue.
1428,SFS2025428,Bella Martinez,student1428@sfsacademy.edu,Enrollment,Low,Closed,Email,Agent Tom,2024-06-11 18:33:00,2024-06-13 10:45:47,2024-06-16 23:39:00,40.21,125.1,Yes,2,Negative,Student needs help with enrollment issue.
1429,SFS2025429,Frank Garcia,student1429@sfsacademy.edu,General Inquiry,High,Closed,Email,Agent Sara,2025-01-21 14:24:00,2025-01-21 21:01:27,2025-01-22 00:32:35,6.62,10.14,Yes,3,Neutral,Student needs help with general inquiry issue.
1430,SFS2025430,Frank White,student1430@sfsacademy.edu,General Inquiry,Low,Closed,Portal,Agent Nadia,2024-07-10 12:16:00,2024-07-10 20:46:51,2024-07-14 04:17:43,8.51,88.03,Yes,2,Negative,Student needs help with general inquiry issue.
1431,SFS2025431,Diana Allen,student1431@sfsacademy.edu,Library Access,Medium,Closed,Portal,Agent Nadia,2024-11-20 10:43:00,2024-11-21 11:43:57,2024-11-21 21:52:38,25.02,35.16,Yes,3,Neutral,Student needs help with library access issue.
1432,SFS2025432,Frank Garcia,student1432@sfsacademy.edu,Exam & Assessment,Low,Open,Phone,Agent Priya,2024-02-22 13:25:00,2024-02-24 07:10:00,,41.75,,No,,Negative,Student needs help with exam & assessment issue.
1433,SFS2025433,David White,student1433@sfsacademy.edu,Enrollment,Low,In Progress,Phone,Agent Mike,2024-07-18 10:36:00,2024-07-19 17:20:53,,30.75,,No,,Negative,Student needs help with enrollment issue.
1434,SFS2025434,Alice Young,student1434@sfsacademy.edu,Technical Issue,High,Closed,Phone,Agent Ravi,2024-09-15 09:35:00,2024-09-15 18:47:07,2024-09-16 10:01:44,9.2,24.45,Yes,2,Negative,Student needs help with technical issue issue.
1435,SFS2025435,Carlos Walker,student1435@sfsacademy.edu,Enrollment,Medium,Pending Student Response,Portal,Agent Sara,2024-06-13 15:49:00,2024-06-14 00:59:38,,9.18,,No,,Neutral,Student needs help with enrollment issue.
1436,SFS2025436,Sam White,student1436@sfsacademy.edu,General Inquiry,Critical,Open,Portal,Agent Ravi,2025-02-26 17:04:00,2025-02-26 17:39:20,,0.59,,No,,Negative,Student needs help with general inquiry issue.
1437,SFS2025437,Grace Taylor,student1437@sfsacademy.edu,Library Access,High,Closed,Phone,Agent John,2024-05-17 08:05:00,2024-05-17 11:15:19,2024-05-17 13:52:06,3.17,5.79,No,5,Positive,Student needs help with library access issue.
1438,SFS2025438,Bob Smith,student1438@sfsacademy.edu,Account & Login,Medium,Closed,Email,Agent Ravi,2024-04-20 10:23:00,2024-04-20 17:37:22,2024-04-21 14:39:24,7.24,28.27,Yes,3,Neutral,Student needs help with account & login issue.
1439,SFS2025439,Frank Lewis,student1439@sfsacademy.edu,Course Access,Low,Pending Student Response,Email,Agent Lisa,2024-11-13 12:54:00,2024-11-13 15:24:34,,2.51,,No,,Negative,Student needs help with course access issue.
1440,SFS2025440,Iris Martinez,student1440@sfsacademy.edu,General Inquiry,Critical,Open,Portal,Agent Sara,2024-07-15 17:33:00,2024-07-15 19:29:23,,1.94,,No,,Neutral,Student needs help with general inquiry issue.
1441,SFS2025441,Diana Clark,student1441@sfsacademy.edu,Exam & Assessment,Medium,Closed,Portal,Agent Nadia,2024-03-07 11:54:00,2024-03-08 13:35:32,2024-03-10 10:32:43,25.69,70.65,Yes,2,Negative,Student needs help with exam & assessment issue.
1442,SFS2025442,Wendy Garcia,student1442@sfsacademy.edu,Account & Login,High,Closed,Chat,Agent Ravi,2024-08-01 08:20:00,2024-08-01 11:22:37,2024-08-02 01:18:57,3.04,16.98,Yes,1,Negative,Student needs help with account & login issue.
1443,SFS2025443,Tina Martin,student1443@sfsacademy.edu,Exam & Assessment,High,Closed,Phone,Agent Nadia,2024-09-18 13:47:00,2024-09-18 21:31:56,2024-09-19 03:17:32,7.75,13.51,Yes,3,Neutral,Student needs help with exam & assessment issue.
1444,SFS2025444,Alice Johnson,student1444@sfsacademy.edu,Course Access,Medium,Closed,Chat,Agent John,2024-04-01 16:08:00,2024-04-02 20:31:11,2024-04-02 22:42:48,28.39,30.58,Yes,3,Neutral,Student needs help with course access issue.
1445,SFS2025445,Aiden Taylor,student1445@sfsacademy.edu,Enrollment,Medium,Closed,Portal,Agent John,2024-01-22 10:51:00,2024-01-22 15:03:39,2024-01-24 09:17:50,4.21,46.45,Yes,3,Neutral,Student needs help with enrollment issue.
1446,SFS2025446,Rose Thomas,student1446@sfsacademy.edu,Exam & Assessment,Medium,Closed,Chat,Agent Tom,2025-02-13 13:55:00,2025-02-13 15:22:22,2025-02-14 01:57:54,1.46,12.05,No,5,Positive,Student needs help with exam & assessment issue.
1447,SFS2025447,Noah Lewis,student1447@sfsacademy.edu,Account & Login,Medium,Pending Student Response,Chat,Agent Nadia,2024-12-15 09:18:00,2024-12-15 13:52:38,,4.58,,No,,Neutral,Student needs help with account & login issue.
1448,SFS2025448,Frank Martinez,student1448@sfsacademy.edu,Payment & Billing,Critical,Closed,Portal,Agent Sara,2024-11-22 15:46:00,2024-11-22 16:57:45,2024-11-22 19:30:30,1.2,3.74,Yes,3,Neutral,Student needs help with payment & billing issue.
1449,SFS2025449,Eve Jackson,student1449@sfsacademy.edu,Payment & Billing,Medium,Pending Student Response,Portal,Agent John,2024-05-27 11:04:00,2024-05-27 16:57:20,,5.89,,No,,Neutral,Student needs help with payment & billing issue.
1450,SFS2025450,Carlos Brown,student1450@sfsacademy.edu,Library Access,High,Open,Email,Agent John,2024-11-06 10:56:00,2024-11-06 14:51:55,,3.93,,No,,Neutral,Student needs help with library access issue.
1451,SFS2025451,Mia Walker,student1451@sfsacademy.edu,General Inquiry,Low,Open,Email,Agent Tom,2024-09-23 11:26:00,2024-09-24 18:20:23,,30.91,,No,,Negative,Student needs help with general inquiry issue.
1452,SFS2025452,Rose Harris,student1452@sfsacademy.edu,Exam & Assessment,Medium,Pending Student Response,Chat,Agent Ravi,2024-12-27 09:42:00,2024-12-27 19:16:48,,9.58,,No,,Negative,Student needs help with exam & assessment issue.
1453,SFS2025453,Victor Lewis,student1453@sfsacademy.edu,Technical Issue,Low,Closed,Portal,Agent Tom,2024-09-04 10:24:00,2024-09-05 22:13:21,2024-09-07 23:45:39,35.82,85.36,Yes,3,Neutral,Student needs help with technical issue issue.
1454,SFS2025454,Frank Brown,student1454@sfsacademy.edu,Technical Issue,Low,Open,Chat,Agent Priya,2024-07-14 18:35:00,2024-07-17 01:55:09,,55.34,,No,,Negative,Student needs help with technical issue issue.
1455,SFS2025455,Eve Allen,student1455@sfsacademy.edu,Enrollment,Low,Pending Student Response,Email,Agent Priya,2024-08-22 18:13:00,2024-08-23 13:19:16,,19.1,,No,,Neutral,Student needs help with enrollment issue.
1456,SFS2025456,Uma Martin,student1456@sfsacademy.edu,Course Access,High,Pending Student Response,Phone,Agent Nadia,2024-10-17 17:13:00,2024-10-17 23:41:51,,6.48,,No,,Neutral,Student needs help with course access issue.
1457,SFS2025457,Karen Hall,student1457@sfsacademy.edu,Exam & Assessment,Low,Pending Student Response,Portal,Agent Tom,2024-04-30 16:35:00,2024-05-02 14:09:19,,45.57,,No,,Neutral,Student needs help with exam & assessment issue.
1458,SFS2025458,Jack White,student1458@sfsacademy.edu,General Inquiry,Low,Pending Student Response,Portal,Agent Ravi,2024-06-06 12:26:00,2024-06-06 22:09:30,,9.73,,No,,Negative,Student needs help with general inquiry issue.
1459,SFS2025459,Sam Lewis,student1459@sfsacademy.edu,General Inquiry,Low,Closed,Portal,Agent John,2024-01-11 17:21:00,2024-01-13 20:51:20,2024-01-16 07:11:54,51.51,109.85,Yes,3,Neutral,Student needs help with general inquiry issue.
1460,SFS2025460,Yara Walker,student1460@sfsacademy.edu,Technical Issue,Low,Open,Portal,Agent Tom,2024-01-02 10:36:00,2024-01-04 01:10:11,,38.57,,No,,Negative,Student needs help with technical issue issue.
1461,SFS2025461,Zoe Taylor,student1461@sfsacademy.edu,Exam & Assessment,Medium,Pending Student Response,Portal,Agent Priya,2024-09-11 09:13:00,2024-09-11 13:24:52,,4.2,,No,,Neutral,Student needs help with exam & assessment issue.
1462,SFS2025462,Iris Hall,student1462@sfsacademy.edu,Technical Issue,High,Pending Student Response,Portal,Agent Mike,2024-03-09 13:25:00,2024-03-09 14:15:33,,0.84,,No,,Neutral,Student needs help with technical issue issue.
1463,SFS2025463,Victor Walker,student1463@sfsacademy.edu,General Inquiry,Critical,Pending Student Response,Portal,Agent Tom,2024-09-07 17:51:00,2024-09-07 19:40:02,,1.82,,No,,Negative,Student needs help with general inquiry issue.
1464,SFS2025464,Mia Brown,student1464@sfsacademy.edu,Technical Issue,Medium,Closed,Portal,Agent Sara,2024-07-01 10:15:00,2024-07-01 11:14:26,2024-07-03 10:12:22,0.99,47.96,Yes,1,Negative,Student needs help with technical issue issue.
1465,SFS2025465,Xander Allen,student1465@sfsacademy.edu,General Inquiry,High,Closed,Phone,Agent John,2025-02-21 17:54:00,2025-02-22 02:00:00,2025-02-22 05:26:42,8.1,11.55,Yes,1,Negative,Student needs help with general inquiry issue.
1466,SFS2025466,Xander Walker,student1466@sfsacademy.edu,Exam & Assessment,Low,Closed,Email,Agent Sara,2024-02-17 08:49:00,2024-02-18 02:36:21,2024-02-20 01:00:46,17.79,64.2,Yes,2,Negative,Student needs help with exam & assessment issue.
1467,SFS2025467,Carol Young,student1467@sfsacademy.edu,Account & Login,High,In Progress,Email,Agent Ravi,2024-04-08 08:39:00,2024-04-08 11:03:53,,2.41,,No,,Negative,Student needs help with account & login issue.
1468,SFS2025468,Noah Lewis,student1468@sfsacademy.edu,Payment & Billing,Low,Open,Portal,Agent John,2024-02-28 10:25:00,2024-02-28 19:54:16,,9.49,,No,,Negative,Student needs help with payment & billing issue.
1469,SFS2025469,Bob Taylor,student1469@sfsacademy.edu,Course Access,Low,Closed,Email,Agent John,2025-01-20 18:08:00,2025-01-21 16:28:43,2025-01-22 03:24:24,22.35,33.27,No,5,Positive,Student needs help with course access issue.
1470,SFS2025470,Jack Allen,student1470@sfsacademy.edu,General Inquiry,Low,Closed,Portal,Agent Mike,2024-11-12 08:28:00,2024-11-14 13:48:42,2024-11-17 13:45:18,53.35,125.29,Yes,1,Negative,Student needs help with general inquiry issue.
1471,SFS2025471,Jack Thomas,student1471@sfsacademy.edu,Payment & Billing,Medium,Closed,Phone,Agent Ravi,2024-04-08 14:24:00,2024-04-09 12:52:44,2024-04-09 18:44:59,22.48,28.35,Yes,3,Neutral,Student needs help with payment & billing issue.
1472,SFS2025472,Eve Anderson,student1472@sfsacademy.edu,Account & Login,Low,Closed,Phone,Agent Priya,2024-02-21 09:18:00,2024-02-23 10:53:49,2024-02-25 18:39:28,49.6,105.36,Yes,2,Negative,Student needs help with account & login issue.
1473,SFS2025473,Zoe Smith,student1473@sfsacademy.edu,Enrollment,Low,Pending Student Response,Phone,Agent Tom,2024-11-01 12:24:00,2024-11-03 06:06:06,,41.7,,No,,Neutral,Student needs help with enrollment issue.
1474,SFS2025474,Eve Harris,student1474@sfsacademy.edu,Payment & Billing,Medium,Closed,Email,Agent Ravi,2025-02-16 11:45:00,2025-02-17 10:13:15,2025-02-17 21:58:39,22.47,34.23,Yes,2,Negative,Student needs help with payment & billing issue.
1475,SFS2025475,Iris Brown,student1475@sfsacademy.edu,Exam & Assessment,Medium,Closed,Phone,Agent Nadia,2024-04-07 14:59:00,2024-04-08 13:03:50,2024-04-08 20:11:23,22.08,29.21,Yes,3,Neutral,Student needs help with exam & assessment issue.
1476,SFS2025476,Paul Harris,student1476@sfsacademy.edu,Technical Issue,Low,Closed,Email,Agent Nadia,2025-01-15 10:01:00,2025-01-16 07:10:36,2025-01-16 23:33:44,21.16,37.55,No,4,Positive,Student needs help with technical issue issue.
1477,SFS2025477,Eve Martin,student1477@sfsacademy.edu,Course Access,Medium,Closed,Chat,Agent Nadia,2024-01-31 10:38:00,2024-02-01 11:31:36,2024-02-01 13:34:43,24.89,26.95,Yes,1,Negative,Student needs help with course access issue.
1478,SFS2025478,Bob Taylor,student1478@sfsacademy.edu,Payment & Billing,Low,Closed,Portal,Agent Sara,2024-09-28 18:57:00,2024-09-30 11:29:18,2024-10-03 22:48:06,40.54,123.85,Yes,1,Negative,Student needs help with payment & billing issue.
1479,SFS2025479,Leo Lewis,student1479@sfsacademy.edu,General Inquiry,Critical,Closed,Phone,Agent Ravi,2024-01-09 17:23:00,2024-01-09 18:41:14,2024-01-09 22:02:52,1.3,4.66,Yes,2,Negative,Student needs help with general inquiry issue.
1480,SFS2025480,Zoe Harris,student1480@sfsacademy.edu,Account & Login,Critical,Closed,Portal,Agent Priya,2024-10-29 18:49:00,2024-10-29 19:47:38,2024-10-29 23:19:07,0.98,4.5,Yes,1,Negative,Student needs help with account & login issue.
1481,SFS2025481,Noah Hall,student1481@sfsacademy.edu,Course Access,Low,Closed,Email,Agent John,2024-08-24 14:00:00,2024-08-25 02:19:56,2024-08-28 07:54:41,12.33,89.91,Yes,3,Neutral,Student needs help with course access issue.
1482,SFS2025482,Rose Smith,student1482@sfsacademy.edu,Course Access,Medium,Pending Student Response,Portal,Agent Ravi,2024-04-27 09:28:00,2024-04-27 21:57:37,,12.49,,No,,Neutral,Student needs help with course access issue.
1483,SFS2025483,Bob Lewis,student1483@sfsacademy.edu,Course Access,High,Closed,Email,Agent Priya,2024-09-21 09:51:00,2024-09-21 18:15:09,2024-09-21 20:52:31,8.4,11.03,Yes,2,Negative,Student needs help with course access issue.
1484,SFS2025484,Aiden Martin,student1484@sfsacademy.edu,Enrollment,Low,Closed,Chat,Agent Sara,2024-02-13 11:32:00,2024-02-15 04:43:26,2024-02-16 13:16:38,41.19,73.74,Yes,3,Neutral,Student needs help with enrollment issue.
1485,SFS2025485,Alice Allen,student1485@sfsacademy.edu,Account & Login,Medium,Open,Email,Agent Priya,2024-07-03 16:17:00,2024-07-04 12:42:30,,20.43,,No,,Neutral,Student needs help with account & login issue.
1486,SFS2025486,Grace Taylor,student1486@sfsacademy.edu,Exam & Assessment,Medium,Closed,Chat,Agent Ravi,2024-08-10 10:22:00,2024-08-11 06:46:23,2024-08-12 11:47:33,20.41,49.43,Yes,2,Negative,Student needs help with exam & assessment issue.
1487,SFS2025487,Iris Clark,student1487@sfsacademy.edu,Enrollment,Low,Closed,Portal,Agent Nadia,2024-10-14 08:21:00,2024-10-16 07:49:10,2024-10-20 00:10:04,47.47,135.82,Yes,2,Negative,Student needs help with enrollment issue.
1488,SFS2025488,Iris Robinson,student1488@sfsacademy.edu,Course Access,Low,Closed,Portal,Agent Mike,2024-07-20 14:52:00,2024-07-22 07:18:24,2024-07-24 05:25:55,40.44,86.57,Yes,1,Negative,Student needs help with course access issue.
1489,SFS2025489,David Harris,student1489@sfsacademy.edu,Technical Issue,Medium,Closed,Email,Agent John,2024-07-31 14:06:00,2024-07-31 16:01:52,2024-08-01 20:41:29,1.93,30.59,Yes,2,Negative,Student needs help with technical issue issue.
1490,SFS2025490,Karen Thomas,student1490@sfsacademy.edu,Course Access,Medium,Closed,Email,Agent Lisa,2024-01-20 08:47:00,2024-01-20 18:11:56,2024-01-22 02:34:53,9.42,41.8,Yes,3,Neutral,Student needs help with course access issue.
1491,SFS2025491,Uma White,student1491@sfsacademy.edu,Library Access,Medium,Open,Chat,Agent Ravi,2024-01-22 12:39:00,2024-01-23 11:19:05,,22.67,,No,,Negative,Student needs help with library access issue.
1492,SFS2025492,Diana Robinson,student1492@sfsacademy.edu,Course Access,Medium,Closed,Chat,Agent Nadia,2024-11-27 09:12:00,2024-11-28 02:45:52,2024-11-29 15:00:36,17.56,53.81,Yes,1,Negative,Student needs help with course access issue.
1493,SFS2025493,Yara Garcia,student1493@sfsacademy.edu,General Inquiry,Medium,In Progress,Phone,Agent Ravi,2024-02-20 10:13:00,2024-02-20 17:44:30,,7.53,,No,,Neutral,Student needs help with general inquiry issue.
1494,SFS2025494,Wendy Harris,student1494@sfsacademy.edu,Library Access,High,In Progress,Chat,Agent John,2024-08-11 10:13:00,2024-08-11 18:03:37,,7.84,,No,,Neutral,Student needs help with library access issue.
1495,SFS2025495,Bella Thomas,student1495@sfsacademy.edu,Technical Issue,Critical,Closed,Chat,Agent Mike,2024-03-25 14:54:00,2024-03-25 15:29:48,2024-03-25 17:52:44,0.6,2.98,Yes,3,Neutral,Student needs help with technical issue issue.
1496,SFS2025496,Henry Martinez,student1496@sfsacademy.edu,Technical Issue,Low,Open,Email,Agent Lisa,2024-02-24 09:26:00,2024-02-26 10:26:47,,49.01,,No,,Neutral,Student needs help with technical issue issue.
1497,SFS2025497,Aiden Hall,student1497@sfsacademy.edu,General Inquiry,Medium,Closed,Email,Agent Priya,2024-12-16 17:36:00,2024-12-16 20:27:47,2024-12-17 18:21:09,2.86,24.75,Yes,1,Negative,Student needs help with general inquiry issue.
1498,SFS2025498,Rose Anderson,student1498@sfsacademy.edu,Technical Issue,Critical,In Progress,Chat,Agent John,2024-09-14 18:37:00,2024-09-14 20:48:56,,2.2,,No,,Negative,Student needs help with technical issue issue.
1499,SFS2025499,Rose Thomas,student1499@sfsacademy.edu,Enrollment,Critical,Pending Student Response,Phone,Agent Ravi,2024-03-23 09:28:00,2024-03-23 10:47:53,,1.33,,No,,Neutral,Student needs help with enrollment issue.
1500,SFS2025500,Sam Brown,student1500@sfsacademy.edu,Exam & Assessment,Medium,Closed,Email,Agent Ravi,2024-02-01 08:16:00,2024-02-02 08:13:19,2024-02-02 17:40:26,23.96,33.41,Yes,1,Negative,Student needs help with exam & assessment issue.
1501,SFS2025501,Tina Clark,student1501@sfsacademy.edu,Course Access,Low,Closed,Chat,Agent Priya,2024-06-02 17:25:00,2024-06-04 08:25:17,2024-06-06 17:30:44,39.0,96.1,Yes,3,Neutral,Student needs help with course access issue.
1502,SFS2025502,Henry Taylor,student1502@sfsacademy.edu,General Inquiry,Medium,Pending Student Response,Phone,Agent Sara,2024-10-13 16:09:00,2024-10-13 17:52:14,,1.72,,No,,Negative,Student needs help with general inquiry issue.
1503,SFS2025503,Frank Lee,student1503@sfsacademy.edu,Account & Login,Medium,Open,Chat,Agent Sara,2024-05-12 09:50:00,2024-05-13 11:47:29,,25.96,,No,,Neutral,Student needs help with account & login issue.
1504,SFS2025504,Zoe Robinson,student1504@sfsacademy.edu,Enrollment,High,Closed,Chat,Agent Tom,2024-05-25 18:57:00,2024-05-25 22:40:18,2024-05-26 11:21:26,3.72,16.41,Yes,2,Negative,Student needs help with enrollment issue.
1505,SFS2025505,Tina Clark,student1505@sfsacademy.edu,Account & Login,Low,Closed,Chat,Agent Lisa,2024-04-03 12:40:00,2024-04-04 11:04:39,2024-04-05 11:41:59,22.41,47.03,No,4,Positive,Student needs help with account & login issue.
1506,SFS2025506,Mia Anderson,student1506@sfsacademy.edu,General Inquiry,Medium,Open,Portal,Agent Sara,2024-01-14 12:28:00,2024-01-15 04:50:17,,16.37,,No,,Neutral,Student needs help with general inquiry issue.
1507,SFS2025507,Iris Hall,student1507@sfsacademy.edu,Account & Login,High,Pending Student Response,Portal,Agent Lisa,2024-03-22 13:37:00,2024-03-22 14:07:11,,0.5,,No,,Neutral,Student needs help with account & login issue.
1508,SFS2025508,Quinn Lewis,student1508@sfsacademy.edu,Account & Login,Medium,Closed,Phone,Agent Priya,2024-07-23 16:44:00,2024-07-24 04:25:01,2024-07-24 12:31:48,11.68,19.8,No,5,Positive,Student needs help with account & login issue.
1509,SFS2025509,Carlos White,student1509@sfsacademy.edu,Course Access,Medium,Closed,Phone,Agent John,2024-11-04 17:04:00,2024-11-04 19:39:24,2024-11-06 19:35:46,2.59,50.53,Yes,1,Negative,Student needs help with course access issue.
1510,SFS2025510,Carlos Smith,student1510@sfsacademy.edu,Payment & Billing,Critical,Closed,Chat,Agent Mike,2024-07-02 18:48:00,2024-07-02 19:30:18,2024-07-02 21:08:42,0.71,2.35,Yes,3,Neutral,Student needs help with payment & billing issue.
1511,SFS2025511,Leo Harris,student1511@sfsacademy.edu,Course Access,Low,Closed,Phone,Agent Nadia,2024-06-23 10:15:00,2024-06-25 07:16:27,2024-06-28 02:48:20,45.02,112.56,Yes,3,Neutral,Student needs help with course access issue.
1512,SFS2025512,Wendy Martin,student1512@sfsacademy.edu,Course Access,Low,Open,Phone,Agent Nadia,2025-01-19 12:31:00,2025-01-21 02:08:52,,37.63,,No,,Neutral,Student needs help with course access issue.
1513,SFS2025513,Quinn Anderson,student1513@sfsacademy.edu,Course Access,Medium,Closed,Chat,Agent Ravi,2024-05-20 08:50:00,2024-05-21 10:42:23,2024-05-23 07:28:48,25.87,70.65,Yes,1,Negative,Student needs help with course access issue.
1514,SFS2025514,David Harris,student1514@sfsacademy.edu,Technical Issue,Medium,Pending Student Response,Chat,Agent Sara,2024-12-24 12:38:00,2024-12-25 02:12:00,,13.57,,No,,Neutral,Student needs help with technical issue issue.
1515,SFS2025515,Uma Robinson,student1515@sfsacademy.edu,Course Access,Medium,Pending Student Response,Phone,Agent Mike,2024-02-10 15:17:00,2024-02-11 09:24:05,,18.12,,No,,Negative,Student needs help with course access issue.
1516,SFS2025516,Wendy Brown,student1516@sfsacademy.edu,Enrollment,Medium,Closed,Chat,Agent Nadia,2024-05-15 16:27:00,2024-05-16 01:46:07,2024-05-17 02:35:04,9.32,34.13,Yes,2,Negative,Student needs help with enrollment issue.
1517,SFS2025517,Bob Lee,student1517@sfsacademy.edu,Technical Issue,Low,Closed,Email,Agent John,2024-06-16 13:37:00,2024-06-18 01:09:31,2024-06-20 22:47:06,35.54,105.17,Yes,2,Negative,Student needs help with technical issue issue.
1518,SFS2025518,Noah Johnson,student1518@sfsacademy.edu,Technical Issue,Critical,Pending Student Response,Email,Agent Tom,2024-07-03 11:44:00,2024-07-03 12:22:01,,0.63,,No,,Neutral,Student needs help with technical issue issue.
1519,SFS2025519,Eve Taylor,student1519@sfsacademy.edu,Account & Login,High,Closed,Chat,Agent Mike,2024-04-26 17:34:00,2024-04-26 20:55:39,2024-04-27 04:05:21,3.36,10.52,Yes,3,Neutral,Student needs help with account & login issue.
1520,SFS2025520,Jack Anderson,student1520@sfsacademy.edu,Account & Login,Medium,Closed,Email,Agent Ravi,2024-09-20 17:16:00,2024-09-20 19:09:27,2024-09-22 00:04:52,1.89,30.81,Yes,2,Negative,Student needs help with account & login issue.
1521,SFS2025521,Noah Lee,student1521@sfsacademy.edu,Account & Login,Low,Open,Phone,Agent Nadia,2024-06-01 16:37:00,2024-06-03 13:58:10,,45.35,,No,,Negative,Student needs help with account & login issue.
1522,SFS2025522,Karen Hall,student1522@sfsacademy.edu,Technical Issue,High,Closed,Phone,Agent Lisa,2024-07-29 08:20:00,2024-07-29 12:41:16,2024-07-29 19:09:02,4.35,10.82,Yes,3,Neutral,Student needs help with technical issue issue.
1523,SFS2025523,Eve White,student1523@sfsacademy.edu,Exam & Assessment,High,Closed,Portal,Agent Mike,2024-01-15 17:28:00,2024-01-16 01:04:34,2024-01-16 14:09:18,7.61,20.69,Yes,1,Negative,Student needs help with exam & assessment issue.
1524,SFS2025524,Bob Taylor,student1524@sfsacademy.edu,Payment & Billing,High,Pending Student Response,Chat,Agent Priya,2025-02-04 13:16:00,2025-02-04 16:49:43,,3.56,,No,,Negative,Student needs help with payment & billing issue.
1525,SFS2025525,Jack Thomas,student1525@sfsacademy.edu,Technical Issue,Medium,Closed,Chat,Agent Sara,2024-07-22 18:21:00,2024-07-22 23:23:07,2024-07-23 09:09:43,5.04,14.81,No,3,Neutral,Student needs help with technical issue issue.
1526,SFS2025526,Alice Taylor,student1526@sfsacademy.edu,General Inquiry,Critical,Closed,Chat,Agent Lisa,2025-01-25 15:27:00,2025-01-25 16:12:18,2025-01-25 18:09:11,0.76,2.7,Yes,1,Negative,Student needs help with general inquiry issue.
1527,SFS2025527,Yara Hall,student1527@sfsacademy.edu,Exam & Assessment,High,Open,Chat,Agent Lisa,2024-02-10 10:17:00,2024-02-10 19:49:22,,9.54,,No,,Neutral,Student needs help with exam & assessment issue.
1528,SFS2025528,Frank Allen,student1528@sfsacademy.edu,General Inquiry,Medium,In Progress,Portal,Agent Ravi,2024-01-08 09:30:00,2024-01-08 15:32:36,,6.04,,No,,Neutral,Student needs help with general inquiry issue.
1529,SFS2025529,Zoe Harris,student1529@sfsacademy.edu,Library Access,Critical,Pending Student Response,Portal,Agent Ravi,2024-10-31 13:28:00,2024-10-31 15:51:20,,2.39,,No,,Negative,Student needs help with library access issue.
1530,SFS2025530,Henry Lee,student1530@sfsacademy.edu,Course Access,Medium,Open,Email,Agent Priya,2024-03-25 18:51:00,2024-03-26 01:07:12,,6.27,,No,,Negative,Student needs help with course access issue.
1531,SFS2025531,Leo Harris,student1531@sfsacademy.edu,Account & Login,Medium,Closed,Chat,Agent Sara,2024-06-24 11:27:00,2024-06-25 03:37:52,2024-06-27 02:23:43,16.18,62.95,Yes,2,Negative,Student needs help with account & login issue.
1532,SFS2025532,Bob Johnson,student1532@sfsacademy.edu,Enrollment,Low,Closed,Phone,Agent Tom,2024-09-20 10:19:00,2024-09-21 07:29:18,2024-09-24 07:58:06,21.17,93.65,Yes,3,Neutral,Student needs help with enrollment issue.
1533,SFS2025533,Eve Jackson,student1533@sfsacademy.edu,General Inquiry,Medium,Closed,Portal,Agent Tom,2024-12-12 14:16:00,2024-12-13 15:23:02,2024-12-15 08:07:22,25.12,65.86,Yes,1,Negative,Student needs help with general inquiry issue.
1534,SFS2025534,Henry Martin,student1534@sfsacademy.edu,General Inquiry,High,Closed,Chat,Agent John,2024-03-19 15:18:00,2024-03-19 19:47:21,2024-03-20 08:23:33,4.49,17.09,Yes,3,Neutral,Student needs help with general inquiry issue.
1535,SFS2025535,Leo Smith,student1535@sfsacademy.edu,Technical Issue,High,Closed,Chat,Agent Mike,2024-11-26 18:43:00,2024-11-27 01:27:03,2024-11-27 14:44:44,6.73,20.03,Yes,3,Neutral,Student needs help with technical issue issue.
1536,SFS2025536,Bob Robinson,student1536@sfsacademy.edu,Account & Login,High,Open,Email,Agent Mike,2024-12-01 16:03:00,2024-12-01 18:52:11,,2.82,,No,,Neutral,Student needs help with account & login issue.
1537,SFS2025537,Bob Taylor,student1537@sfsacademy.edu,Payment & Billing,High,Closed,Portal,Agent Lisa,2024-11-07 11:20:00,2024-11-07 14:50:44,2024-11-07 19:17:18,3.51,7.96,No,4,Positive,Student needs help with payment & billing issue.
1538,SFS2025538,Diana Martinez,student1538@sfsacademy.edu,Library Access,High,Closed,Chat,Agent John,2024-09-20 09:45:00,2024-09-20 13:23:33,2024-09-20 16:58:34,3.64,7.23,No,4,Positive,Student needs help with library access issue.
1539,SFS2025539,Rose Taylor,student1539@sfsacademy.edu,Exam & Assessment,Low,Closed,Chat,Agent John,2024-05-13 12:27:00,2024-05-14 23:22:04,2024-05-15 21:01:30,34.92,56.58,Yes,3,Neutral,Student needs help with exam & assessment issue.
1540,SFS2025540,Quinn Walker,student1540@sfsacademy.edu,Exam & Assessment,Medium,In Progress,Email,Agent Mike,2024-01-08 18:43:00,2024-01-08 23:22:44,,4.66,,No,,Negative,Student needs help with exam & assessment issue.
1541,SFS2025541,Wendy Anderson,student1541@sfsacademy.edu,Account & Login,Medium,Closed,Email,Agent Priya,2024-12-04 12:55:00,2024-12-04 22:04:42,2024-12-06 21:23:12,9.16,56.47,Yes,2,Negative,Student needs help with account & login issue.
1542,SFS2025542,Tina Hall,student1542@sfsacademy.edu,Library Access,High,Closed,Portal,Agent Nadia,2024-09-02 09:17:00,2024-09-02 10:06:53,2024-09-02 12:27:28,0.83,3.17,No,5,Positive,Student needs help with library access issue.
1543,SFS2025543,David Anderson,student1543@sfsacademy.edu,Enrollment,Low,Closed,Chat,Agent Mike,2025-01-17 14:45:00,2025-01-18 00:32:31,2025-01-18 23:54:40,9.79,33.16,No,4,Positive,Student needs help with enrollment issue.
1544,SFS2025544,Wendy Allen,student1544@sfsacademy.edu,Payment & Billing,Medium,Open,Portal,Agent Mike,2024-02-27 18:42:00,2024-02-28 09:50:00,,15.13,,No,,Neutral,Student needs help with payment & billing issue.
1545,SFS2025545,Alice Brown,student1545@sfsacademy.edu,Course Access,Low,Open,Portal,Agent Sara,2024-10-12 11:10:00,2024-10-13 00:48:02,,13.63,,No,,Neutral,Student needs help with course access issue.
1546,SFS2025546,Aiden Martin,student1546@sfsacademy.edu,Technical Issue,Medium,Closed,Chat,Agent Sara,2024-12-20 16:24:00,2024-12-21 13:07:50,2024-12-21 19:51:02,20.73,27.45,Yes,2,Negative,Student needs help with technical issue issue.
1547,SFS2025547,Quinn Johnson,student1547@sfsacademy.edu,Enrollment,High,Closed,Phone,Agent Lisa,2024-04-06 13:24:00,2024-04-06 19:48:49,2024-04-07 06:25:52,6.41,17.03,Yes,1,Negative,Student needs help with enrollment issue.
1548,SFS2025548,Aiden Taylor,student1548@sfsacademy.edu,Payment & Billing,Medium,Pending Student Response,Phone,Agent Mike,2025-02-06 15:17:00,2025-02-07 00:32:14,,9.25,,No,,Negative,Student needs help with payment & billing issue.
1549,SFS2025549,Karen Allen,student1549@sfsacademy.edu,General Inquiry,High,In Progress,Portal,Agent Nadia,2024-01-18 08:12:00,2024-01-18 08:43:54,,0.53,,No,,Negative,Student needs help with general inquiry issue.
1550,SFS2025550,Noah Harris,student1550@sfsacademy.edu,Technical Issue,Low,Open,Chat,Agent Nadia,2024-07-13 15:53:00,2024-07-15 23:54:35,,56.03,,No,,Negative,Student needs help with technical issue issue.
1551,SFS2025551,Henry Martin,student1551@sfsacademy.edu,Exam & Assessment,Critical,Closed,Email,Agent Lisa,2024-02-17 09:00:00,2024-02-17 10:50:49,2024-02-17 13:57:33,1.85,4.96,Yes,3,Neutral,Student needs help with exam & assessment issue.
1552,SFS2025552,Yara Jackson,student1552@sfsacademy.edu,Library Access,Medium,Closed,Email,Agent Ravi,2024-01-01 15:34:00,2024-01-02 06:51:42,2024-01-02 08:34:07,15.3,17.0,No,5,Positive,Student needs help with library access issue.
1553,SFS2025553,Henry Hall,student1553@sfsacademy.edu,Account & Login,Low,Closed,Portal,Agent Nadia,2024-08-08 14:35:00,2024-08-09 13:15:42,2024-08-11 09:52:39,22.68,67.29,Yes,1,Negative,Student needs help with account & login issue.
1554,SFS2025554,Zoe Allen,student1554@sfsacademy.edu,Course Access,Medium,Closed,Chat,Agent Ravi,2024-08-09 16:35:00,2024-08-10 15:12:08,2024-08-10 19:37:00,22.62,27.03,Yes,1,Negative,Student needs help with course access issue.
1555,SFS2025555,Eve Smith,student1555@sfsacademy.edu,General Inquiry,Medium,Open,Email,Agent Nadia,2024-08-07 10:23:00,2024-08-08 06:30:04,,20.12,,No,,Neutral,Student needs help with general inquiry issue.
1556,SFS2025556,Carol Hall,student1556@sfsacademy.edu,Exam & Assessment,High,Pending Student Response,Portal,Agent Ravi,2024-02-14 10:27:00,2024-02-14 14:24:33,,3.96,,No,,Negative,Student needs help with exam & assessment issue.
1557,SFS2025557,Olivia Lee,student1557@sfsacademy.edu,General Inquiry,Critical,In Progress,Phone,Agent Tom,2024-01-03 17:23:00,2024-01-03 18:51:11,,1.47,,No,,Neutral,Student needs help with general inquiry issue.
1558,SFS2025558,David Hall,student1558@sfsacademy.edu,General Inquiry,Low,Pending Student Response,Chat,Agent Lisa,2024-08-21 12:45:00,2024-08-22 23:37:52,,34.88,,No,,Neutral,Student needs help with general inquiry issue.
1559,SFS2025559,Eve Young,student1559@sfsacademy.edu,Account & Login,Low,Open,Chat,Agent Priya,2024-12-10 18:35:00,2024-12-11 10:17:14,,15.7,,No,,Neutral,Student needs help with account & login issue.
1560,SFS2025560,Victor Martin,student1560@sfsacademy.edu,Library Access,Medium,Closed,Phone,Agent Tom,2024-09-01 13:32:00,2024-09-02 15:57:47,2024-09-02 21:54:33,26.43,32.38,Yes,2,Negative,Student needs help with library access issue.
1561,SFS2025561,Alice Allen,student1561@sfsacademy.edu,Payment & Billing,High,Closed,Portal,Agent Sara,2024-07-09 15:53:00,2024-07-09 17:31:58,2024-07-10 07:34:39,1.65,15.69,Yes,2,Negative,Student needs help with payment & billing issue.
1562,SFS2025562,Eve Harris,student1562@sfsacademy.edu,Exam & Assessment,Medium,Closed,Phone,Agent Nadia,2024-01-10 08:04:00,2024-01-11 11:28:11,2024-01-12 10:03:34,27.4,49.99,Yes,1,Negative,Student needs help with exam & assessment issue.
1563,SFS2025563,Diana Walker,student1563@sfsacademy.edu,Exam & Assessment,Low,Closed,Email,Agent Lisa,2024-08-28 10:32:00,2024-08-28 14:22:06,2024-08-30 13:29:19,3.84,50.96,Yes,2,Negative,Student needs help with exam & assessment issue.
1564,SFS2025564,Diana Martinez,student1564@sfsacademy.edu,Course Access,Low,Closed,Chat,Agent Priya,2024-04-03 10:44:00,2024-04-03 15:22:20,2024-04-07 09:49:26,4.64,95.09,Yes,2,Negative,Student needs help with course access issue.
1565,SFS2025565,Bella Lewis,student1565@sfsacademy.edu,Technical Issue,Low,Closed,Email,Agent John,2024-01-04 15:04:00,2024-01-06 00:21:45,2024-01-09 21:57:41,33.3,126.89,Yes,2,Negative,Student needs help with technical issue issue.
1566,SFS2025566,Zoe Lewis,student1566@sfsacademy.edu,Account & Login,Medium,Closed,Email,Agent John,2025-02-17 09:52:00,2025-02-18 07:25:05,2025-02-18 19:06:23,21.55,33.24,Yes,3,Neutral,Student needs help with account & login issue.
1567,SFS2025567,Paul Harris,student1567@sfsacademy.edu,Course Access,Low,Open,Phone,Agent Nadia,2024-01-28 17:08:00,2024-01-30 08:29:20,,39.36,,No,,Neutral,Student needs help with course access issue.
1568,SFS2025568,Quinn Lewis,student1568@sfsacademy.edu,Library Access,High,Closed,Phone,Agent Tom,2024-12-24 18:05:00,2024-12-24 20:38:56,2024-12-25 07:20:13,2.57,13.25,Yes,3,Neutral,Student needs help with library access issue.
1569,SFS2025569,Paul Taylor,student1569@sfsacademy.edu,Account & Login,Medium,Pending Student Response,Portal,Agent Tom,2024-07-30 17:35:00,2024-07-31 10:55:36,,17.34,,No,,Negative,Student needs help with account & login issue.
1570,SFS2025570,Carlos Brown,student1570@sfsacademy.edu,Payment & Billing,High,Closed,Portal,Agent Ravi,2024-07-30 09:39:00,2024-07-30 17:28:24,2024-07-31 06:38:14,7.82,20.99,Yes,1,Negative,Student needs help with payment & billing issue.
1571,SFS2025571,Carlos Martinez,student1571@sfsacademy.edu,Account & Login,Low,Closed,Portal,Agent Mike,2024-01-19 12:21:00,2024-01-19 16:46:26,2024-01-23 06:33:07,4.42,90.2,Yes,1,Negative,Student needs help with account & login issue.
1572,SFS2025572,Bella Harris,student1572@sfsacademy.edu,Exam & Assessment,High,Pending Student Response,Chat,Agent Priya,2024-08-12 12:33:00,2024-08-12 17:52:20,,5.32,,No,,Negative,Student needs help with exam & assessment issue.
1573,SFS2025573,Frank Garcia,student1573@sfsacademy.edu,Enrollment,High,Closed,Phone,Agent Lisa,2024-10-06 14:02:00,2024-10-06 23:00:17,2024-10-07 07:33:20,8.97,17.52,Yes,2,Negative,Student needs help with enrollment issue.
1574,SFS2025574,Karen Johnson,student1574@sfsacademy.edu,Library Access,Critical,Pending Student Response,Portal,Agent Nadia,2025-02-13 11:24:00,2025-02-13 12:55:34,,1.53,,No,,Negative,Student needs help with library access issue.
1575,SFS2025575,Mia Thomas,student1575@sfsacademy.edu,Exam & Assessment,Low,Open,Phone,Agent Ravi,2024-08-16 15:59:00,2024-08-17 12:36:27,,20.62,,No,,Negative,Student needs help with exam & assessment issue.
1576,SFS2025576,Uma Martin,student1576@sfsacademy.edu,Technical Issue,High,Open,Phone,Agent Tom,2024-04-15 17:11:00,2024-04-15 18:39:29,,1.47,,No,,Negative,Student needs help with technical issue issue.
1577,SFS2025577,Yara Walker,student1577@sfsacademy.edu,Enrollment,Critical,Open,Email,Agent John,2025-01-09 08:42:00,2025-01-09 11:05:37,,2.39,,No,,Negative,Student needs help with enrollment issue.
1578,SFS2025578,Victor Thomas,student1578@sfsacademy.edu,Exam & Assessment,Critical,Open,Chat,Agent Lisa,2024-07-17 09:38:00,2024-07-17 11:25:44,,1.8,,No,,Neutral,Student needs help with exam & assessment issue.
1579,SFS2025579,Alice Brown,student1579@sfsacademy.edu,Enrollment,Medium,Closed,Phone,Agent Tom,2024-03-27 18:01:00,2024-03-28 14:17:16,2024-03-28 19:11:46,20.27,25.18,Yes,1,Negative,Student needs help with enrollment issue.
1580,SFS2025580,Diana Johnson,student1580@sfsacademy.edu,Exam & Assessment,Medium,Closed,Email,Agent Sara,2024-12-07 10:11:00,2024-12-07 15:09:07,2024-12-08 11:46:59,4.97,25.6,Yes,3,Neutral,Student needs help with exam & assessment issue.
1581,SFS2025581,Bob Lewis,student1581@sfsacademy.edu,Payment & Billing,Medium,Pending Student Response,Phone,Agent Tom,2024-02-10 13:07:00,2024-02-11 02:04:22,,12.96,,No,,Negative,Student needs help with payment & billing issue.
1582,SFS2025582,Diana Martinez,student1582@sfsacademy.edu,Enrollment,Medium,Pending Student Response,Chat,Agent Priya,2024-05-24 08:53:00,2024-05-25 02:13:14,,17.34,,No,,Neutral,Student needs help with enrollment issue.
1583,SFS2025583,Jack Young,student1583@sfsacademy.edu,Enrollment,Medium,Open,Email,Agent John,2024-12-28 17:43:00,2024-12-28 18:29:30,,0.78,,No,,Negative,Student needs help with enrollment issue.
1584,SFS2025584,Noah Johnson,student1584@sfsacademy.edu,Course Access,High,Closed,Phone,Agent Sara,2024-04-20 12:49:00,2024-04-20 16:29:07,2024-04-21 07:33:02,3.67,18.73,Yes,3,Neutral,Student needs help with course access issue.
1585,SFS2025585,Tina Young,student1585@sfsacademy.edu,Course Access,Critical,Closed,Email,Agent Lisa,2024-09-16 17:44:00,2024-09-16 20:02:55,2024-09-17 00:01:12,2.32,6.29,Yes,2,Negative,Student needs help with course access issue.
1586,SFS2025586,Carol Johnson,student1586@sfsacademy.edu,Exam & Assessment,Medium,Pending Student Response,Portal,Agent Tom,2024-03-30 16:22:00,2024-03-30 18:09:36,,1.79,,No,,Negative,Student needs help with exam & assessment issue.
1587,SFS2025587,Carol Hall,student1587@sfsacademy.edu,Technical Issue,Medium,Closed,Chat,Agent Nadia,2024-01-31 14:31:00,2024-02-01 17:42:03,2024-02-03 13:24:57,27.18,70.9,Yes,2,Negative,Student needs help with technical issue issue.
1588,SFS2025588,Wendy Jackson,student1588@sfsacademy.edu,Enrollment,Low,Pending Student Response,Phone,Agent Ravi,2024-07-17 15:30:00,2024-07-19 07:38:58,,40.15,,No,,Neutral,Student needs help with enrollment issue.
1589,SFS2025589,Bella Thomas,student1589@sfsacademy.edu,Exam & Assessment,High,Closed,Email,Agent Mike,2024-12-05 11:36:00,2024-12-05 12:07:31,2024-12-05 20:29:12,0.53,8.89,Yes,2,Negative,Student needs help with exam & assessment issue.
1590,SFS2025590,Carlos Robinson,student1590@sfsacademy.edu,Technical Issue,Low,Closed,Chat,Agent John,2024-06-20 13:00:00,2024-06-21 01:38:04,2024-06-22 14:41:08,12.63,49.69,Yes,1,Negative,Student needs help with technical issue issue.
1591,SFS2025591,David Brown,student1591@sfsacademy.edu,Technical Issue,Medium,Closed,Portal,Agent Priya,2024-04-04 12:06:00,2024-04-04 18:47:34,2024-04-05 06:11:42,6.69,18.1,No,4,Positive,Student needs help with technical issue issue.
1592,SFS2025592,Quinn Harris,student1592@sfsacademy.edu,Account & Login,Low,Pending Student Response,Phone,Agent Sara,2024-01-08 08:36:00,2024-01-08 23:02:55,,14.45,,No,,Negative,Student needs help with account & login issue.
1593,SFS2025593,Tina Smith,student1593@sfsacademy.edu,Account & Login,High,Open,Chat,Agent Nadia,2024-05-04 08:09:00,2024-05-04 10:39:05,,2.5,,No,,Neutral,Student needs help with account & login issue.
1594,SFS2025594,Carol Thomas,student1594@sfsacademy.edu,General Inquiry,Critical,In Progress,Chat,Agent Tom,2024-05-24 18:21:00,2024-05-24 19:27:51,,1.11,,No,,Neutral,Student needs help with general inquiry issue.
1595,SFS2025595,Zoe Smith,student1595@sfsacademy.edu,Technical Issue,Medium,Open,Portal,Agent Mike,2024-10-30 17:49:00,2024-10-31 06:10:35,,12.36,,No,,Neutral,Student needs help with technical issue issue.
1596,SFS2025596,Eve Smith,student1596@sfsacademy.edu,Course Access,Medium,Closed,Chat,Agent Lisa,2024-12-21 10:29:00,2024-12-22 14:48:38,2024-12-24 09:38:14,28.33,71.15,Yes,2,Negative,Student needs help with course access issue.
1597,SFS2025597,David Young,student1597@sfsacademy.edu,Enrollment,High,Pending Student Response,Portal,Agent Sara,2024-08-15 09:05:00,2024-08-15 11:18:13,,2.22,,No,,Neutral,Student needs help with enrollment issue.
1598,SFS2025598,Noah Taylor,student1598@sfsacademy.edu,Course Access,Low,In Progress,Email,Agent Ravi,2025-01-06 18:10:00,2025-01-08 09:51:35,,39.69,,No,,Neutral,Student needs help with course access issue.
1599,SFS2025599,Frank Taylor,student1599@sfsacademy.edu,Exam & Assessment,Medium,Closed,Phone,Agent John,2025-01-30 09:32:00,2025-01-31 02:08:07,2025-02-01 00:55:53,16.6,39.4,Yes,3,Neutral,Student needs help with exam & assessment issue.
1600,SFS2025600,Carol Hall,student1600@sfsacademy.edu,Exam & Assessment,Low,Open,Chat,Agent Mike,2024-07-14 16:33:00,2024-07-15 23:35:50,,31.05,,No,,Neutral,Student needs help with exam & assessment issue.
1601,SFS2025601,David Walker,student1601@sfsacademy.edu,Payment & Billing,Medium,Closed,Phone,Agent Lisa,2024-07-11 17:09:00,2024-07-12 20:51:32,2024-07-13 12:28:31,27.71,43.33,Yes,1,Negative,Student needs help with payment & billing issue.
1602,SFS2025602,Uma White,student1602@sfsacademy.edu,Technical Issue,High,Open,Portal,Agent Priya,2024-03-11 10:46:00,2024-03-11 16:51:48,,6.1,,No,,Neutral,Student needs help with technical issue issue.
1603,SFS2025603,Diana Walker,student1603@sfsacademy.edu,Library Access,Low,Open,Phone,Agent Ravi,2024-03-10 18:09:00,2024-03-12 08:02:27,,37.89,,No,,Neutral,Student needs help with library access issue.
1604,SFS2025604,Eve Johnson,student1604@sfsacademy.edu,Exam & Assessment,Medium,In Progress,Email,Agent Mike,2025-01-17 09:04:00,2025-01-18 04:36:58,,19.55,,No,,Neutral,Student needs help with exam & assessment issue.
1605,SFS2025605,Paul Martinez,student1605@sfsacademy.edu,Payment & Billing,Low,Pending Student Response,Portal,Agent Mike,2024-11-20 11:03:00,2024-11-20 19:00:22,,7.96,,No,,Negative,Student needs help with payment & billing issue.
1606,SFS2025606,Noah Harris,student1606@sfsacademy.edu,Payment & Billing,Medium,Open,Chat,Agent John,2024-03-06 09:15:00,2024-03-06 19:14:37,,9.99,,No,,Neutral,Student needs help with payment & billing issue.
1607,SFS2025607,Mia Allen,student1607@sfsacademy.edu,Exam & Assessment,Medium,Pending Student Response,Chat,Agent Mike,2024-07-21 11:00:00,2024-07-22 00:25:50,,13.43,,No,,Negative,Student needs help with exam & assessment issue.
1608,SFS2025608,Paul Martin,student1608@sfsacademy.edu,Technical Issue,Low,Pending Student Response,Email,Agent Priya,2024-02-19 17:34:00,2024-02-20 17:48:13,,24.24,,No,,Neutral,Student needs help with technical issue issue.
1609,SFS2025609,Carol Young,student1609@sfsacademy.edu,Enrollment,High,Open,Email,Agent John,2024-07-12 17:02:00,2024-07-12 19:55:57,,2.9,,No,,Negative,Student needs help with enrollment issue.
1610,SFS2025610,Leo Robinson,student1610@sfsacademy.edu,Enrollment,Low,Open,Chat,Agent John,2024-07-17 14:10:00,2024-07-18 18:27:56,,28.3,,No,,Neutral,Student needs help with enrollment issue.
1611,SFS2025611,Diana Anderson,student1611@sfsacademy.edu,Account & Login,Medium,In Progress,Email,Agent Ravi,2024-10-12 13:53:00,2024-10-13 01:13:36,,11.34,,No,,Negative,Student needs help with account & login issue.
1612,SFS2025612,Bob Lewis,student1612@sfsacademy.edu,Technical Issue,High,Closed,Phone,Agent Lisa,2024-02-13 17:32:00,2024-02-14 01:07:13,2024-02-14 13:52:07,7.59,20.34,Yes,2,Negative,Student needs help with technical issue issue.
1613,SFS2025613,Frank Lewis,student1613@sfsacademy.edu,Enrollment,Medium,Closed,Chat,Agent Mike,2024-08-08 14:12:00,2024-08-09 00:25:45,2024-08-09 15:38:14,10.23,25.44,Yes,2,Negative,Student needs help with enrollment issue.
1614,SFS2025614,Grace Clark,student1614@sfsacademy.edu,Course Access,Low,Open,Phone,Agent John,2024-04-07 10:54:00,2024-04-09 18:42:37,,55.81,,No,,Negative,Student needs help with course access issue.
1615,SFS2025615,Carlos Johnson,student1615@sfsacademy.edu,Exam & Assessment,High,Closed,Portal,Agent Lisa,2024-12-06 10:58:00,2024-12-06 12:23:22,2024-12-06 21:06:35,1.42,10.14,Yes,2,Negative,Student needs help with exam & assessment issue.
1616,SFS2025616,Victor Young,student1616@sfsacademy.edu,Account & Login,Critical,Closed,Portal,Agent Priya,2024-09-30 15:38:00,2024-09-30 17:30:34,2024-09-30 21:13:54,1.88,5.6,Yes,3,Neutral,Student needs help with account & login issue.
1617,SFS2025617,Olivia Thomas,student1617@sfsacademy.edu,Exam & Assessment,Low,Closed,Portal,Agent Mike,2024-10-19 18:24:00,2024-10-21 12:01:17,2024-10-25 08:26:59,41.62,134.05,Yes,1,Negative,Student needs help with exam & assessment issue.
1618,SFS2025618,Carol Brown,student1618@sfsacademy.edu,Enrollment,Medium,Closed,Portal,Agent Lisa,2024-07-06 18:03:00,2024-07-07 21:25:01,2024-07-08 00:02:58,27.37,30.0,Yes,2,Negative,Student needs help with enrollment issue.
1619,SFS2025619,Diana Allen,student1619@sfsacademy.edu,Technical Issue,Medium,Closed,Phone,Agent Tom,2024-12-27 13:54:00,2024-12-28 00:51:54,2024-12-28 23:48:34,10.97,33.91,Yes,3,Neutral,Student needs help with technical issue issue.
1620,SFS2025620,Paul Harris,student1620@sfsacademy.edu,Library Access,Medium,Closed,Portal,Agent Tom,2024-12-11 12:31:00,2024-12-11 23:13:06,2024-12-12 11:29:43,10.7,22.98,No,4,Positive,Student needs help with library access issue.
1621,SFS2025621,Eve Brown,student1621@sfsacademy.edu,Account & Login,High,Pending Student Response,Chat,Agent John,2024-07-20 14:59:00,2024-07-20 17:22:54,,2.4,,No,,Negative,Student needs help with account & login issue.
1622,SFS2025622,Mia Young,student1622@sfsacademy.edu,Technical Issue,Medium,Closed,Phone,Agent Tom,2024-03-31 13:18:00,2024-04-01 04:10:39,2024-04-02 19:28:18,14.88,54.17,Yes,1,Negative,Student needs help with technical issue issue.
1623,SFS2025623,Olivia Harris,student1623@sfsacademy.edu,Account & Login,Critical,Closed,Chat,Agent Lisa,2024-03-14 13:50:00,2024-03-14 14:40:42,2024-03-14 18:14:20,0.85,4.41,Yes,1,Negative,Student needs help with account & login issue.
1624,SFS2025624,Victor Harris,student1624@sfsacademy.edu,Course Access,High,Closed,Portal,Agent Lisa,2024-03-10 11:23:00,2024-03-10 15:23:06,2024-03-11 06:22:55,4.0,19.0,Yes,1,Negative,Student needs help with course access issue.
1625,SFS2025625,Carlos Martin,student1625@sfsacademy.edu,Payment & Billing,Low,Pending Student Response,Email,Agent Nadia,2024-11-29 16:37:00,2024-11-30 10:18:13,,17.69,,No,,Negative,Student needs help with payment & billing issue.
1626,SFS2025626,Rose Taylor,student1626@sfsacademy.edu,General Inquiry,Medium,Closed,Email,Agent Mike,2024-04-19 08:28:00,2024-04-20 12:09:51,2024-04-21 21:09:21,27.7,60.69,Yes,1,Negative,Student needs help with general inquiry issue.
1627,SFS2025627,Carol Hall,student1627@sfsacademy.edu,Course Access,Medium,Open,Phone,Agent John,2024-09-10 16:52:00,2024-09-11 14:01:21,,21.16,,No,,Negative,Student needs help with course access issue.
1628,SFS2025628,Iris Harris,student1628@sfsacademy.edu,Library Access,Low,Pending Student Response,Chat,Agent Priya,2024-05-23 13:10:00,2024-05-25 16:26:19,,51.27,,No,,Negative,Student needs help with library access issue.
1629,SFS2025629,Wendy Walker,student1629@sfsacademy.edu,General Inquiry,Medium,Open,Portal,Agent Mike,2024-12-14 18:56:00,2024-12-15 20:02:44,,25.11,,No,,Neutral,Student needs help with general inquiry issue.
1630,SFS2025630,Mia Garcia,student1630@sfsacademy.edu,General Inquiry,High,Open,Chat,Agent Ravi,2024-07-29 13:56:00,2024-07-29 15:38:06,,1.7,,No,,Negative,Student needs help with general inquiry issue.
1631,SFS2025631,Diana Hall,student1631@sfsacademy.edu,Technical Issue,Medium,Open,Phone,Agent Sara,2024-07-27 11:12:00,2024-07-28 10:46:21,,23.57,,No,,Negative,Student needs help with technical issue issue.
1632,SFS2025632,Xander Anderson,student1632@sfsacademy.edu,Technical Issue,Critical,Closed,Email,Agent Sara,2024-02-02 08:59:00,2024-02-02 11:13:58,2024-02-02 13:41:03,2.25,4.7,Yes,2,Negative,Student needs help with technical issue issue.
1633,SFS2025633,Wendy Taylor,student1633@sfsacademy.edu,Enrollment,Medium,Closed,Chat,Agent John,2024-02-03 12:11:00,2024-02-03 13:25:56,2024-02-04 04:35:06,1.25,16.4,No,5,Positive,Student needs help with enrollment issue.
1634,SFS2025634,David Jackson,student1634@sfsacademy.edu,Course Access,Medium,Pending Student Response,Portal,Agent Ravi,2025-01-28 11:48:00,2025-01-29 14:00:31,,26.21,,No,,Neutral,Student needs help with course access issue.
1635,SFS2025635,Sam Lee,student1635@sfsacademy.edu,Account & Login,Medium,Open,Email,Agent Priya,2024-07-12 17:22:00,2024-07-13 10:52:23,,17.51,,No,,Neutral,Student needs help with account & login issue.
1636,SFS2025636,Aiden Lewis,student1636@sfsacademy.edu,Exam & Assessment,Low,Closed,Portal,Agent Mike,2025-02-05 11:22:00,2025-02-05 20:20:16,2025-02-06 11:39:42,8.97,24.3,No,5,Positive,Student needs help with exam & assessment issue.
1637,SFS2025637,Carlos White,student1637@sfsacademy.edu,Payment & Billing,High,Closed,Phone,Agent Sara,2024-04-26 17:12:00,2024-04-26 21:00:31,2024-04-27 05:06:50,3.81,11.91,Yes,2,Negative,Student needs help with payment & billing issue.
1638,SFS2025638,Olivia Johnson,student1638@sfsacademy.edu,Course Access,Low,Closed,Email,Agent Tom,2025-02-04 13:14:00,2025-02-05 16:32:39,2025-02-06 02:14:59,27.31,37.02,No,3,Neutral,Student needs help with course access issue.
1639,SFS2025639,Alice Lee,student1639@sfsacademy.edu,Course Access,Medium,Pending Student Response,Portal,Agent Priya,2024-09-18 10:24:00,2024-09-18 21:41:09,,11.29,,No,,Neutral,Student needs help with course access issue.
1640,SFS2025640,Uma Clark,student1640@sfsacademy.edu,Enrollment,Low,Closed,Email,Agent Priya,2024-03-04 10:25:00,2024-03-06 17:56:29,2024-03-08 17:46:33,55.52,103.36,Yes,3,Neutral,Student needs help with enrollment issue.
1641,SFS2025641,Eve Anderson,student1641@sfsacademy.edu,General Inquiry,High,Pending Student Response,Phone,Agent Mike,2024-12-28 12:34:00,2024-12-28 17:05:40,,4.53,,No,,Negative,Student needs help with general inquiry issue.
1642,SFS2025642,Iris Anderson,student1642@sfsacademy.edu,Payment & Billing,Critical,Open,Email,Agent Sara,2024-04-17 11:44:00,2024-04-17 13:39:59,,1.93,,No,,Negative,Student needs help with payment & billing issue.
1643,SFS2025643,Tina Garcia,student1643@sfsacademy.edu,Payment & Billing,High,Closed,Phone,Agent Priya,2024-06-26 16:42:00,2024-06-26 20:53:08,2024-06-27 03:32:28,4.19,10.84,Yes,3,Neutral,Student needs help with payment & billing issue.
1644,SFS2025644,Mia Lee,student1644@sfsacademy.edu,General Inquiry,Low,Closed,Email,Agent Mike,2024-04-18 13:41:00,2024-04-20 15:00:30,2024-04-21 02:54:32,49.33,61.23,Yes,1,Negative,Student needs help with general inquiry issue.
1645,SFS2025645,Alice Brown,student1645@sfsacademy.edu,Exam & Assessment,Low,Closed,Phone,Agent Mike,2024-05-21 09:52:00,2024-05-23 06:27:27,2024-05-25 21:30:42,44.59,107.65,Yes,2,Negative,Student needs help with exam & assessment issue.
1646,SFS2025646,Victor Martinez,student1646@sfsacademy.edu,Library Access,Medium,Open,Portal,Agent Nadia,2024-04-22 14:11:00,2024-04-23 06:50:24,,16.66,,No,,Negative,Student needs help with library access issue.
1647,SFS2025647,Zoe Thomas,student1647@sfsacademy.edu,Technical Issue,High,Pending Student Response,Phone,Agent Tom,2024-07-16 09:20:00,2024-07-16 12:07:16,,2.79,,No,,Neutral,Student needs help with technical issue issue.
1648,SFS2025648,Noah Harris,student1648@sfsacademy.edu,Library Access,Medium,Closed,Email,Agent John,2024-11-16 18:04:00,2024-11-17 10:35:27,2024-11-19 06:45:05,16.52,60.68,Yes,2,Negative,Student needs help with library access issue.
1649,SFS2025649,Bob Lee,student1649@sfsacademy.edu,Account & Login,Medium,Closed,Phone,Agent Mike,2024-01-09 17:59:00,2024-01-10 07:14:33,2024-01-11 07:35:06,13.26,37.6,Yes,3,Neutral,Student needs help with account & login issue.
1650,SFS2025650,Eve Brown,student1650@sfsacademy.edu,Account & Login,Low,Closed,Email,Agent Priya,2025-02-15 08:51:00,2025-02-15 13:24:39,2025-02-19 00:45:51,4.56,87.91,Yes,2,Negative,Student needs help with account & login issue.
1651,SFS2025651,Sam Walker,student1651@sfsacademy.edu,Account & Login,Critical,Closed,Chat,Agent Nadia,2024-03-17 12:04:00,2024-03-17 13:34:38,2024-03-17 16:31:09,1.51,4.45,Yes,2,Negative,Student needs help with account & login issue.
1652,SFS2025652,Olivia Robinson,student1652@sfsacademy.edu,General Inquiry,Low,Closed,Email,Agent Mike,2024-08-30 11:04:00,2024-09-01 09:07:34,2024-09-05 07:42:35,46.06,140.64,Yes,1,Negative,Student needs help with general inquiry issue.
1653,SFS2025653,Uma Allen,student1653@sfsacademy.edu,General Inquiry,Critical,Closed,Phone,Agent Nadia,2024-12-11 08:29:00,2024-12-11 09:26:02,2024-12-11 12:20:46,0.95,3.86,Yes,1,Negative,Student needs help with general inquiry issue.
1654,SFS2025654,Frank White,student1654@sfsacademy.edu,Account & Login,Low,Open,Phone,Agent Tom,2024-12-23 12:12:00,2024-12-23 23:27:22,,11.26,,No,,Negative,Student needs help with account & login issue.
1655,SFS2025655,Sam Lewis,student1655@sfsacademy.edu,Exam & Assessment,Low,Closed,Phone,Agent Sara,2024-03-04 10:02:00,2024-03-05 14:18:01,2024-03-07 03:13:24,28.27,65.19,Yes,3,Neutral,Student needs help with exam & assessment issue.
1656,SFS2025656,Rose Clark,student1656@sfsacademy.edu,Payment & Billing,Low,Open,Chat,Agent Nadia,2025-02-13 12:30:00,2025-02-14 11:35:28,,23.09,,No,,Negative,Student needs help with payment & billing issue.
1657,SFS2025657,Wendy Johnson,student1657@sfsacademy.edu,Library Access,Medium,Closed,Chat,Agent John,2024-09-11 14:19:00,2024-09-12 13:54:56,2024-09-13 09:02:29,23.6,42.72,Yes,2,Negative,Student needs help with library access issue.
1658,SFS2025658,Iris Allen,student1658@sfsacademy.edu,Exam & Assessment,Low,Closed,Chat,Agent Mike,2024-05-11 13:02:00,2024-05-12 00:54:23,2024-05-14 09:50:54,11.87,68.82,Yes,2,Negative,Student needs help with exam & assessment issue.
1659,SFS2025659,Bob Martinez,student1659@sfsacademy.edu,Course Access,Critical,Closed,Portal,Agent Tom,2024-08-06 17:11:00,2024-08-06 18:45:54,2024-08-06 20:54:19,1.58,3.72,Yes,2,Negative,Student needs help with course access issue.
1660,SFS2025660,Henry Brown,student1660@sfsacademy.edu,Course Access,Low,Closed,Portal,Agent Priya,2024-10-30 15:46:00,2024-10-31 18:41:06,2024-11-03 11:45:19,26.92,91.99,Yes,2,Negative,Student needs help with course access issue.
1661,SFS2025661,Jack Garcia,student1661@sfsacademy.edu,Exam & Assessment,Critical,Closed,Phone,Agent Nadia,2024-06-09 17:18:00,2024-06-09 19:33:10,2024-06-09 21:47:41,2.25,4.49,Yes,2,Negative,Student needs help with exam & assessment issue.
1662,SFS2025662,Tina Taylor,student1662@sfsacademy.edu,Enrollment,Critical,In Progress,Phone,Agent Lisa,2025-01-20 12:55:00,2025-01-20 14:54:33,,1.99,,No,,Negative,Student needs help with enrollment issue.
1663,SFS2025663,Iris Clark,student1663@sfsacademy.edu,Enrollment,Medium,Closed,Phone,Agent Lisa,2024-07-21 17:59:00,2024-07-22 10:50:59,2024-07-23 01:14:56,16.87,31.27,Yes,2,Negative,Student needs help with enrollment issue.
1664,SFS2025664,Quinn Clark,student1664@sfsacademy.edu,Payment & Billing,High,Pending Student Response,Portal,Agent Priya,2024-05-15 08:33:00,2024-05-15 09:29:04,,0.93,,No,,Negative,Student needs help with payment & billing issue.
1665,SFS2025665,Carlos Allen,student1665@sfsacademy.edu,Library Access,Medium,In Progress,Portal,Agent John,2024-03-06 17:46:00,2024-03-06 22:43:45,,4.96,,No,,Neutral,Student needs help with library access issue.
1666,SFS2025666,Grace Martin,student1666@sfsacademy.edu,General Inquiry,Medium,Open,Chat,Agent Sara,2024-08-16 10:03:00,2024-08-16 19:47:56,,9.75,,No,,Negative,Student needs help with general inquiry issue.
1667,SFS2025667,Jack Harris,student1667@sfsacademy.edu,Payment & Billing,Medium,Pending Student Response,Email,Agent Priya,2024-11-18 14:23:00,2024-11-18 21:48:02,,7.42,,No,,Neutral,Student needs help with payment & billing issue.
1668,SFS2025668,Carlos Martinez,student1668@sfsacademy.edu,Payment & Billing,Medium,In Progress,Email,Agent Mike,2024-10-17 14:54:00,2024-10-18 14:41:23,,23.79,,No,,Neutral,Student needs help with payment & billing issue.
1669,SFS2025669,Grace Garcia,student1669@sfsacademy.edu,General Inquiry,Low,Pending Student Response,Chat,Agent Tom,2024-02-24 10:49:00,2024-02-26 12:40:09,,49.85,,No,,Negative,Student needs help with general inquiry issue.
1670,SFS2025670,Iris Martinez,student1670@sfsacademy.edu,Technical Issue,Medium,Closed,Email,Agent Nadia,2024-10-25 13:40:00,2024-10-26 16:16:44,2024-10-27 21:55:29,26.61,56.26,Yes,3,Neutral,Student needs help with technical issue issue.
1671,SFS2025671,Bob Jackson,student1671@sfsacademy.edu,Account & Login,Low,Closed,Email,Agent Mike,2024-10-09 12:12:00,2024-10-09 16:50:18,2024-10-13 10:37:14,4.64,94.42,Yes,2,Negative,Student needs help with account & login issue.
1672,SFS2025672,Jack Thomas,student1672@sfsacademy.edu,Payment & Billing,High,Open,Portal,Agent Sara,2024-05-31 10:12:00,2024-05-31 12:28:25,,2.27,,No,,Negative,Student needs help with payment & billing issue.
1673,SFS2025673,Zoe Hall,student1673@sfsacademy.edu,Enrollment,Medium,Open,Chat,Agent Ravi,2024-05-15 14:13:00,2024-05-16 04:59:31,,14.78,,No,,Negative,Student needs help with enrollment issue.
1674,SFS2025674,Eve Brown,student1674@sfsacademy.edu,Exam & Assessment,Medium,In Progress,Phone,Agent Priya,2025-03-01 08:02:00,2025-03-01 19:19:39,,11.29,,No,,Neutral,Student needs help with exam & assessment issue.
1675,SFS2025675,Bob Anderson,student1675@sfsacademy.edu,General Inquiry,Medium,Closed,Portal,Agent Lisa,2024-11-27 18:31:00,2024-11-28 23:08:02,2024-11-29 14:19:57,28.62,43.82,Yes,3,Neutral,Student needs help with general inquiry issue.
1676,SFS2025676,Mia Garcia,student1676@sfsacademy.edu,Technical Issue,High,Closed,Portal,Agent Priya,2024-04-26 16:50:00,2024-04-27 00:45:01,2024-04-27 10:53:34,7.92,18.06,Yes,1,Negative,Student needs help with technical issue issue.
1677,SFS2025677,Tina White,student1677@sfsacademy.edu,Payment & Billing,Medium,Pending Student Response,Portal,Agent Mike,2024-04-02 15:48:00,2024-04-02 20:04:38,,4.28,,No,,Neutral,Student needs help with payment & billing issue.
1678,SFS2025678,Iris Clark,student1678@sfsacademy.edu,Course Access,Low,Closed,Portal,Agent Mike,2024-01-05 10:01:00,2024-01-07 12:38:23,2024-01-08 11:27:48,50.62,73.45,Yes,1,Negative,Student needs help with course access issue.
1679,SFS2025679,Olivia Clark,student1679@sfsacademy.edu,Account & Login,High,Open,Phone,Agent Ravi,2024-08-27 15:04:00,2024-08-28 00:03:19,,8.99,,No,,Neutral,Student needs help with account & login issue.
1680,SFS2025680,Grace Johnson,student1680@sfsacademy.edu,Exam & Assessment,Medium,Pending Student Response,Email,Agent Mike,2024-03-13 15:39:00,2024-03-13 21:03:42,,5.41,,No,,Negative,Student needs help with exam & assessment issue.
1681,SFS2025681,Zoe Anderson,student1681@sfsacademy.edu,Library Access,Low,Closed,Portal,Agent Ravi,2024-02-10 10:58:00,2024-02-11 00:53:04,2024-02-11 22:28:44,13.92,35.51,No,5,Positive,Student needs help with library access issue.
1682,SFS2025682,Victor Anderson,student1682@sfsacademy.edu,Technical Issue,Low,Open,Chat,Agent John,2024-01-24 10:34:00,2024-01-26 04:02:50,,41.48,,No,,Neutral,Student needs help with technical issue issue.
1683,SFS2025683,Paul Lee,student1683@sfsacademy.edu,Account & Login,Medium,Closed,Chat,Agent Lisa,2024-05-29 08:56:00,2024-05-30 06:04:56,2024-06-01 04:07:44,21.15,67.2,Yes,3,Neutral,Student needs help with account & login issue.
1684,SFS2025684,Rose Lewis,student1684@sfsacademy.edu,Payment & Billing,Low,Pending Student Response,Email,Agent Lisa,2024-06-13 12:26:00,2024-06-14 10:59:31,,22.56,,No,,Neutral,Student needs help with payment & billing issue.
1685,SFS2025685,Zoe Garcia,student1685@sfsacademy.edu,Course Access,Medium,Closed,Portal,Agent Priya,2024-03-19 18:30:00,2024-03-20 03:57:41,2024-03-20 06:50:46,9.46,12.35,No,5,Positive,Student needs help with course access issue.
1686,SFS2025686,Olivia Allen,student1686@sfsacademy.edu,Payment & Billing,Medium,Pending Student Response,Chat,Agent Mike,2024-07-16 14:48:00,2024-07-16 22:20:58,,7.55,,No,,Neutral,Student needs help with payment & billing issue.
1687,SFS2025687,Henry Martinez,student1687@sfsacademy.edu,Course Access,Low,Open,Email,Agent Sara,2025-01-28 09:50:00,2025-01-29 16:38:55,,30.82,,No,,Neutral,Student needs help with course access issue.
1688,SFS2025688,Jack Johnson,student1688@sfsacademy.edu,Technical Issue,High,Pending Student Response,Chat,Agent John,2024-12-18 16:26:00,2024-12-19 00:42:51,,8.28,,No,,Negative,Student needs help with technical issue issue.
1689,SFS2025689,Xander Taylor,student1689@sfsacademy.edu,Course Access,Low,Open,Phone,Agent Lisa,2025-02-12 18:59:00,2025-02-13 05:39:31,,10.68,,No,,Negative,Student needs help with course access issue.
1690,SFS2025690,Frank Thomas,student1690@sfsacademy.edu,Account & Login,Low,In Progress,Portal,Agent Lisa,2024-09-09 09:11:00,2024-09-09 22:15:47,,13.08,,No,,Negative,Student needs help with account & login issue.
1691,SFS2025691,Sam Robinson,student1691@sfsacademy.edu,Account & Login,Low,Open,Chat,Agent Priya,2024-01-11 13:54:00,2024-01-13 05:10:41,,39.28,,No,,Negative,Student needs help with account & login issue.
1692,SFS2025692,Alice Martin,student1692@sfsacademy.edu,Enrollment,High,Closed,Phone,Agent Mike,2024-04-08 11:47:00,2024-04-08 14:57:45,2024-04-08 22:36:17,3.18,10.82,Yes,3,Neutral,Student needs help with enrollment issue.
1693,SFS2025693,Leo Young,student1693@sfsacademy.edu,Exam & Assessment,Medium,Closed,Phone,Agent Sara,2024-09-14 16:31:00,2024-09-15 06:09:55,2024-09-16 20:58:27,13.65,52.46,Yes,1,Negative,Student needs help with exam & assessment issue.
1694,SFS2025694,Mia Clark,student1694@sfsacademy.edu,Exam & Assessment,Medium,Closed,Chat,Agent Mike,2024-12-15 14:49:00,2024-12-16 05:22:37,2024-12-17 11:42:03,14.56,44.88,Yes,3,Neutral,Student needs help with exam & assessment issue.
1695,SFS2025695,Diana Lee,student1695@sfsacademy.edu,Exam & Assessment,Low,Pending Student Response,Portal,Agent Nadia,2024-11-20 18:13:00,2024-11-21 10:01:11,,15.8,,No,,Negative,Student needs help with exam & assessment issue.
1696,SFS2025696,Leo Hall,student1696@sfsacademy.edu,Payment & Billing,Low,In Progress,Chat,Agent Sara,2024-08-30 13:50:00,2024-08-30 18:55:58,,5.1,,No,,Negative,Student needs help with payment & billing issue.
1697,SFS2025697,Carol Garcia,student1697@sfsacademy.edu,Exam & Assessment,Medium,Open,Portal,Agent Priya,2024-02-12 10:51:00,2024-02-13 04:07:06,,17.27,,No,,Neutral,Student needs help with exam & assessment issue.
1698,SFS2025698,Eve Clark,student1698@sfsacademy.edu,Exam & Assessment,Low,Closed,Portal,Agent Nadia,2025-01-28 14:13:00,2025-01-29 15:36:21,2025-01-31 12:37:01,25.39,70.4,Yes,3,Neutral,Student needs help with exam & assessment issue.
1699,SFS2025699,Victor Harris,student1699@sfsacademy.edu,Payment & Billing,Low,Pending Student Response,Chat,Agent Sara,2024-03-29 17:46:00,2024-03-30 15:47:32,,22.03,,No,,Negative,Student needs help with payment & billing issue.
1700,SFS2025700,Bella Johnson,student1700@sfsacademy.edu,Course Access,Medium,Closed,Portal,Agent Mike,2024-11-15 16:01:00,2024-11-16 13:00:05,2024-11-17 00:29:03,20.98,32.47,Yes,2,Negative,Student needs help with course access issue.
1701,SFS2025701,David Thomas,student1701@sfsacademy.edu,Payment & Billing,Medium,Pending Student Response,Email,Agent John,2024-01-23 12:36:00,2024-01-23 18:06:10,,5.5,,No,,Neutral,Student needs help with payment & billing issue.
1702,SFS2025702,Mia Martin,student1702@sfsacademy.edu,Course Access,High,Closed,Portal,Agent Tom,2025-02-04 09:23:00,2025-02-04 17:47:52,2025-02-05 02:56:58,8.41,17.57,Yes,2,Negative,Student needs help with course access issue.
1703,SFS2025703,Aiden Smith,student1703@sfsacademy.edu,Library Access,Medium,Closed,Chat,Agent Sara,2024-01-05 09:48:00,2024-01-05 19:03:11,2024-01-06 10:24:58,9.25,24.62,Yes,1,Negative,Student needs help with library access issue.
1704,SFS2025704,Xander Robinson,student1704@sfsacademy.edu,General Inquiry,Medium,Closed,Chat,Agent Ravi,2024-01-22 14:11:00,2024-01-22 21:36:14,2024-01-23 13:20:49,7.42,23.16,No,4,Positive,Student needs help with general inquiry issue.
1705,SFS2025705,David Young,student1705@sfsacademy.edu,Library Access,Critical,Closed,Chat,Agent John,2024-11-22 14:18:00,2024-11-22 16:10:33,2024-11-22 17:49:44,1.88,3.53,Yes,2,Negative,Student needs help with library access issue.
1706,SFS2025706,Jack Thomas,student1706@sfsacademy.edu,Payment & Billing,Low,Open,Phone,Agent Sara,2024-03-13 14:51:00,2024-03-15 06:45:32,,39.91,,No,,Neutral,Student needs help with payment & billing issue.
1707,SFS2025707,Eve Clark,student1707@sfsacademy.edu,Library Access,Low,In Progress,Email,Agent Ravi,2024-11-09 12:34:00,2024-11-09 18:12:30,,5.64,,No,,Negative,Student needs help with library access issue.
1708,SFS2025708,Carlos Clark,student1708@sfsacademy.edu,Course Access,Critical,Closed,Portal,Agent Priya,2024-10-28 17:38:00,2024-10-28 18:20:38,2024-10-28 20:59:33,0.71,3.36,Yes,1,Negative,Student needs help with course access issue.
1709,SFS2025709,Xander Thomas,student1709@sfsacademy.edu,Technical Issue,High,Pending Student Response,Email,Agent Sara,2024-08-04 14:01:00,2024-08-04 17:40:55,,3.67,,No,,Neutral,Student needs help with technical issue issue.
1710,SFS2025710,Zoe Thomas,student1710@sfsacademy.edu,Course Access,Medium,Open,Phone,Agent Sara,2024-10-03 13:12:00,2024-10-04 07:34:48,,18.38,,No,,Negative,Student needs help with course access issue.
1711,SFS2025711,Victor Allen,student1711@sfsacademy.edu,Technical Issue,Medium,Closed,Portal,Agent Tom,2024-05-18 11:56:00,2024-05-19 14:36:29,2024-05-21 07:12:12,26.67,67.27,Yes,2,Negative,Student needs help with technical issue issue.
1712,SFS2025712,Frank Hall,student1712@sfsacademy.edu,Account & Login,Low,Closed,Chat,Agent Priya,2025-01-27 17:03:00,2025-01-29 12:44:02,2025-02-02 06:25:20,43.68,133.37,Yes,3,Neutral,Student needs help with account & login issue.
1713,SFS2025713,Uma Taylor,student1713@sfsacademy.edu,Enrollment,High,Closed,Chat,Agent Mike,2024-04-15 16:39:00,2024-04-15 20:51:29,2024-04-16 09:03:47,4.21,16.41,Yes,2,Negative,Student needs help with enrollment issue.
1714,SFS2025714,Noah Hall,student1714@sfsacademy.edu,Account & Login,High,Pending Student Response,Chat,Agent Priya,2024-11-19 16:58:00,2024-11-19 21:36:21,,4.64,,No,,Neutral,Student needs help with account & login issue.
1715,SFS2025715,David Hall,student1715@sfsacademy.edu,Payment & Billing,Critical,Open,Portal,Agent Mike,2024-06-05 09:00:00,2024-06-05 10:51:43,,1.86,,No,,Neutral,Student needs help with payment & billing issue.
1716,SFS2025716,Alice Robinson,student1716@sfsacademy.edu,Course Access,High,Closed,Phone,Agent Ravi,2024-09-17 11:22:00,2024-09-17 18:18:42,2024-09-18 06:46:31,6.95,19.41,Yes,3,Neutral,Student needs help with course access issue.
1717,SFS2025717,Bella Harris,student1717@sfsacademy.edu,Exam & Assessment,Low,Open,Email,Agent Priya,2024-09-03 15:24:00,2024-09-05 04:08:50,,36.75,,No,,Neutral,Student needs help with exam & assessment issue.
1718,SFS2025718,Sam Clark,student1718@sfsacademy.edu,Account & Login,Low,Closed,Chat,Agent John,2024-05-06 09:39:00,2024-05-08 14:34:49,2024-05-11 09:35:08,52.93,119.94,Yes,2,Negative,Student needs help with account & login issue.
1719,SFS2025719,Xander Anderson,student1719@sfsacademy.edu,Exam & Assessment,Low,Closed,Portal,Agent Ravi,2024-10-23 16:41:00,2024-10-25 11:07:08,2024-10-25 13:41:57,42.44,45.02,No,5,Positive,Student needs help with exam & assessment issue.
1720,SFS2025720,Sam Taylor,student1720@sfsacademy.edu,Account & Login,Medium,In Progress,Portal,Agent Nadia,2024-12-25 14:24:00,2024-12-26 08:12:33,,17.81,,No,,Negative,Student needs help with account & login issue.
1721,SFS2025721,Uma Smith,student1721@sfsacademy.edu,Payment & Billing,Low,Closed,Phone,Agent Tom,2024-03-11 13:28:00,2024-03-12 02:43:45,2024-03-13 05:38:53,13.26,40.18,No,4,Positive,Student needs help with payment & billing issue.
1722,SFS2025722,Yara Young,student1722@sfsacademy.edu,Technical Issue,Low,Open,Phone,Agent Ravi,2025-01-26 15:47:00,2025-01-28 04:06:28,,36.32,,No,,Neutral,Student needs help with technical issue issue.
1723,SFS2025723,Olivia Martin,student1723@sfsacademy.edu,General Inquiry,Critical,Closed,Chat,Agent Nadia,2024-07-29 14:37:00,2024-07-29 15:09:27,2024-07-29 16:10:09,0.54,1.55,No,5,Positive,Student needs help with general inquiry issue.
1724,SFS2025724,Zoe Walker,student1724@sfsacademy.edu,Library Access,Low,Closed,Phone,Agent Nadia,2024-12-17 18:31:00,2024-12-17 23:18:52,2024-12-20 00:40:30,4.8,54.16,Yes,3,Neutral,Student needs help with library access issue.
1725,SFS2025725,David Robinson,student1725@sfsacademy.edu,General Inquiry,Medium,Closed,Portal,Agent Tom,2024-06-03 09:26:00,2024-06-03 21:12:56,2024-06-05 01:32:50,11.78,40.11,Yes,3,Neutral,Student needs help with general inquiry issue.
1726,SFS2025726,Aiden Johnson,student1726@sfsacademy.edu,Technical Issue,Low,Closed,Chat,Agent Priya,2024-05-29 17:34:00,2024-05-31 20:04:37,2024-06-02 04:06:37,50.51,82.54,Yes,1,Negative,Student needs help with technical issue issue.
1727,SFS2025727,Iris Hall,student1727@sfsacademy.edu,Account & Login,Critical,Open,Email,Agent Lisa,2024-03-24 14:08:00,2024-03-24 14:40:03,,0.53,,No,,Neutral,Student needs help with account & login issue.
1728,SFS2025728,Henry Young,student1728@sfsacademy.edu,Enrollment,Low,Closed,Phone,Agent Sara,2024-05-09 13:33:00,2024-05-10 17:35:56,2024-05-13 09:56:27,28.05,92.39,Yes,2,Negative,Student needs help with enrollment issue.
1729,SFS2025729,Alice Anderson,student1729@sfsacademy.edu,Course Access,High,Pending Student Response,Chat,Agent Tom,2024-10-31 15:16:00,2024-11-01 00:43:23,,9.46,,No,,Neutral,Student needs help with course access issue.
1730,SFS2025730,David Allen,student1730@sfsacademy.edu,Technical Issue,Low,Open,Chat,Agent Tom,2024-08-16 13:58:00,2024-08-18 09:50:58,,43.88,,No,,Negative,Student needs help with technical issue issue.
1731,SFS2025731,Yara Allen,student1731@sfsacademy.edu,Exam & Assessment,Medium,Open,Phone,Agent Nadia,2025-02-02 17:22:00,2025-02-02 20:36:51,,3.25,,No,,Negative,Student needs help with exam & assessment issue.
1732,SFS2025732,Diana Smith,student1732@sfsacademy.edu,Library Access,Medium,Pending Student Response,Chat,Agent Nadia,2024-04-08 15:34:00,2024-04-09 08:10:58,,16.62,,No,,Negative,Student needs help with library access issue.
1733,SFS2025733,Wendy Taylor,student1733@sfsacademy.edu,Technical Issue,Medium,Closed,Email,Agent Sara,2024-11-30 09:33:00,2024-12-01 03:54:28,2024-12-01 14:29:53,18.36,28.95,Yes,2,Negative,Student needs help with technical issue issue.
1734,SFS2025734,Noah Hall,student1734@sfsacademy.edu,Library Access,Critical,Closed,Email,Agent Priya,2024-01-25 11:17:00,2024-01-25 12:31:50,2024-01-25 14:21:12,1.25,3.07,Yes,2,Negative,Student needs help with library access issue.
1735,SFS2025735,Tina Young,student1735@sfsacademy.edu,Payment & Billing,Medium,Open,Email,Agent Priya,2024-07-24 13:10:00,2024-07-24 22:49:29,,9.66,,No,,Negative,Student needs help with payment & billing issue.
1736,SFS2025736,Diana Martin,student1736@sfsacademy.edu,Payment & Billing,Medium,Closed,Portal,Agent Priya,2024-08-11 15:08:00,2024-08-11 19:10:03,2024-08-11 20:32:22,4.03,5.41,No,4,Positive,Student needs help with payment & billing issue.
1737,SFS2025737,Tina Clark,student1737@sfsacademy.edu,Account & Login,Medium,Closed,Phone,Agent Lisa,2024-08-13 08:16:00,2024-08-14 04:08:40,2024-08-14 20:27:05,19.88,36.18,Yes,2,Negative,Student needs help with account & login issue.
1738,SFS2025738,Eve Martin,student1738@sfsacademy.edu,Enrollment,High,Pending Student Response,Email,Agent Tom,2024-06-16 10:06:00,2024-06-16 15:03:02,,4.95,,No,,Neutral,Student needs help with enrollment issue.
1739,SFS2025739,Carol Brown,student1739@sfsacademy.edu,Technical Issue,Low,Pending Student Response,Portal,Agent Sara,2024-06-19 13:13:00,2024-06-20 12:14:10,,23.02,,No,,Neutral,Student needs help with technical issue issue.
1740,SFS2025740,Xander White,student1740@sfsacademy.edu,General Inquiry,Critical,Closed,Portal,Agent Ravi,2025-01-02 15:15:00,2025-01-02 16:33:31,2025-01-02 18:22:14,1.31,3.12,Yes,2,Negative,Student needs help with general inquiry issue.
1741,SFS2025741,Leo Anderson,student1741@sfsacademy.edu,Exam & Assessment,Medium,Closed,Portal,Agent Priya,2024-11-12 13:35:00,2024-11-13 06:37:24,2024-11-13 21:58:16,17.04,32.39,Yes,2,Negative,Student needs help with exam & assessment issue.
1742,SFS2025742,Carol Johnson,student1742@sfsacademy.edu,Exam & Assessment,Medium,In Progress,Phone,Agent Ravi,2024-12-30 13:06:00,2024-12-31 07:00:10,,17.9,,No,,Negative,Student needs help with exam & assessment issue.
1743,SFS2025743,Iris Lee,student1743@sfsacademy.edu,Library Access,High,Open,Phone,Agent John,2024-06-21 08:33:00,2024-06-21 13:07:44,,4.58,,No,,Negative,Student needs help with library access issue.
1744,SFS2025744,David Martinez,student1744@sfsacademy.edu,Library Access,Low,Pending Student Response,Phone,Agent Ravi,2024-04-27 13:40:00,2024-04-27 20:34:10,,6.9,,No,,Negative,Student needs help with library access issue.
1745,SFS2025745,Henry Lee,student1745@sfsacademy.edu,Enrollment,High,Closed,Phone,Agent Lisa,2024-10-24 12:44:00,2024-10-24 20:56:41,2024-10-25 06:59:24,8.21,18.26,Yes,1,Negative,Student needs help with enrollment issue.
1746,SFS2025746,Wendy Jackson,student1746@sfsacademy.edu,Enrollment,Low,Open,Email,Agent Nadia,2024-09-18 16:01:00,2024-09-20 18:24:47,,50.4,,No,,Neutral,Student needs help with enrollment issue.
1747,SFS2025747,Zoe Hall,student1747@sfsacademy.edu,Account & Login,Critical,In Progress,Chat,Agent Sara,2024-05-02 18:33:00,2024-05-02 20:00:41,,1.46,,No,,Neutral,Student needs help with account & login issue.
1748,SFS2025748,Carol Garcia,student1748@sfsacademy.edu,Enrollment,Low,Closed,Phone,Agent Sara,2024-02-04 13:50:00,2024-02-06 13:34:01,2024-02-08 07:52:21,47.73,90.04,Yes,2,Negative,Student needs help with enrollment issue.
1749,SFS2025749,David Walker,student1749@sfsacademy.edu,Enrollment,Medium,Closed,Portal,Agent Tom,2024-04-02 09:28:00,2024-04-02 23:37:30,2024-04-04 14:29:47,14.16,53.03,Yes,2,Negative,Student needs help with enrollment issue.
1750,SFS2025750,Mia Thomas,student1750@sfsacademy.edu,Library Access,Medium,Closed,Chat,Agent Lisa,2024-10-16 09:22:00,2024-10-16 23:55:09,2024-10-18 11:28:29,14.55,50.11,Yes,2,Negative,Student needs help with library access issue.
1751,SFS2025751,Carlos Robinson,student1751@sfsacademy.edu,Enrollment,Critical,In Progress,Chat,Agent Mike,2024-10-30 14:37:00,2024-10-30 15:22:34,,0.76,,No,,Negative,Student needs help with enrollment issue.
1752,SFS2025752,Henry Allen,student1752@sfsacademy.edu,Technical Issue,Critical,Closed,Email,Agent Sara,2024-11-18 14:16:00,2024-11-18 14:51:29,2024-11-18 17:38:42,0.59,3.38,Yes,2,Negative,Student needs help with technical issue issue.
1753,SFS2025753,Victor Walker,student1753@sfsacademy.edu,Exam & Assessment,Low,In Progress,Email,Agent Priya,2024-01-09 16:57:00,2024-01-11 09:39:50,,40.71,,No,,Negative,Student needs help with exam & assessment issue.
1754,SFS2025754,Aiden Lee,student1754@sfsacademy.edu,Library Access,Medium,Closed,Phone,Agent Ravi,2024-05-28 12:10:00,2024-05-29 01:03:47,2024-05-30 04:25:55,12.9,40.27,Yes,3,Neutral,Student needs help with library access issue.
1755,SFS2025755,Olivia Allen,student1755@sfsacademy.edu,Payment & Billing,Medium,Pending Student Response,Email,Agent John,2024-06-17 18:45:00,2024-06-18 00:19:11,,5.57,,No,,Neutral,Student needs help with payment & billing issue.
1756,SFS2025756,Bella Lewis,student1756@sfsacademy.edu,Course Access,Medium,Closed,Phone,Agent Priya,2024-08-24 16:38:00,2024-08-25 08:05:55,2024-08-25 17:54:46,15.47,25.28,Yes,2,Negative,Student needs help with course access issue.
1757,SFS2025757,Zoe Jackson,student1757@sfsacademy.edu,Library Access,Critical,Pending Student Response,Phone,Agent Lisa,2024-02-11 15:00:00,2024-02-11 17:02:26,,2.04,,No,,Negative,Student needs help with library access issue.
1758,SFS2025758,Quinn Walker,student1758@sfsacademy.edu,Account & Login,High,Closed,Email,Agent John,2024-08-05 15:48:00,2024-08-05 17:57:29,2024-08-05 22:13:22,2.16,6.42,No,3,Neutral,Student needs help with account & login issue.
1759,SFS2025759,Sam Smith,student1759@sfsacademy.edu,Enrollment,Medium,Pending Student Response,Email,Agent Ravi,2024-06-23 14:54:00,2024-06-23 23:11:07,,8.29,,No,,Negative,Student needs help with enrollment issue.
1760,SFS2025760,Rose Clark,student1760@sfsacademy.edu,Payment & Billing,High,Closed,Chat,Agent John,2025-02-24 08:47:00,2025-02-24 13:32:32,2025-02-24 15:14:49,4.76,6.46,No,4,Positive,Student needs help with payment & billing issue.
1761,SFS2025761,Xander Smith,student1761@sfsacademy.edu,Course Access,Low,Pending Student Response,Email,Agent Tom,2024-08-04 17:13:00,2024-08-06 12:48:04,,43.58,,No,,Negative,Student needs help with course access issue.
1762,SFS2025762,Henry Hall,student1762@sfsacademy.edu,Technical Issue,Low,Closed,Email,Agent John,2025-01-28 18:20:00,2025-01-30 03:42:15,2025-02-02 07:29:39,33.37,109.16,Yes,1,Negative,Student needs help with technical issue issue.
1763,SFS2025763,Wendy Walker,student1763@sfsacademy.edu,Exam & Assessment,Medium,Closed,Email,Agent Tom,2024-03-05 17:30:00,2024-03-06 00:53:12,2024-03-06 21:56:11,7.39,28.44,Yes,2,Negative,Student needs help with exam & assessment issue.
1764,SFS2025764,Wendy Lewis,student1764@sfsacademy.edu,Course Access,Low,Closed,Phone,Agent Sara,2024-06-16 16:51:00,2024-06-17 12:03:50,2024-06-21 00:35:57,19.21,103.75,Yes,1,Negative,Student needs help with course access issue.
1765,SFS2025765,Diana Lewis,student1765@sfsacademy.edu,General Inquiry,Critical,In Progress,Chat,Agent Mike,2024-04-15 14:04:00,2024-04-15 16:00:21,,1.94,,No,,Neutral,Student needs help with general inquiry issue.
1766,SFS2025766,Wendy Smith,student1766@sfsacademy.edu,Account & Login,Medium,Pending Student Response,Portal,Agent Mike,2024-02-10 11:44:00,2024-02-10 22:13:47,,10.5,,No,,Neutral,Student needs help with account & login issue.
1767,SFS2025767,Olivia White,student1767@sfsacademy.edu,Account & Login,Medium,Pending Student Response,Phone,Agent John,2024-11-16 13:34:00,2024-11-17 07:58:36,,18.41,,No,,Negative,Student needs help with account & login issue.
1768,SFS2025768,David Robinson,student1768@sfsacademy.edu,Enrollment,High,Pending Student Response,Portal,Agent Ravi,2024-02-14 18:21:00,2024-02-14 22:05:57,,3.75,,No,,Neutral,Student needs help with enrollment issue.
1769,SFS2025769,Rose Young,student1769@sfsacademy.edu,Payment & Billing,Critical,Closed,Chat,Agent Mike,2024-05-28 11:25:00,2024-05-28 12:50:25,2024-05-28 15:12:40,1.42,3.79,Yes,3,Neutral,Student needs help with payment & billing issue.
1770,SFS2025770,Carol Clark,student1770@sfsacademy.edu,Enrollment,Medium,Closed,Portal,Agent Lisa,2024-08-03 18:24:00,2024-08-04 09:39:03,2024-08-05 04:24:12,15.25,34.0,Yes,1,Negative,Student needs help with enrollment issue.
1771,SFS2025771,Noah Harris,student1771@sfsacademy.edu,General Inquiry,Low,In Progress,Portal,Agent Tom,2024-02-09 08:57:00,2024-02-10 04:33:53,,19.61,,No,,Negative,Student needs help with general inquiry issue.
1772,SFS2025772,Noah Jackson,student1772@sfsacademy.edu,Technical Issue,Low,Closed,Chat,Agent Priya,2024-01-22 13:07:00,2024-01-24 21:34:55,2024-01-24 23:22:04,56.47,58.25,Yes,1,Negative,Student needs help with technical issue issue.
1773,SFS2025773,Sam Garcia,student1773@sfsacademy.edu,Library Access,High,Pending Student Response,Phone,Agent Lisa,2024-08-04 10:59:00,2024-08-04 15:36:29,,4.62,,No,,Neutral,Student needs help with library access issue.
1774,SFS2025774,Victor Young,student1774@sfsacademy.edu,Technical Issue,Low,Closed,Chat,Agent Nadia,2025-02-10 11:59:00,2025-02-11 11:26:42,2025-02-14 06:29:11,23.46,90.5,Yes,3,Neutral,Student needs help with technical issue issue.
1775,SFS2025775,Bella White,student1775@sfsacademy.edu,Library Access,Low,Closed,Phone,Agent Ravi,2024-11-16 08:36:00,2024-11-18 10:50:37,2024-11-21 11:30:41,50.24,122.91,Yes,2,Negative,Student needs help with library access issue.
1776,SFS2025776,Noah Hall,student1776@sfsacademy.edu,General Inquiry,High,Closed,Chat,Agent John,2025-03-01 13:34:00,2025-03-01 16:29:10,2025-03-01 20:26:03,2.92,6.87,No,5,Positive,Student needs help with general inquiry issue.
1777,SFS2025777,Quinn Brown,student1777@sfsacademy.edu,Library Access,Low,Closed,Portal,Agent Sara,2024-10-13 09:50:00,2024-10-14 03:45:09,2024-10-15 00:32:16,17.92,38.7,No,4,Positive,Student needs help with library access issue.
1778,SFS2025778,Alice Harris,student1778@sfsacademy.edu,Exam & Assessment,Medium,Closed,Portal,Agent Mike,2024-09-16 15:13:00,2024-09-16 21:47:08,2024-09-17 12:07:54,6.57,20.92,No,4,Positive,Student needs help with exam & assessment issue.
1779,SFS2025779,Alice Thomas,student1779@sfsacademy.edu,Course Access,Low,Open,Portal,Agent Tom,2024-02-18 11:45:00,2024-02-19 17:31:20,,29.77,,No,,Negative,Student needs help with course access issue.
1780,SFS2025780,Henry Brown,student1780@sfsacademy.edu,Payment & Billing,Low,Closed,Phone,Agent Sara,2024-10-06 10:25:00,2024-10-06 14:47:21,2024-10-10 00:17:25,4.37,85.87,Yes,3,Neutral,Student needs help with payment & billing issue.
1781,SFS2025781,Wendy Lee,student1781@sfsacademy.edu,Payment & Billing,Medium,Closed,Phone,Agent Sara,2024-11-08 08:46:00,2024-11-09 06:43:01,2024-11-09 10:49:56,21.95,26.07,Yes,1,Negative,Student needs help with payment & billing issue.
1782,SFS2025782,Aiden Hall,student1782@sfsacademy.edu,Enrollment,High,Open,Phone,Agent Priya,2024-12-19 17:53:00,2024-12-19 21:45:41,,3.88,,No,,Neutral,Student needs help with enrollment issue.
1783,SFS2025783,Rose Lewis,student1783@sfsacademy.edu,Library Access,Medium,Pending Student Response,Portal,Agent John,2024-11-25 09:03:00,2024-11-25 13:37:50,,4.58,,No,,Negative,Student needs help with library access issue.
1784,SFS2025784,Paul Martin,student1784@sfsacademy.edu,Account & Login,High,Closed,Chat,Agent Lisa,2024-01-15 17:46:00,2024-01-15 20:07:45,2024-01-15 23:47:28,2.36,6.02,No,3,Neutral,Student needs help with account & login issue.
1785,SFS2025785,Bob Jackson,student1785@sfsacademy.edu,Enrollment,Low,Closed,Chat,Agent Priya,2025-02-10 10:11:00,2025-02-10 16:22:29,2025-02-12 20:03:50,6.19,57.88,Yes,2,Negative,Student needs help with enrollment issue.
1786,SFS2025786,Uma Thomas,student1786@sfsacademy.edu,Enrollment,Medium,Closed,Chat,Agent Sara,2024-06-05 14:33:00,2024-06-05 15:23:22,2024-06-06 18:03:31,0.84,27.51,Yes,2,Negative,Student needs help with enrollment issue.
1787,SFS2025787,Noah Hall,student1787@sfsacademy.edu,Enrollment,Low,Closed,Chat,Agent Nadia,2024-01-29 10:49:00,2024-01-31 04:30:39,2024-01-31 12:10:06,41.69,49.35,Yes,2,Negative,Student needs help with enrollment issue.
1788,SFS2025788,Zoe Allen,student1788@sfsacademy.edu,Exam & Assessment,Medium,Closed,Email,Agent Sara,2024-10-25 08:00:00,2024-10-25 11:12:38,2024-10-25 23:39:00,3.21,15.65,No,4,Positive,Student needs help with exam & assessment issue.
1789,SFS2025789,Grace Hall,student1789@sfsacademy.edu,Course Access,Medium,Closed,Email,Agent Mike,2024-01-07 08:51:00,2024-01-08 03:52:05,2024-01-08 12:56:10,19.02,28.09,Yes,1,Negative,Student needs help with course access issue.
1790,SFS2025790,Iris Garcia,student1790@sfsacademy.edu,Course Access,Low,Closed,Chat,Agent Nadia,2025-02-20 14:36:00,2025-02-20 23:14:19,2025-02-21 11:38:02,8.64,21.03,No,5,Positive,Student needs help with course access issue.
1791,SFS2025791,Paul Smith,student1791@sfsacademy.edu,General Inquiry,Medium,Open,Portal,Agent John,2024-12-29 12:47:00,2024-12-30 04:46:04,,15.98,,No,,Neutral,Student needs help with general inquiry issue.
1792,SFS2025792,Frank Martinez,student1792@sfsacademy.edu,Payment & Billing,Low,Open,Phone,Agent Mike,2024-08-20 12:19:00,2024-08-21 05:33:16,,17.24,,No,,Neutral,Student needs help with payment & billing issue.
1793,SFS2025793,Xander Smith,student1793@sfsacademy.edu,Payment & Billing,Medium,Open,Phone,Agent Mike,2024-03-14 09:41:00,2024-03-15 07:33:32,,21.88,,No,,Neutral,Student needs help with payment & billing issue.
1794,SFS2025794,Uma Martinez,student1794@sfsacademy.edu,General Inquiry,High,Closed,Chat,Agent Priya,2024-10-25 12:19:00,2024-10-25 18:25:53,2024-10-25 22:33:18,6.11,10.24,Yes,1,Negative,Student needs help with general inquiry issue.
1795,SFS2025795,Eve Harris,student1795@sfsacademy.edu,Course Access,Critical,Closed,Phone,Agent Ravi,2024-06-10 09:14:00,2024-06-10 11:06:06,2024-06-10 12:10:26,1.87,2.94,Yes,3,Neutral,Student needs help with course access issue.
1796,SFS2025796,Karen Hall,student1796@sfsacademy.edu,Technical Issue,Medium,Open,Email,Agent Priya,2024-06-25 13:37:00,2024-06-25 17:07:29,,3.51,,No,,Neutral,Student needs help with technical issue issue.
1797,SFS2025797,Diana Walker,student1797@sfsacademy.edu,Account & Login,High,Closed,Chat,Agent Lisa,2024-10-24 09:10:00,2024-10-24 11:59:23,2024-10-24 21:19:47,2.82,12.16,Yes,3,Neutral,Student needs help with account & login issue.
1798,SFS2025798,Henry Lewis,student1798@sfsacademy.edu,Technical Issue,Low,Closed,Phone,Agent Sara,2024-12-11 14:08:00,2024-12-12 08:26:46,2024-12-13 10:02:02,18.31,43.9,No,4,Positive,Student needs help with technical issue issue.
1799,SFS2025799,Carol Clark,student1799@sfsacademy.edu,Course Access,Critical,In Progress,Chat,Agent Sara,2025-02-24 18:35:00,2025-02-24 19:38:14,,1.05,,No,,Neutral,Student needs help with course access issue.
1800,SFS2025800,Henry Harris,student1800@sfsacademy.edu,Enrollment,Medium,Pending Student Response,Portal,Agent Nadia,2024-06-02 08:03:00,2024-06-03 08:08:27,,24.09,,No,,Negative,Student needs help with enrollment issue.
1801,SFS2025801,Iris Clark,student1801@sfsacademy.edu,Technical Issue,Medium,Closed,Email,Agent Priya,2024-10-03 12:32:00,2024-10-03 19:22:21,2024-10-05 17:44:57,6.84,53.22,Yes,2,Negative,Student needs help with technical issue issue.
1802,SFS2025802,Bella Smith,student1802@sfsacademy.edu,Payment & Billing,High,Open,Chat,Agent Mike,2024-04-05 10:45:00,2024-04-05 17:29:43,,6.75,,No,,Neutral,Student needs help with payment & billing issue.
1803,SFS2025803,Henry Martin,student1803@sfsacademy.edu,Technical Issue,High,Pending Student Response,Email,Agent Sara,2024-07-02 13:00:00,2024-07-02 13:39:55,,0.67,,No,,Negative,Student needs help with technical issue issue.
1804,SFS2025804,Mia Smith,student1804@sfsacademy.edu,Technical Issue,Low,Open,Email,Agent Sara,2025-01-15 14:29:00,2025-01-15 21:54:38,,7.43,,No,,Neutral,Student needs help with technical issue issue.
1805,SFS2025805,Aiden Allen,student1805@sfsacademy.edu,Payment & Billing,High,Closed,Portal,Agent Mike,2024-01-12 17:54:00,2024-01-13 00:38:17,2024-01-13 04:39:40,6.74,10.76,Yes,2,Negative,Student needs help with payment & billing issue.
1806,SFS2025806,Aiden Brown,student1806@sfsacademy.edu,Technical Issue,Medium,Closed,Email,Agent Nadia,2024-12-10 16:49:00,2024-12-11 08:38:56,2024-12-12 20:06:09,15.83,51.29,Yes,2,Negative,Student needs help with technical issue issue.
1807,SFS2025807,Quinn Harris,student1807@sfsacademy.edu,Technical Issue,Critical,Closed,Email,Agent Sara,2024-10-07 14:30:00,2024-10-07 16:45:02,2024-10-07 20:11:54,2.25,5.7,Yes,3,Neutral,Student needs help with technical issue issue.
1808,SFS2025808,Karen Brown,student1808@sfsacademy.edu,Enrollment,Medium,Pending Student Response,Email,Agent Ravi,2024-12-16 11:15:00,2024-12-17 14:03:24,,26.81,,No,,Neutral,Student needs help with enrollment issue.
1809,SFS2025809,Zoe Smith,student1809@sfsacademy.edu,Exam & Assessment,Medium,Closed,Phone,Agent Priya,2024-12-05 17:35:00,2024-12-05 22:19:50,2024-12-06 00:11:04,4.75,6.6,No,5,Positive,Student needs help with exam & assessment issue.
1810,SFS2025810,Tina Harris,student1810@sfsacademy.edu,Account & Login,Medium,Closed,Email,Agent Nadia,2024-02-05 13:13:00,2024-02-06 02:21:07,2024-02-06 20:58:47,13.14,31.76,Yes,2,Negative,Student needs help with account & login issue.
1811,SFS2025811,Bob Hall,student1811@sfsacademy.edu,Account & Login,High,Pending Student Response,Portal,Agent Ravi,2024-05-25 17:56:00,2024-05-26 00:56:59,,7.02,,No,,Neutral,Student needs help with account & login issue.
1812,SFS2025812,Quinn Lewis,student1812@sfsacademy.edu,Payment & Billing,Medium,Open,Portal,Agent John,2024-03-11 12:56:00,2024-03-12 15:29:15,,26.55,,No,,Neutral,Student needs help with payment & billing issue.
1813,SFS2025813,Paul Harris,student1813@sfsacademy.edu,Payment & Billing,Low,Pending Student Response,Phone,Agent Sara,2024-11-01 12:00:00,2024-11-02 17:05:43,,29.1,,No,,Neutral,Student needs help with payment & billing issue.
1814,SFS2025814,Olivia Smith,student1814@sfsacademy.edu,Exam & Assessment,Low,Closed,Chat,Agent Mike,2024-12-18 13:57:00,2024-12-19 08:14:26,2024-12-23 03:35:20,18.29,109.64,Yes,1,Negative,Student needs help with exam & assessment issue.
1815,SFS2025815,Carol Thomas,student1815@sfsacademy.edu,Payment & Billing,Low,Open,Email,Agent Tom,2024-01-05 12:05:00,2024-01-06 19:55:42,,31.85,,No,,Negative,Student needs help with payment & billing issue.
1816,SFS2025816,Henry Johnson,student1816@sfsacademy.edu,Account & Login,Medium,Open,Email,Agent John,2025-02-06 18:20:00,2025-02-06 20:33:17,,2.22,,No,,Neutral,Student needs help with account & login issue.
1817,SFS2025817,Xander Thomas,student1817@sfsacademy.edu,Enrollment,Low,Open,Chat,Agent Priya,2024-05-15 14:26:00,2024-05-15 19:52:55,,5.45,,No,,Neutral,Student needs help with enrollment issue.
1818,SFS2025818,Uma Harris,student1818@sfsacademy.edu,Account & Login,High,In Progress,Phone,Agent John,2024-04-12 10:36:00,2024-04-12 11:54:54,,1.32,,No,,Neutral,Student needs help with account & login issue.
1819,SFS2025819,Jack Thomas,student1819@sfsacademy.edu,Exam & Assessment,Medium,Closed,Phone,Agent Mike,2024-09-29 13:00:00,2024-09-29 22:19:52,2024-10-01 09:25:31,9.33,44.43,Yes,3,Neutral,Student needs help with exam & assessment issue.
1820,SFS2025820,Karen White,student1820@sfsacademy.edu,Library Access,Critical,Pending Student Response,Email,Agent Nadia,2024-03-14 15:26:00,2024-03-14 16:08:12,,0.7,,No,,Neutral,Student needs help with library access issue.
1821,SFS2025821,Henry Martinez,student1821@sfsacademy.edu,Enrollment,High,Pending Student Response,Chat,Agent Lisa,2024-01-04 13:31:00,2024-01-04 21:42:33,,8.19,,No,,Negative,Student needs help with enrollment issue.
1822,SFS2025822,Olivia Thomas,student1822@sfsacademy.edu,Payment & Billing,Medium,Closed,Phone,Agent Priya,2024-10-12 14:05:00,2024-10-13 12:00:09,2024-10-15 00:13:36,21.92,58.14,Yes,1,Negative,Student needs help with payment & billing issue.
1823,SFS2025823,Iris Brown,student1823@sfsacademy.edu,Account & Login,Medium,Pending Student Response,Chat,Agent Tom,2024-07-20 15:00:00,2024-07-21 18:27:41,,27.46,,No,,Neutral,Student needs help with account & login issue.
1824,SFS2025824,Victor Thomas,student1824@sfsacademy.edu,General Inquiry,Critical,Pending Student Response,Phone,Agent Lisa,2024-11-14 15:56:00,2024-11-14 17:19:57,,1.4,,No,,Neutral,Student needs help with general inquiry issue.
1825,SFS2025825,Jack Anderson,student1825@sfsacademy.edu,Account & Login,Low,Open,Phone,Agent John,2024-10-23 08:40:00,2024-10-24 13:45:03,,29.08,,No,,Negative,Student needs help with account & login issue.
1826,SFS2025826,Rose Anderson,student1826@sfsacademy.edu,Library Access,High,Pending Student Response,Phone,Agent Sara,2024-03-05 11:20:00,2024-03-05 18:26:25,,7.11,,No,,Negative,Student needs help with library access issue.
1827,SFS2025827,Mia Harris,student1827@sfsacademy.edu,Library Access,Medium,Closed,Portal,Agent Tom,2024-02-26 10:05:00,2024-02-26 20:41:02,2024-02-28 00:42:04,10.6,38.62,Yes,1,Negative,Student needs help with library access issue.
1828,SFS2025828,Quinn Anderson,student1828@sfsacademy.edu,Course Access,High,Pending Student Response,Portal,Agent Ravi,2025-02-14 12:41:00,2025-02-14 18:09:29,,5.47,,No,,Neutral,Student needs help with course access issue.
1829,SFS2025829,Bella Walker,student1829@sfsacademy.edu,Library Access,High,Closed,Phone,Agent Mike,2024-08-25 11:00:00,2024-08-25 17:39:44,2024-08-26 06:29:47,6.66,19.5,Yes,2,Negative,Student needs help with library access issue.
1830,SFS2025830,Bella Taylor,student1830@sfsacademy.edu,Account & Login,Low,Closed,Chat,Agent Sara,2025-02-16 10:46:00,2025-02-17 10:24:02,2025-02-20 21:41:13,23.63,106.92,Yes,1,Negative,Student needs help with account & login issue.
1831,SFS2025831,Carol Thomas,student1831@sfsacademy.edu,Exam & Assessment,Low,Open,Portal,Agent Lisa,2025-02-22 09:02:00,2025-02-23 23:01:12,,37.99,,No,,Negative,Student needs help with exam & assessment issue.
1832,SFS2025832,Wendy Walker,student1832@sfsacademy.edu,Account & Login,High,Open,Portal,Agent Sara,2024-05-06 08:07:00,2024-05-06 13:08:10,,5.02,,No,,Neutral,Student needs help with account & login issue.
1833,SFS2025833,Carol Brown,student1833@sfsacademy.edu,Enrollment,Low,Open,Chat,Agent John,2024-07-16 08:03:00,2024-07-17 15:59:53,,31.95,,No,,Neutral,Student needs help with enrollment issue.
1834,SFS2025834,Sam Lewis,student1834@sfsacademy.edu,General Inquiry,Critical,Closed,Portal,Agent John,2025-02-17 12:02:00,2025-02-17 12:44:11,2025-02-17 15:48:21,0.7,3.77,Yes,3,Neutral,Student needs help with general inquiry issue.
1835,SFS2025835,Victor Young,student1835@sfsacademy.edu,Course Access,Medium,Pending Student Response,Portal,Agent Nadia,2025-01-25 18:35:00,2025-01-26 16:36:25,,22.02,,No,,Negative,Student needs help with course access issue.
1836,SFS2025836,Uma Taylor,student1836@sfsacademy.edu,Library Access,Medium,Open,Phone,Agent Ravi,2025-01-19 08:46:00,2025-01-20 09:48:44,,25.05,,No,,Neutral,Student needs help with library access issue.
1837,SFS2025837,Bella Lewis,student1837@sfsacademy.edu,Payment & Billing,Medium,Closed,Email,Agent John,2024-02-09 11:28:00,2024-02-10 01:20:23,2024-02-10 10:09:49,13.87,22.7,No,4,Positive,Student needs help with payment & billing issue.
1838,SFS2025838,Rose Walker,student1838@sfsacademy.edu,Technical Issue,Low,Closed,Chat,Agent Mike,2024-09-24 08:30:00,2024-09-24 15:23:32,2024-09-26 07:51:54,6.89,47.37,No,4,Positive,Student needs help with technical issue issue.
1839,SFS2025839,Rose Jackson,student1839@sfsacademy.edu,Enrollment,Critical,Open,Phone,Agent Nadia,2024-02-26 17:30:00,2024-02-26 18:54:50,,1.41,,No,,Neutral,Student needs help with enrollment issue.
1840,SFS2025840,Xander Hall,student1840@sfsacademy.edu,Account & Login,Low,Closed,Email,Agent John,2024-09-05 13:53:00,2024-09-06 00:46:44,2024-09-07 05:01:28,10.9,39.14,No,3,Neutral,Student needs help with account & login issue.
1841,SFS2025841,Eve Jackson,student1841@sfsacademy.edu,Technical Issue,High,Closed,Phone,Agent Priya,2024-07-06 13:29:00,2024-07-06 20:04:20,2024-07-07 01:28:11,6.59,11.99,Yes,3,Neutral,Student needs help with technical issue issue.
1842,SFS2025842,Iris Robinson,student1842@sfsacademy.edu,Technical Issue,Critical,Open,Chat,Agent Nadia,2024-07-21 10:10:00,2024-07-21 11:42:52,,1.55,,No,,Negative,Student needs help with technical issue issue.
1843,SFS2025843,Diana Martinez,student1843@sfsacademy.edu,Exam & Assessment,Medium,Closed,Chat,Agent John,2024-12-07 15:01:00,2024-12-08 09:03:19,2024-12-08 15:37:11,18.04,24.6,Yes,2,Negative,Student needs help with exam & assessment issue.
1844,SFS2025844,Paul Smith,student1844@sfsacademy.edu,Account & Login,Medium,Pending Student Response,Portal,Agent Lisa,2024-12-22 10:05:00,2024-12-22 21:34:29,,11.49,,No,,Neutral,Student needs help with account & login issue.
1845,SFS2025845,Tina Hall,student1845@sfsacademy.edu,Library Access,Low,In Progress,Phone,Agent Priya,2024-04-21 11:23:00,2024-04-23 12:20:04,,48.95,,No,,Neutral,Student needs help with library access issue.
1846,SFS2025846,Xander Clark,student1846@sfsacademy.edu,Course Access,Low,Pending Student Response,Email,Agent Mike,2024-04-23 17:08:00,2024-04-23 18:13:00,,1.08,,No,,Neutral,Student needs help with course access issue.
1847,SFS2025847,Mia Lee,student1847@sfsacademy.edu,Technical Issue,Low,Pending Student Response,Email,Agent Priya,2024-11-03 09:52:00,2024-11-04 07:23:47,,21.53,,No,,Neutral,Student needs help with technical issue issue.
1848,SFS2025848,Diana Young,student1848@sfsacademy.edu,Account & Login,High,Closed,Chat,Agent Lisa,2025-01-03 13:48:00,2025-01-03 20:47:15,2025-01-04 01:27:48,6.99,11.66,Yes,2,Negative,Student needs help with account & login issue.
1849,SFS2025849,Diana Lee,student1849@sfsacademy.edu,Exam & Assessment,Medium,Open,Email,Agent Sara,2024-06-17 11:19:00,2024-06-18 12:44:01,,25.42,,No,,Negative,Student needs help with exam & assessment issue.
1850,SFS2025850,Yara Taylor,student1850@sfsacademy.edu,Account & Login,Critical,Closed,Phone,Agent John,2024-08-03 12:49:00,2024-08-03 14:12:51,2024-08-03 16:52:11,1.4,4.05,Yes,2,Negative,Student needs help with account & login issue.
1851,SFS2025851,Paul Walker,student1851@sfsacademy.edu,General Inquiry,Low,Closed,Email,Agent Tom,2024-03-11 16:49:00,2024-03-12 00:58:02,2024-03-14 10:14:00,8.15,65.42,Yes,3,Neutral,Student needs help with general inquiry issue.
1852,SFS2025852,Zoe Martin,student1852@sfsacademy.edu,Technical Issue,Low,Closed,Portal,Agent Ravi,2024-02-20 13:23:00,2024-02-21 02:50:59,2024-02-22 16:16:05,13.47,50.88,Yes,1,Negative,Student needs help with technical issue issue.
1853,SFS2025853,David Smith,student1853@sfsacademy.edu,General Inquiry,Low,Pending Student Response,Email,Agent Priya,2024-08-10 13:49:00,2024-08-11 10:45:51,,20.95,,No,,Negative,Student needs help with general inquiry issue.
1854,SFS2025854,Yara White,student1854@sfsacademy.edu,Exam & Assessment,High,Closed,Phone,Agent Nadia,2024-08-23 11:03:00,2024-08-23 18:25:03,2024-08-24 02:37:40,7.37,15.58,Yes,3,Neutral,Student needs help with exam & assessment issue.
1855,SFS2025855,Carlos Lewis,student1855@sfsacademy.edu,Exam & Assessment,Low,Open,Portal,Agent Lisa,2024-09-03 18:46:00,2024-09-05 01:32:02,,30.77,,No,,Neutral,Student needs help with exam & assessment issue.
1856,SFS2025856,Karen Harris,student1856@sfsacademy.edu,General Inquiry,Medium,Pending Student Response,Chat,Agent Priya,2024-05-31 09:53:00,2024-05-31 11:47:34,,1.91,,No,,Neutral,Student needs help with general inquiry issue.
1857,SFS2025857,Noah Clark,student1857@sfsacademy.edu,General Inquiry,Medium,In Progress,Phone,Agent Priya,2025-01-29 14:43:00,2025-01-30 19:25:57,,28.72,,No,,Negative,Student needs help with general inquiry issue.
1858,SFS2025858,Karen Jackson,student1858@sfsacademy.edu,Enrollment,Medium,Pending Student Response,Chat,Agent Priya,2024-05-08 10:00:00,2024-05-09 13:15:37,,27.26,,No,,Neutral,Student needs help with enrollment issue.
1859,SFS2025859,Aiden Lee,student1859@sfsacademy.edu,Payment & Billing,Medium,Closed,Portal,Agent Tom,2025-01-07 16:58:00,2025-01-07 23:37:58,2025-01-09 01:29:47,6.67,32.53,Yes,3,Neutral,Student needs help with payment & billing issue.
1860,SFS2025860,Yara White,student1860@sfsacademy.edu,Library Access,High,Closed,Portal,Agent Nadia,2024-11-06 08:26:00,2024-11-06 10:32:17,2024-11-06 21:56:49,2.1,13.51,Yes,3,Neutral,Student needs help with library access issue.
1861,SFS2025861,Karen Young,student1861@sfsacademy.edu,Payment & Billing,High,Closed,Portal,Agent Ravi,2024-05-12 08:22:00,2024-05-12 14:07:25,2024-05-13 02:15:24,5.76,17.89,Yes,3,Neutral,Student needs help with payment & billing issue.
1862,SFS2025862,Olivia Lee,student1862@sfsacademy.edu,Exam & Assessment,High,Closed,Chat,Agent Nadia,2024-08-18 14:16:00,2024-08-18 15:17:32,2024-08-18 23:23:51,1.03,9.13,Yes,2,Negative,Student needs help with exam & assessment issue.
1863,SFS2025863,Frank Lee,student1863@sfsacademy.edu,Course Access,Low,Closed,Portal,Agent Sara,2024-12-29 13:22:00,2024-12-31 13:19:36,2025-01-02 16:23:19,47.96,99.02,Yes,1,Negative,Student needs help with course access issue.
1864,SFS2025864,Paul Taylor,student1864@sfsacademy.edu,Enrollment,High,Closed,Email,Agent Priya,2024-04-17 14:47:00,2024-04-17 21:42:34,2024-04-18 01:20:27,6.93,10.56,Yes,2,Negative,Student needs help with enrollment issue.
1865,SFS2025865,Yara Martin,student1865@sfsacademy.edu,General Inquiry,Medium,Closed,Email,Agent Nadia,2024-02-24 09:53:00,2024-02-25 13:47:52,2024-02-25 19:48:30,27.91,33.93,Yes,1,Negative,Student needs help with general inquiry issue.
1866,SFS2025866,David Clark,student1866@sfsacademy.edu,Library Access,Medium,Open,Portal,Agent Nadia,2024-03-21 17:56:00,2024-03-21 19:20:59,,1.42,,No,,Neutral,Student needs help with library access issue.
1867,SFS2025867,David Harris,student1867@sfsacademy.edu,Payment & Billing,Medium,Pending Student Response,Portal,Agent Sara,2024-10-23 08:13:00,2024-10-24 05:51:11,,21.64,,No,,Neutral,Student needs help with payment & billing issue.
1868,SFS2025868,Olivia Smith,student1868@sfsacademy.edu,Technical Issue,Low,Pending Student Response,Email,Agent Nadia,2024-04-04 18:25:00,2024-04-06 20:29:58,,50.08,,No,,Negative,Student needs help with technical issue issue.
1869,SFS2025869,Frank Clark,student1869@sfsacademy.edu,Technical Issue,Critical,Closed,Email,Agent Tom,2024-04-20 09:25:00,2024-04-20 11:42:18,2024-04-20 13:34:43,2.29,4.16,Yes,1,Negative,Student needs help with technical issue issue.
1870,SFS2025870,Henry Hall,student1870@sfsacademy.edu,Enrollment,Critical,Closed,Chat,Agent John,2024-08-22 10:16:00,2024-08-22 11:04:13,2024-08-22 12:54:23,0.8,2.64,Yes,2,Negative,Student needs help with enrollment issue.
1871,SFS2025871,Tina Young,student1871@sfsacademy.edu,Account & Login,Critical,Open,Phone,Agent Tom,2024-01-03 16:14:00,2024-01-03 16:50:56,,0.62,,No,,Negative,Student needs help with account & login issue.
1872,SFS2025872,Rose Brown,student1872@sfsacademy.edu,Enrollment,Low,Closed,Chat,Agent Priya,2025-02-22 16:20:00,2025-02-24 08:50:38,2025-02-28 08:01:05,40.51,135.68,Yes,2,Negative,Student needs help with enrollment issue.
1873,SFS2025873,Olivia Robinson,student1873@sfsacademy.edu,Technical Issue,High,Closed,Chat,Agent Lisa,2024-03-22 17:07:00,2024-03-22 18:09:29,2024-03-23 07:36:53,1.04,14.5,Yes,3,Neutral,Student needs help with technical issue issue.
1874,SFS2025874,Tina Allen,student1874@sfsacademy.edu,Library Access,Low,Pending Student Response,Portal,Agent Tom,2024-11-26 13:52:00,2024-11-27 23:56:52,,34.08,,No,,Negative,Student needs help with library access issue.
1875,SFS2025875,Noah Smith,student1875@sfsacademy.edu,Account & Login,High,Closed,Email,Agent Lisa,2024-07-10 08:28:00,2024-07-10 12:46:36,2024-07-10 21:12:15,4.31,12.74,Yes,2,Negative,Student needs help with account & login issue.
1876,SFS2025876,Carlos Martinez,student1876@sfsacademy.edu,Course Access,Low,Pending Student Response,Email,Agent Priya,2024-03-27 08:34:00,2024-03-27 18:32:23,,9.97,,No,,Neutral,Student needs help with course access issue.
1877,SFS2025877,Grace White,student1877@sfsacademy.edu,Library Access,High,Closed,Email,Agent Lisa,2025-02-01 12:56:00,2025-02-01 18:45:17,2025-02-01 22:21:18,5.82,9.42,Yes,1,Negative,Student needs help with library access issue.
1878,SFS2025878,Leo Johnson,student1878@sfsacademy.edu,Course Access,Critical,Closed,Portal,Agent Sara,2024-04-15 10:00:00,2024-04-15 12:02:17,2024-04-15 15:45:20,2.04,5.76,Yes,3,Neutral,Student needs help with course access issue.
1879,SFS2025879,Sam Walker,student1879@sfsacademy.edu,Library Access,High,In Progress,Email,Agent Tom,2024-02-28 17:56:00,2024-02-28 20:29:24,,2.56,,No,,Negative,Student needs help with library access issue.
1880,SFS2025880,Mia Thomas,student1880@sfsacademy.edu,Enrollment,Medium,Closed,Portal,Agent Mike,2025-02-20 16:51:00,2025-02-20 22:48:17,2025-02-21 07:25:41,5.95,14.58,No,5,Positive,Student needs help with enrollment issue.
1881,SFS2025881,Iris Brown,student1881@sfsacademy.edu,Exam & Assessment,Low,Closed,Email,Agent Mike,2024-10-30 14:08:00,2024-10-30 21:50:47,2024-11-03 18:36:31,7.71,100.48,Yes,1,Negative,Student needs help with exam & assessment issue.
1882,SFS2025882,Paul Robinson,student1882@sfsacademy.edu,Account & Login,Medium,Closed,Portal,Agent Tom,2024-03-23 17:03:00,2024-03-24 20:28:26,2024-03-25 03:00:55,27.42,33.97,Yes,1,Negative,Student needs help with account & login issue.
1883,SFS2025883,Bella Harris,student1883@sfsacademy.edu,Library Access,Medium,Closed,Email,Agent Priya,2024-04-11 09:30:00,2024-04-12 11:39:05,2024-04-13 06:41:46,26.15,45.2,Yes,2,Negative,Student needs help with library access issue.
1884,SFS2025884,Paul Martinez,student1884@sfsacademy.edu,Course Access,Low,Closed,Portal,Agent Priya,2024-11-24 09:36:00,2024-11-25 08:41:03,2024-11-25 16:54:20,23.08,31.31,No,4,Positive,Student needs help with course access issue.
1885,SFS2025885,Iris Robinson,student1885@sfsacademy.edu,Library Access,Critical,Pending Student Response,Phone,Agent Ravi,2024-04-28 14:08:00,2024-04-28 14:55:13,,0.79,,No,,Negative,Student needs help with library access issue.
1886,SFS2025886,Xander Hall,student1886@sfsacademy.edu,Course Access,Low,Closed,Portal,Agent Ravi,2024-02-22 10:44:00,2024-02-22 12:44:37,2024-02-24 19:59:47,2.01,57.26,Yes,1,Negative,Student needs help with course access issue.
1887,SFS2025887,Bella Garcia,student1887@sfsacademy.edu,Payment & Billing,Low,Open,Email,Agent John,2024-05-17 13:55:00,2024-05-18 10:37:13,,20.7,,No,,Neutral,Student needs help with payment & billing issue.
1888,SFS2025888,Bella Lewis,student1888@sfsacademy.edu,Payment & Billing,Low,Closed,Email,Agent John,2024-06-30 08:20:00,2024-07-01 01:56:07,2024-07-03 18:13:24,17.6,81.89,Yes,1,Negative,Student needs help with payment & billing issue.
1889,SFS2025889,Rose White,student1889@sfsacademy.edu,Payment & Billing,Medium,Closed,Phone,Agent Tom,2024-09-05 17:29:00,2024-09-06 18:19:13,2024-09-07 02:31:36,24.84,33.04,Yes,1,Negative,Student needs help with payment & billing issue.
1890,SFS2025890,Noah Lee,student1890@sfsacademy.edu,Course Access,High,Closed,Email,Agent Priya,2024-12-28 12:40:00,2024-12-28 15:55:10,2024-12-29 01:03:37,3.25,12.39,Yes,2,Negative,Student needs help with course access issue.
1891,SFS2025891,Bella Young,student1891@sfsacademy.edu,Enrollment,Medium,In Progress,Chat,Agent Priya,2024-11-20 14:53:00,2024-11-21 01:24:35,,10.53,,No,,Negative,Student needs help with enrollment issue.
1892,SFS2025892,Zoe Martinez,student1892@sfsacademy.edu,Library Access,Medium,Closed,Phone,Agent Nadia,2024-01-30 10:21:00,2024-01-30 12:28:20,2024-01-31 13:54:05,2.12,27.55,Yes,2,Negative,Student needs help with library access issue.
1893,SFS2025893,Eve Robinson,student1893@sfsacademy.edu,Payment & Billing,Low,Pending Student Response,Chat,Agent Tom,2025-01-11 16:33:00,2025-01-13 09:37:31,,41.08,,No,,Negative,Student needs help with payment & billing issue.
1894,SFS2025894,Uma Garcia,student1894@sfsacademy.edu,General Inquiry,High,Closed,Portal,Agent Priya,2025-02-07 10:01:00,2025-02-07 13:48:52,2025-02-08 04:40:27,3.8,18.66,Yes,3,Neutral,Student needs help with general inquiry issue.
1895,SFS2025895,Frank Martinez,student1895@sfsacademy.edu,Payment & Billing,High,Closed,Portal,Agent Priya,2025-01-12 13:05:00,2025-01-12 21:29:47,2025-01-12 22:37:32,8.41,9.54,Yes,1,Negative,Student needs help with payment & billing issue.
1896,SFS2025896,Sam Harris,student1896@sfsacademy.edu,Library Access,Medium,Open,Portal,Agent Ravi,2025-01-08 18:59:00,2025-01-09 11:07:05,,16.13,,No,,Neutral,Student needs help with library access issue.
1897,SFS2025897,Tina Smith,student1897@sfsacademy.edu,Payment & Billing,Low,In Progress,Phone,Agent Mike,2024-04-02 18:00:00,2024-04-02 23:28:42,,5.48,,No,,Neutral,Student needs help with payment & billing issue.
1898,SFS2025898,Aiden Garcia,student1898@sfsacademy.edu,Payment & Billing,High,Closed,Email,Agent Ravi,2025-02-07 08:38:00,2025-02-07 10:21:22,2025-02-07 17:20:01,1.72,8.7,Yes,1,Negative,Student needs help with payment & billing issue.
1899,SFS2025899,Wendy White,student1899@sfsacademy.edu,Course Access,Medium,Open,Phone,Agent Ravi,2025-02-27 08:37:00,2025-02-28 03:25:37,,18.81,,No,,Neutral,Student needs help with course access issue.
1900,SFS2025900,Eve Thomas,student1900@sfsacademy.edu,Enrollment,High,Open,Phone,Agent Mike,2024-11-10 09:03:00,2024-11-10 16:29:36,,7.44,,No,,Neutral,Student needs help with enrollment issue.
1901,SFS2025901,Olivia Lee,student1901@sfsacademy.edu,Account & Login,Low,Closed,Email,Agent Sara,2024-06-01 15:05:00,2024-06-02 15:33:28,2024-06-02 18:34:42,24.47,27.5,No,4,Positive,Student needs help with account & login issue.
1902,SFS2025902,Grace Walker,student1902@sfsacademy.edu,Account & Login,Medium,Closed,Chat,Agent Sara,2024-12-03 08:20:00,2024-12-04 12:26:35,2024-12-06 06:20:51,28.11,70.01,Yes,2,Negative,Student needs help with account & login issue.
1903,SFS2025903,Victor Anderson,student1903@sfsacademy.edu,General Inquiry,Low,Closed,Portal,Agent Priya,2024-12-31 13:00:00,2025-01-01 04:59:44,2025-01-01 14:33:29,16.0,25.56,No,5,Positive,Student needs help with general inquiry issue.
1904,SFS2025904,Jack Brown,student1904@sfsacademy.edu,Enrollment,Low,Pending Student Response,Email,Agent Nadia,2024-04-24 18:07:00,2024-04-24 19:19:35,,1.21,,No,,Negative,Student needs help with enrollment issue.
1905,SFS2025905,David Jackson,student1905@sfsacademy.edu,Account & Login,Critical,Pending Student Response,Phone,Agent Tom,2024-08-10 12:08:00,2024-08-10 14:20:35,,2.21,,No,,Negative,Student needs help with account & login issue.
1906,SFS2025906,Noah Jackson,student1906@sfsacademy.edu,Exam & Assessment,Medium,Pending Student Response,Chat,Agent Ravi,2024-08-23 10:29:00,2024-08-24 12:17:30,,25.81,,No,,Neutral,Student needs help with exam & assessment issue.
1907,SFS2025907,David Walker,student1907@sfsacademy.edu,Technical Issue,Low,Closed,Chat,Agent Lisa,2025-02-08 12:38:00,2025-02-10 11:19:07,2025-02-12 09:17:24,46.69,92.66,Yes,3,Neutral,Student needs help with technical issue issue.
1908,SFS2025908,Bob Thomas,student1908@sfsacademy.edu,General Inquiry,Critical,Pending Student Response,Portal,Agent Mike,2024-10-08 15:01:00,2024-10-08 16:05:10,,1.07,,No,,Neutral,Student needs help with general inquiry issue.
1909,SFS2025909,Karen Jackson,student1909@sfsacademy.edu,Library Access,Medium,Closed,Chat,Agent John,2024-05-26 16:14:00,2024-05-26 21:29:38,2024-05-27 11:07:16,5.26,18.89,No,4,Positive,Student needs help with library access issue.
1910,SFS2025910,Henry Robinson,student1910@sfsacademy.edu,Technical Issue,Low,Closed,Phone,Agent Priya,2024-09-13 14:36:00,2024-09-15 17:00:49,2024-09-18 19:25:16,50.41,124.82,Yes,2,Negative,Student needs help with technical issue issue.
1911,SFS2025911,Carol Smith,student1911@sfsacademy.edu,General Inquiry,Medium,Open,Portal,Agent Priya,2025-01-24 10:26:00,2025-01-25 01:31:41,,15.09,,No,,Negative,Student needs help with general inquiry issue.
1912,SFS2025912,Xander Harris,student1912@sfsacademy.edu,Exam & Assessment,Low,Pending Student Response,Phone,Agent Ravi,2024-01-02 17:21:00,2024-01-03 03:48:25,,10.46,,No,,Negative,Student needs help with exam & assessment issue.
1913,SFS2025913,Victor Clark,student1913@sfsacademy.edu,Technical Issue,Medium,Open,Chat,Agent Mike,2024-04-30 13:49:00,2024-05-01 05:25:06,,15.6,,No,,Negative,Student needs help with technical issue issue.
1914,SFS2025914,Iris Jackson,student1914@sfsacademy.edu,Course Access,High,Closed,Portal,Agent Lisa,2024-01-26 12:31:00,2024-01-26 17:09:45,2024-01-27 08:30:19,4.65,19.99,Yes,2,Negative,Student needs help with course access issue.
1915,SFS2025915,Bella Lewis,student1915@sfsacademy.edu,General Inquiry,High,Open,Chat,Agent Tom,2024-08-22 08:25:00,2024-08-22 11:14:59,,2.83,,No,,Negative,Student needs help with general inquiry issue.
1916,SFS2025916,Quinn Young,student1916@sfsacademy.edu,Course Access,Medium,Closed,Phone,Agent Tom,2024-03-08 18:56:00,2024-03-09 20:24:05,2024-03-10 01:29:47,25.47,30.56,Yes,2,Negative,Student needs help with course access issue.
1917,SFS2025917,Olivia Hall,student1917@sfsacademy.edu,Payment & Billing,Low,Closed,Email,Agent John,2024-10-19 08:03:00,2024-10-21 04:55:14,2024-10-22 11:11:13,44.87,75.14,Yes,1,Negative,Student needs help with payment & billing issue.
1918,SFS2025918,Iris Clark,student1918@sfsacademy.edu,Account & Login,Critical,Closed,Phone,Agent Sara,2024-07-16 08:18:00,2024-07-16 10:30:32,2024-07-16 12:11:33,2.21,3.89,Yes,1,Negative,Student needs help with account & login issue.
1919,SFS2025919,Carlos Taylor,student1919@sfsacademy.edu,General Inquiry,Low,Closed,Email,Agent Mike,2024-10-30 16:15:00,2024-11-01 15:25:29,2024-11-03 13:10:12,47.17,92.92,Yes,3,Neutral,Student needs help with general inquiry issue.
1920,SFS2025920,Uma Walker,student1920@sfsacademy.edu,General Inquiry,High,Closed,Email,Agent Lisa,2024-10-07 10:11:00,2024-10-07 16:16:24,2024-10-08 04:50:23,6.09,18.66,Yes,2,Negative,Student needs help with general inquiry issue.
1921,SFS2025921,Victor Thomas,student1921@sfsacademy.edu,Technical Issue,Medium,Closed,Chat,Agent Nadia,2024-08-08 13:13:00,2024-08-09 10:58:55,2024-08-10 14:53:46,21.77,49.68,Yes,1,Negative,Student needs help with technical issue issue.
1922,SFS2025922,Zoe Garcia,student1922@sfsacademy.edu,General Inquiry,Medium,Pending Student Response,Email,Agent Nadia,2024-12-22 16:44:00,2024-12-23 14:13:43,,21.5,,No,,Negative,Student needs help with general inquiry issue.
1923,SFS2025923,Yara Brown,student1923@sfsacademy.edu,Course Access,Medium,Open,Email,Agent Ravi,2024-01-12 18:40:00,2024-01-13 02:35:29,,7.92,,No,,Negative,Student needs help with course access issue.
1924,SFS2025924,Mia Thomas,student1924@sfsacademy.edu,Account & Login,High,Open,Portal,Agent Mike,2024-10-06 14:43:00,2024-10-06 22:51:03,,8.13,,No,,Neutral,Student needs help with account & login issue.
1925,SFS2025925,Karen Jackson,student1925@sfsacademy.edu,Payment & Billing,High,Closed,Portal,Agent John,2024-10-22 18:57:00,2024-10-22 23:54:50,2024-10-23 09:20:30,4.96,14.39,Yes,2,Negative,Student needs help with payment & billing issue.
1926,SFS2025926,Mia Allen,student1926@sfsacademy.edu,Technical Issue,Low,Pending Student Response,Phone,Agent Nadia,2025-01-30 11:29:00,2025-01-31 22:51:24,,35.37,,No,,Neutral,Student needs help with technical issue issue.
1927,SFS2025927,Tina Smith,student1927@sfsacademy.edu,Enrollment,Low,Closed,Portal,Agent John,2024-05-29 10:01:00,2024-05-31 17:11:52,2024-06-01 22:56:03,55.18,84.92,Yes,3,Neutral,Student needs help with enrollment issue.
1928,SFS2025928,Karen Hall,student1928@sfsacademy.edu,Account & Login,High,Closed,Email,Agent Ravi,2024-02-27 12:22:00,2024-02-27 21:54:39,2024-02-28 07:53:35,9.54,19.53,Yes,1,Negative,Student needs help with account & login issue.
1929,SFS2025929,Victor White,student1929@sfsacademy.edu,Payment & Billing,Medium,In Progress,Portal,Agent Lisa,2024-08-12 11:00:00,2024-08-13 03:23:16,,16.39,,No,,Negative,Student needs help with payment & billing issue.
1930,SFS2025930,Mia Robinson,student1930@sfsacademy.edu,Course Access,Low,Pending Student Response,Email,Agent Ravi,2025-02-19 08:44:00,2025-02-20 08:53:20,,24.16,,No,,Neutral,Student needs help with course access issue.
1931,SFS2025931,Carlos Allen,student1931@sfsacademy.edu,Technical Issue,Low,Open,Chat,Agent John,2024-11-24 12:42:00,2024-11-26 02:20:35,,37.64,,No,,Negative,Student needs help with technical issue issue.
1932,SFS2025932,Paul Johnson,student1932@sfsacademy.edu,Course Access,Critical,Closed,Email,Agent Tom,2025-01-05 18:09:00,2025-01-05 19:01:46,2025-01-05 21:22:32,0.88,3.23,Yes,1,Negative,Student needs help with course access issue.
1933,SFS2025933,Quinn Brown,student1933@sfsacademy.edu,Technical Issue,Medium,Open,Email,Agent Mike,2024-11-02 10:26:00,2024-11-03 01:27:22,,15.02,,No,,Neutral,Student needs help with technical issue issue.
1934,SFS2025934,Yara Smith,student1934@sfsacademy.edu,Account & Login,Low,Open,Phone,Agent Priya,2024-08-20 10:25:00,2024-08-22 10:28:35,,48.06,,No,,Negative,Student needs help with account & login issue.
1935,SFS2025935,Alice Clark,student1935@sfsacademy.edu,Exam & Assessment,Low,Closed,Chat,Agent Priya,2024-12-04 08:29:00,2024-12-05 21:01:59,2024-12-06 06:28:14,36.55,45.99,No,4,Positive,Student needs help with exam & assessment issue.
1936,SFS2025936,Mia Anderson,student1936@sfsacademy.edu,Account & Login,High,Pending Student Response,Portal,Agent John,2024-10-30 18:07:00,2024-10-31 01:53:41,,7.78,,No,,Negative,Student needs help with account & login issue.
1937,SFS2025937,Diana Clark,student1937@sfsacademy.edu,Enrollment,Medium,Pending Student Response,Chat,Agent John,2024-01-08 16:02:00,2024-01-08 18:08:28,,2.11,,No,,Neutral,Student needs help with enrollment issue.
1938,SFS2025938,Quinn Lee,student1938@sfsacademy.edu,Enrollment,High,Closed,Chat,Agent Tom,2024-04-09 18:57:00,2024-04-10 01:11:05,2024-04-10 04:56:35,6.23,9.99,Yes,1,Negative,Student needs help with enrollment issue.
1939,SFS2025939,Grace Clark,student1939@sfsacademy.edu,Payment & Billing,Low,Pending Student Response,Portal,Agent Lisa,2024-01-04 09:11:00,2024-01-05 23:14:02,,38.05,,No,,Negative,Student needs help with payment & billing issue.
1940,SFS2025940,Rose Harris,student1940@sfsacademy.edu,Enrollment,Low,In Progress,Phone,Agent Ravi,2024-11-01 08:37:00,2024-11-01 23:18:51,,14.7,,No,,Neutral,Student needs help with enrollment issue.
1941,SFS2025941,Alice Anderson,student1941@sfsacademy.edu,Technical Issue,High,In Progress,Chat,Agent Mike,2024-10-18 15:25:00,2024-10-18 21:49:22,,6.41,,No,,Negative,Student needs help with technical issue issue.
1942,SFS2025942,Iris Walker,student1942@sfsacademy.edu,Library Access,Medium,Open,Phone,Agent Sara,2025-01-21 12:15:00,2025-01-21 22:47:33,,10.54,,No,,Negative,Student needs help with library access issue.
1943,SFS2025943,Iris Walker,student1943@sfsacademy.edu,Exam & Assessment,Medium,Closed,Email,Agent Lisa,2025-01-20 09:44:00,2025-01-21 13:42:35,2025-01-23 07:46:25,27.98,70.04,Yes,3,Neutral,Student needs help with exam & assessment issue.
1944,SFS2025944,Wendy Robinson,student1944@sfsacademy.edu,General Inquiry,Medium,Pending Student Response,Portal,Agent Ravi,2024-10-06 10:07:00,2024-10-07 01:16:10,,15.15,,No,,Negative,Student needs help with general inquiry issue.
1945,SFS2025945,Quinn Clark,student1945@sfsacademy.edu,Technical Issue,Critical,Closed,Chat,Agent Nadia,2024-07-29 10:12:00,2024-07-29 12:13:58,2024-07-29 15:02:45,2.03,4.85,Yes,2,Negative,Student needs help with technical issue issue.
1946,SFS2025946,Quinn Robinson,student1946@sfsacademy.edu,General Inquiry,Low,Closed,Portal,Agent Priya,2024-05-25 17:04:00,2024-05-27 12:18:20,2024-05-31 07:40:50,43.24,134.61,Yes,1,Negative,Student needs help with general inquiry issue.
1947,SFS2025947,Diana Allen,student1947@sfsacademy.edu,Account & Login,Medium,Open,Chat,Agent Nadia,2024-04-04 10:26:00,2024-04-04 12:59:23,,2.56,,No,,Negative,Student needs help with account & login issue.
1948,SFS2025948,Mia Hall,student1948@sfsacademy.edu,Payment & Billing,Low,Closed,Portal,Agent Mike,2024-10-25 14:11:00,2024-10-26 08:59:25,2024-10-28 14:30:39,18.81,72.33,Yes,2,Negative,Student needs help with payment & billing issue.
1949,SFS2025949,Bob Walker,student1949@sfsacademy.edu,Exam & Assessment,Medium,Closed,Email,Agent Nadia,2024-09-20 15:45:00,2024-09-21 00:46:16,2024-09-21 13:22:59,9.02,21.63,No,4,Positive,Student needs help with exam & assessment issue.
1950,SFS2025950,Eve Robinson,student1950@sfsacademy.edu,Exam & Assessment,Medium,Closed,Portal,Agent Mike,2025-02-17 12:57:00,2025-02-18 17:04:19,2025-02-19 22:14:53,28.12,57.3,Yes,1,Negative,Student needs help with exam & assessment issue.
1951,SFS2025951,Carol Martin,student1951@sfsacademy.edu,Technical Issue,High,Closed,Chat,Agent Ravi,2024-01-06 08:00:00,2024-01-06 09:50:08,2024-01-06 20:05:23,1.84,12.09,Yes,3,Neutral,Student needs help with technical issue issue.
1952,SFS2025952,Grace Walker,student1952@sfsacademy.edu,Library Access,Low,Open,Portal,Agent John,2025-01-14 18:42:00,2025-01-15 12:21:34,,17.66,,No,,Neutral,Student needs help with library access issue.
1953,SFS2025953,Uma Garcia,student1953@sfsacademy.edu,General Inquiry,Medium,In Progress,Email,Agent Priya,2025-02-19 17:31:00,2025-02-20 10:45:15,,17.24,,No,,Negative,Student needs help with general inquiry issue.
1954,SFS2025954,Bob Walker,student1954@sfsacademy.edu,Payment & Billing,Low,Pending Student Response,Email,Agent Lisa,2024-12-09 14:19:00,2024-12-10 09:37:53,,19.31,,No,,Neutral,Student needs help with payment & billing issue.
1955,SFS2025955,Tina Harris,student1955@sfsacademy.edu,General Inquiry,High,Open,Chat,Agent Nadia,2024-04-03 11:21:00,2024-04-03 17:23:18,,6.04,,No,,Neutral,Student needs help with general inquiry issue.
1956,SFS2025956,Carol Lee,student1956@sfsacademy.edu,Technical Issue,Low,In Progress,Chat,Agent Tom,2024-10-13 17:25:00,2024-10-15 00:24:18,,30.99,,No,,Neutral,Student needs help with technical issue issue.
1957,SFS2025957,Sam Garcia,student1957@sfsacademy.edu,Account & Login,Medium,Open,Email,Agent Nadia,2024-12-03 13:15:00,2024-12-04 16:15:05,,27.0,,No,,Negative,Student needs help with account & login issue.
1958,SFS2025958,Paul Harris,student1958@sfsacademy.edu,Library Access,High,In Progress,Phone,Agent Sara,2024-09-02 10:48:00,2024-09-02 13:33:21,,2.76,,No,,Negative,Student needs help with library access issue.
1959,SFS2025959,Alice Johnson,student1959@sfsacademy.edu,Enrollment,Low,Open,Phone,Agent Ravi,2024-03-02 10:20:00,2024-03-04 11:23:32,,49.06,,No,,Neutral,Student needs help with enrollment issue.
1960,SFS2025960,Yara Allen,student1960@sfsacademy.edu,General Inquiry,Low,Open,Email,Agent Tom,2024-09-11 15:31:00,2024-09-12 04:54:26,,13.39,,No,,Neutral,Student needs help with general inquiry issue.
1961,SFS2025961,Grace Lewis,student1961@sfsacademy.edu,Exam & Assessment,Critical,Open,Portal,Agent John,2025-01-25 18:11:00,2025-01-25 19:39:46,,1.48,,No,,Neutral,Student needs help with exam & assessment issue.
1962,SFS2025962,Yara Harris,student1962@sfsacademy.edu,Library Access,High,Pending Student Response,Chat,Agent Lisa,2024-01-21 11:19:00,2024-01-21 14:25:29,,3.11,,No,,Neutral,Student needs help with library access issue.
1963,SFS2025963,Diana Smith,student1963@sfsacademy.edu,Account & Login,Medium,In Progress,Portal,Agent Priya,2024-09-09 14:01:00,2024-09-09 23:26:13,,9.42,,No,,Neutral,Student needs help with account & login issue.
1964,SFS2025964,Carol Lee,student1964@sfsacademy.edu,Course Access,Medium,Pending Student Response,Email,Agent Ravi,2024-12-20 15:26:00,2024-12-21 19:35:43,,28.16,,No,,Negative,Student needs help with course access issue.
1965,SFS2025965,Tina Brown,student1965@sfsacademy.edu,Exam & Assessment,Low,Closed,Phone,Agent John,2024-12-21 11:42:00,2024-12-22 08:16:50,2024-12-23 03:34:34,20.58,39.88,No,4,Positive,Student needs help with exam & assessment issue.
1966,SFS2025966,Zoe Young,student1966@sfsacademy.edu,Course Access,Low,Closed,Phone,Agent John,2024-10-12 13:32:00,2024-10-14 17:08:56,2024-10-16 13:04:43,51.62,95.55,Yes,1,Negative,Student needs help with course access issue.
1967,SFS2025967,Sam White,student1967@sfsacademy.edu,Account & Login,Low,Closed,Chat,Agent Sara,2024-07-19 18:23:00,2024-07-21 17:46:37,2024-07-21 19:01:58,47.39,48.65,Yes,1,Negative,Student needs help with account & login issue.
1968,SFS2025968,Tina Hall,student1968@sfsacademy.edu,Course Access,Medium,Pending Student Response,Email,Agent Lisa,2025-02-28 08:45:00,2025-03-01 13:23:35,,28.64,,No,,Neutral,Student needs help with course access issue.
1969,SFS2025969,Henry Walker,student1969@sfsacademy.edu,Enrollment,High,Open,Chat,Agent Nadia,2024-03-17 10:05:00,2024-03-17 17:34:50,,7.5,,No,,Neutral,Student needs help with enrollment issue.
1970,SFS2025970,Frank Young,student1970@sfsacademy.edu,Technical Issue,Medium,In Progress,Email,Agent Ravi,2024-07-09 16:35:00,2024-07-09 21:22:20,,4.79,,No,,Negative,Student needs help with technical issue issue.
1971,SFS2025971,Grace Johnson,student1971@sfsacademy.edu,Account & Login,Critical,Closed,Portal,Agent Mike,2024-12-23 13:05:00,2024-12-23 14:57:21,2024-12-23 16:59:00,1.87,3.9,Yes,2,Negative,Student needs help with account & login issue.
1972,SFS2025972,Bob Young,student1972@sfsacademy.edu,Technical Issue,Low,Pending Student Response,Chat,Agent Nadia,2024-04-07 17:29:00,2024-04-07 20:24:50,,2.93,,No,,Negative,Student needs help with technical issue issue.
1973,SFS2025973,Eve Robinson,student1973@sfsacademy.edu,Course Access,High,Closed,Portal,Agent Lisa,2024-03-27 08:43:00,2024-03-27 09:56:03,2024-03-27 13:55:46,1.22,5.21,No,5,Positive,Student needs help with course access issue.
1974,SFS2025974,David Taylor,student1974@sfsacademy.edu,Exam & Assessment,Medium,Closed,Phone,Agent Sara,2024-07-12 09:06:00,2024-07-12 14:12:47,2024-07-13 09:58:55,5.11,24.88,Yes,1,Negative,Student needs help with exam & assessment issue.
1975,SFS2025975,Victor Smith,student1975@sfsacademy.edu,Payment & Billing,Low,In Progress,Email,Agent Priya,2024-10-31 18:25:00,2024-11-01 12:49:11,,18.4,,No,,Negative,Student needs help with payment & billing issue.
1976,SFS2025976,Yara Brown,student1976@sfsacademy.edu,General Inquiry,Medium,Closed,Portal,Agent Sara,2024-08-31 15:17:00,2024-09-01 17:46:40,2024-09-03 12:51:41,26.49,69.58,Yes,1,Negative,Student needs help with general inquiry issue.
1977,SFS2025977,Noah Anderson,student1977@sfsacademy.edu,Exam & Assessment,Low,Closed,Phone,Agent Mike,2024-05-28 14:47:00,2024-05-29 15:20:06,2024-06-01 19:38:20,24.55,100.86,Yes,3,Neutral,Student needs help with exam & assessment issue.
1978,SFS2025978,Eve Robinson,student1978@sfsacademy.edu,Account & Login,Medium,Pending Student Response,Phone,Agent Sara,2024-07-27 10:15:00,2024-07-27 17:19:05,,7.07,,No,,Neutral,Student needs help with account & login issue.
1979,SFS2025979,Diana Johnson,student1979@sfsacademy.edu,General Inquiry,Low,Closed,Portal,Agent Sara,2024-02-07 16:19:00,2024-02-09 20:35:51,2024-02-11 22:42:24,52.28,102.39,Yes,1,Negative,Student needs help with general inquiry issue.
1980,SFS2025980,Uma Clark,student1980@sfsacademy.edu,Technical Issue,Medium,Closed,Email,Agent Tom,2024-07-20 11:02:00,2024-07-20 15:11:29,2024-07-21 17:08:38,4.16,30.11,Yes,2,Negative,Student needs help with technical issue issue.
1981,SFS2025981,Zoe White,student1981@sfsacademy.edu,Enrollment,Medium,Open,Email,Agent Sara,2024-05-16 08:39:00,2024-05-17 13:07:21,,28.47,,No,,Neutral,Student needs help with enrollment issue.
1982,SFS2025982,Yara Martinez,student1982@sfsacademy.edu,Library Access,Medium,Open,Portal,Agent Tom,2024-11-23 08:09:00,2024-11-24 04:08:10,,19.99,,No,,Negative,Student needs help with library access issue.
1983,SFS2025983,Bob Anderson,student1983@sfsacademy.edu,Course Access,Medium,Closed,Chat,Agent Priya,2024-10-18 15:44:00,2024-10-18 17:24:44,2024-10-19 23:42:23,1.68,31.97,Yes,2,Negative,Student needs help with course access issue.
1984,SFS2025984,Eve Johnson,student1984@sfsacademy.edu,Library Access,High,Closed,Phone,Agent Tom,2024-08-25 13:58:00,2024-08-25 21:50:58,2024-08-26 13:34:18,7.88,23.61,Yes,2,Negative,Student needs help with library access issue.
1985,SFS2025985,Rose Taylor,student1985@sfsacademy.edu,Library Access,Medium,Closed,Portal,Agent Tom,2024-06-12 12:47:00,2024-06-13 03:49:25,2024-06-13 10:40:06,15.04,21.89,No,3,Neutral,Student needs help with library access issue.
1986,SFS2025986,Bella Thomas,student1986@sfsacademy.edu,Enrollment,Medium,Closed,Phone,Agent Lisa,2025-01-02 16:38:00,2025-01-03 14:42:01,2025-01-04 10:24:46,22.07,41.78,Yes,2,Negative,Student needs help with enrollment issue.
1987,SFS2025987,Zoe Clark,student1987@sfsacademy.edu,General Inquiry,Low,Closed,Phone,Agent Sara,2024-11-01 18:23:00,2024-11-03 10:49:10,2024-11-04 23:54:32,40.44,77.53,Yes,1,Negative,Student needs help with general inquiry issue.
1988,SFS2025988,Noah Robinson,student1988@sfsacademy.edu,Technical Issue,Low,Closed,Email,Agent Ravi,2024-02-22 14:53:00,2024-02-23 08:18:14,2024-02-26 19:21:17,17.42,100.47,Yes,1,Negative,Student needs help with technical issue issue.
1989,SFS2025989,Victor Smith,student1989@sfsacademy.edu,Exam & Assessment,Medium,In Progress,Email,Agent Tom,2024-01-09 10:12:00,2024-01-09 12:42:34,,2.51,,No,,Neutral,Student needs help with exam & assessment issue.
1990,SFS2025990,Quinn Lewis,student1990@sfsacademy.edu,Course Access,Medium,Closed,Chat,Agent Nadia,2024-02-04 15:14:00,2024-02-05 14:37:37,2024-02-06 06:28:50,23.39,39.25,Yes,1,Negative,Student needs help with course access issue.
1991,SFS2025991,Bob Robinson,student1991@sfsacademy.edu,Course Access,Low,Closed,Portal,Agent Mike,2024-10-19 08:23:00,2024-10-20 18:36:50,2024-10-22 00:50:06,34.23,64.45,Yes,2,Negative,Student needs help with course access issue.
1992,SFS2025992,Sam Brown,student1992@sfsacademy.edu,General Inquiry,Low,Pending Student Response,Phone,Agent Sara,2024-05-15 13:13:00,2024-05-17 06:58:54,,41.77,,No,,Neutral,Student needs help with general inquiry issue.
1993,SFS2025993,Karen Robinson,student1993@sfsacademy.edu,Account & Login,Medium,Closed,Phone,Agent Nadia,2025-01-23 18:59:00,2025-01-24 19:28:14,2025-01-25 15:29:15,24.49,44.5,Yes,1,Negative,Student needs help with account & login issue.
1994,SFS2025994,Olivia Johnson,student1994@sfsacademy.edu,General Inquiry,Low,Closed,Chat,Agent Lisa,2024-03-04 16:15:00,2024-03-05 15:21:39,2024-03-09 11:04:16,23.11,114.82,Yes,2,Negative,Student needs help with general inquiry issue.
1995,SFS2025995,Sam Thomas,student1995@sfsacademy.edu,General Inquiry,Critical,Closed,Phone,Agent John,2025-01-30 10:15:00,2025-01-30 11:12:51,2025-01-30 12:13:56,0.96,1.98,No,5,Positive,Student needs help with general inquiry issue.
1996,SFS2025996,Zoe Anderson,student1996@sfsacademy.edu,Enrollment,Medium,Closed,Portal,Agent Mike,2024-03-24 08:38:00,2024-03-25 04:39:57,2024-03-26 10:02:24,20.03,49.41,Yes,2,Negative,Student needs help with enrollment issue.
1997,SFS2025997,Zoe Lewis,student1997@sfsacademy.edu,Payment & Billing,Medium,Closed,Phone,Agent Priya,2024-04-17 17:55:00,2024-04-18 01:12:38,2024-04-18 09:54:44,7.29,16.0,No,4,Positive,Student needs help with payment & billing issue.
1998,SFS2025998,Henry Hall,student1998@sfsacademy.edu,Payment & Billing,Medium,Open,Chat,Agent Ravi,2024-07-11 17:55:00,2024-07-12 20:24:31,,26.49,,No,,Neutral,Student needs help with payment & billing issue.
1999,SFS2025999,Tina Jackson,student1999@sfsacademy.edu,Payment & Billing,Low,Closed,Email,Agent Sara,2024-06-22 18:09:00,2024-06-23 09:00:10,2024-06-27 08:12:08,14.85,110.05,Yes,1,Negative,Student needs help with payment & billing issue.
2000,SFS2026000,Carlos Young,student2000@sfsacademy.edu,Library Access,Low,Open,Email,Agent Ravi,2024-04-26 10:33:00,2024-04-27 21:34:31,,35.03,,No,,Neutral,Student needs help with library access issue.
